no,feature1,feature2,corrcoef
0,original_firstorder_10Percentile.nrrd,original_firstorder_90Percentile.nrrd,0.99302075147523
1,original_firstorder_10Percentile.nrrd,original_firstorder_Energy.nrrd,0.9333011723741758
2,original_firstorder_10Percentile.nrrd,original_firstorder_Entropy.nrrd,0.9864783002663097
3,original_firstorder_10Percentile.nrrd,original_firstorder_InterquartileRange.nrrd,0.9402145076743896
4,original_firstorder_10Percentile.nrrd,original_firstorder_Kurtosis.nrrd,0.9356086905420796
5,original_firstorder_10Percentile.nrrd,original_firstorder_Maximum.nrrd,0.9904372127002389
6,original_firstorder_10Percentile.nrrd,original_firstorder_Mean.nrrd,0.9969580906244284
7,original_firstorder_10Percentile.nrrd,original_firstorder_MeanAbsoluteDeviation.nrrd,0.9517292407127563
8,original_firstorder_10Percentile.nrrd,original_firstorder_Median.nrrd,0.9956697299142402
9,original_firstorder_10Percentile.nrrd,original_firstorder_Minimum.nrrd,0.8503733090028466
10,original_firstorder_10Percentile.nrrd,original_firstorder_Range.nrrd,0.9557164976177482
11,original_firstorder_10Percentile.nrrd,original_firstorder_RobustMeanAbsoluteDeviation.nrrd,0.9438241693538946
12,original_firstorder_10Percentile.nrrd,original_firstorder_RootMeanSquared.nrrd,0.9963565447892241
13,original_firstorder_10Percentile.nrrd,original_firstorder_Skewness.nrrd,-0.256005489
14,original_firstorder_10Percentile.nrrd,original_firstorder_TotalEnergy.nrrd,0.9333011723741758
15,original_firstorder_10Percentile.nrrd,original_firstorder_Uniformity.nrrd,0.9464964597427918
16,original_firstorder_10Percentile.nrrd,original_firstorder_Variance.nrrd,0.8687164674349562
17,original_firstorder_10Percentile.nrrd,original_glcm_Autocorrelation.nrrd,0.9859852779980921
18,original_firstorder_10Percentile.nrrd,original_glcm_ClusterProminence.nrrd,0.6649128832942801
19,original_firstorder_10Percentile.nrrd,original_glcm_ClusterShade.nrrd,-0.178709981
20,original_firstorder_10Percentile.nrrd,original_glcm_ClusterTendency.nrrd,0.8494299439611988
21,original_firstorder_10Percentile.nrrd,original_glcm_Contrast.nrrd,0.8602593395122196
22,original_firstorder_10Percentile.nrrd,original_glcm_Correlation.nrrd,0.9737555607939976
23,original_firstorder_10Percentile.nrrd,original_glcm_DifferenceAverage.nrrd,0.9483931753761077
24,original_firstorder_10Percentile.nrrd,original_glcm_DifferenceEntropy.nrrd,0.9830132953209225
25,original_firstorder_10Percentile.nrrd,original_glcm_DifferenceVariance.nrrd,0.8489836737523834
26,original_firstorder_10Percentile.nrrd,original_glcm_Id.nrrd,0.9764579281209742
27,original_firstorder_10Percentile.nrrd,original_glcm_Idm.nrrd,0.9615193039434634
28,original_firstorder_10Percentile.nrrd,original_glcm_Idmn.nrrd,0.9891653209232854
29,original_firstorder_10Percentile.nrrd,original_glcm_Idn.nrrd,0.9892266578778515
30,original_firstorder_10Percentile.nrrd,original_glcm_Imc1.nrrd,-0.965084998
31,original_firstorder_10Percentile.nrrd,original_glcm_Imc2.nrrd,0.9880368830487521
32,original_firstorder_10Percentile.nrrd,original_glcm_InverseVariance.nrrd,0.9614189420422492
33,original_firstorder_10Percentile.nrrd,original_glcm_JointAverage.nrrd,0.9969452634888922
34,original_firstorder_10Percentile.nrrd,original_glcm_JointEnergy.nrrd,0.7900776603164833
35,original_firstorder_10Percentile.nrrd,original_glcm_JointEntropy.nrrd,0.9876146479195158
36,original_firstorder_10Percentile.nrrd,original_glcm_MaximumProbability.nrrd,0.8672250458032489
37,original_firstorder_10Percentile.nrrd,original_glcm_MCC.nrrd,0.9845791289908656
38,original_firstorder_10Percentile.nrrd,original_glcm_SumAverage.nrrd,0.9969452634888923
39,original_firstorder_10Percentile.nrrd,original_glcm_SumEntropy.nrrd,0.9869838706132125
40,original_firstorder_10Percentile.nrrd,original_glcm_SumSquares.nrrd,0.8593610153435313
41,original_firstorder_10Percentile.nrrd,original_gldm_DependenceEntropy.nrrd,0.9891442878809481
42,original_firstorder_10Percentile.nrrd,original_gldm_DependenceNonUniformity.nrrd,0.9356031471596159
43,original_firstorder_10Percentile.nrrd,original_gldm_DependenceNonUniformityNormalized.nrrd,0.9723724317407811
44,original_firstorder_10Percentile.nrrd,original_gldm_DependenceVariance.nrrd,0.9325033144812201
45,original_firstorder_10Percentile.nrrd,original_gldm_GrayLevelNonUniformity.nrrd,0.9572251124352761
46,original_firstorder_10Percentile.nrrd,original_gldm_GrayLevelVariance.nrrd,0.8688880770725946
47,original_firstorder_10Percentile.nrrd,original_gldm_HighGrayLevelEmphasis.nrrd,0.9856998086633081
48,original_firstorder_10Percentile.nrrd,original_gldm_LargeDependenceEmphasis.nrrd,0.950492947135798
49,original_firstorder_10Percentile.nrrd,original_gldm_LargeDependenceHighGrayLevelEmphasis.nrrd,0.969186154043388
50,original_firstorder_10Percentile.nrrd,original_gldm_LargeDependenceLowGrayLevelEmphasis.nrrd,0.8640353059803593
51,original_firstorder_10Percentile.nrrd,original_gldm_LowGrayLevelEmphasis.nrrd,0.7224004321725052
52,original_firstorder_10Percentile.nrrd,original_gldm_SmallDependenceEmphasis.nrrd,0.9749771333563695
53,original_firstorder_10Percentile.nrrd,original_gldm_SmallDependenceHighGrayLevelEmphasis.nrrd,0.9634361034549771
54,original_firstorder_10Percentile.nrrd,original_gldm_SmallDependenceLowGrayLevelEmphasis.nrrd,0.5846331833928646
55,original_firstorder_10Percentile.nrrd,original_glrlm_GrayLevelNonUniformity.nrrd,0.9594207539040929
56,original_firstorder_10Percentile.nrrd,original_glrlm_GrayLevelNonUniformityNormalized.nrrd,0.9477417811883984
57,original_firstorder_10Percentile.nrrd,original_glrlm_GrayLevelVariance.nrrd,0.8704282715936505
58,original_firstorder_10Percentile.nrrd,original_glrlm_HighGrayLevelRunEmphasis.nrrd,0.9858409874998375
59,original_firstorder_10Percentile.nrrd,original_glrlm_LongRunEmphasis.nrrd,0.9889524064686854
60,original_firstorder_10Percentile.nrrd,original_glrlm_LongRunHighGrayLevelEmphasis.nrrd,0.9882137134847296
61,original_firstorder_10Percentile.nrrd,original_glrlm_LongRunLowGrayLevelEmphasis.nrrd,0.7407197244070822
62,original_firstorder_10Percentile.nrrd,original_glrlm_LowGrayLevelRunEmphasis.nrrd,0.7168913072739838
63,original_firstorder_10Percentile.nrrd,original_glrlm_RunEntropy.nrrd,0.9873424633345307
64,original_firstorder_10Percentile.nrrd,original_glrlm_RunLengthNonUniformity.nrrd,0.9592613837656307
65,original_firstorder_10Percentile.nrrd,original_glrlm_RunLengthNonUniformityNormalized.nrrd,0.9885141793884851
66,original_firstorder_10Percentile.nrrd,original_glrlm_RunPercentage.nrrd,0.9888516083352026
67,original_firstorder_10Percentile.nrrd,original_glrlm_RunVariance.nrrd,0.9517945676777189
68,original_firstorder_10Percentile.nrrd,original_glrlm_ShortRunEmphasis.nrrd,0.9889191209466441
69,original_firstorder_10Percentile.nrrd,original_glrlm_ShortRunHighGrayLevelEmphasis.nrrd,0.9850860179245831
70,original_firstorder_10Percentile.nrrd,original_glrlm_ShortRunLowGrayLevelEmphasis.nrrd,0.7105470312134956
71,original_firstorder_10Percentile.nrrd,original_glszm_GrayLevelNonUniformity.nrrd,0.9660509687941315
72,original_firstorder_10Percentile.nrrd,original_glszm_GrayLevelNonUniformityNormalized.nrrd,0.9552978961393467
73,original_firstorder_10Percentile.nrrd,original_glszm_GrayLevelVariance.nrrd,0.8878141483604438
74,original_firstorder_10Percentile.nrrd,original_glszm_HighGrayLevelZoneEmphasis.nrrd,0.9871617810157504
75,original_firstorder_10Percentile.nrrd,original_glszm_LargeAreaEmphasis.nrrd,0.7779852742153073
76,original_firstorder_10Percentile.nrrd,original_glszm_LargeAreaHighGrayLevelEmphasis.nrrd,0.8092180614272254
77,original_firstorder_10Percentile.nrrd,original_glszm_LargeAreaLowGrayLevelEmphasis.nrrd,0.7431529508876348
78,original_firstorder_10Percentile.nrrd,original_glszm_LowGrayLevelZoneEmphasis.nrrd,0.6462208724211662
79,original_firstorder_10Percentile.nrrd,original_glszm_SizeZoneNonUniformity.nrrd,0.9145471168540679
80,original_firstorder_10Percentile.nrrd,original_glszm_SizeZoneNonUniformityNormalized.nrrd,0.9800005735792341
81,original_firstorder_10Percentile.nrrd,original_glszm_SmallAreaEmphasis.nrrd,0.9863009643476276
82,original_firstorder_10Percentile.nrrd,original_glszm_SmallAreaHighGrayLevelEmphasis.nrrd,0.9803593916550736
83,original_firstorder_10Percentile.nrrd,original_glszm_SmallAreaLowGrayLevelEmphasis.nrrd,0.5834595943912106
84,original_firstorder_10Percentile.nrrd,original_glszm_ZoneEntropy.nrrd,0.9887897643624657
85,original_firstorder_10Percentile.nrrd,original_glszm_ZonePercentage.nrrd,0.976692622947649
86,original_firstorder_10Percentile.nrrd,original_glszm_ZoneVariance.nrrd,0.6406722275497052
87,original_firstorder_10Percentile.nrrd,original_ngtdm_Busyness.nrrd,0.9479858503452416
88,original_firstorder_10Percentile.nrrd,original_ngtdm_Coarseness.nrrd,0.8790765122321332
89,original_firstorder_10Percentile.nrrd,original_ngtdm_Complexity.nrrd,0.808712302435507
90,original_firstorder_10Percentile.nrrd,original_ngtdm_Contrast.nrrd,0.9167300988191368
91,original_firstorder_10Percentile.nrrd,original_ngtdm_Strength.nrrd,0.9073231405550047
92,original_firstorder_90Percentile.nrrd,original_firstorder_Energy.nrrd,0.9489564554907574
93,original_firstorder_90Percentile.nrrd,original_firstorder_Entropy.nrrd,0.9941501289780785
94,original_firstorder_90Percentile.nrrd,original_firstorder_InterquartileRange.nrrd,0.9697374747127483
95,original_firstorder_90Percentile.nrrd,original_firstorder_Kurtosis.nrrd,0.9276657866787649
96,original_firstorder_90Percentile.nrrd,original_firstorder_Maximum.nrrd,0.9965612227197461
97,original_firstorder_90Percentile.nrrd,original_firstorder_Mean.nrrd,0.9986603034657718
98,original_firstorder_90Percentile.nrrd,original_firstorder_MeanAbsoluteDeviation.nrrd,0.9807526567993553
99,original_firstorder_90Percentile.nrrd,original_firstorder_Median.nrrd,0.9977109965666924
100,original_firstorder_90Percentile.nrrd,original_firstorder_Minimum.nrrd,0.8147987395225992
101,original_firstorder_90Percentile.nrrd,original_firstorder_Range.nrrd,0.9747935582691948
102,original_firstorder_90Percentile.nrrd,original_firstorder_RobustMeanAbsoluteDeviation.nrrd,0.9736771623872287
103,original_firstorder_90Percentile.nrrd,original_firstorder_RootMeanSquared.nrrd,0.9989740002554593
104,original_firstorder_90Percentile.nrrd,original_firstorder_Skewness.nrrd,-0.275814003
105,original_firstorder_90Percentile.nrrd,original_firstorder_TotalEnergy.nrrd,0.9489564554907574
106,original_firstorder_90Percentile.nrrd,original_firstorder_Uniformity.nrrd,0.9200495438509889
107,original_firstorder_90Percentile.nrrd,original_firstorder_Variance.nrrd,0.9187881684380351
108,original_firstorder_90Percentile.nrrd,original_glcm_Autocorrelation.nrrd,0.9905086914498815
109,original_firstorder_90Percentile.nrrd,original_glcm_ClusterProminence.nrrd,0.7350925294524047
110,original_firstorder_90Percentile.nrrd,original_glcm_ClusterShade.nrrd,-0.217759394
111,original_firstorder_90Percentile.nrrd,original_glcm_ClusterTendency.nrrd,0.9022648382704151
112,original_firstorder_90Percentile.nrrd,original_glcm_Contrast.nrrd,0.9036384547943901
113,original_firstorder_90Percentile.nrrd,original_glcm_Correlation.nrrd,0.9803471436567625
114,original_firstorder_90Percentile.nrrd,original_glcm_DifferenceAverage.nrrd,0.9729843377097078
115,original_firstorder_90Percentile.nrrd,original_glcm_DifferenceEntropy.nrrd,0.9918723041910386
116,original_firstorder_90Percentile.nrrd,original_glcm_DifferenceVariance.nrrd,0.8919060680599035
117,original_firstorder_90Percentile.nrrd,original_glcm_Id.nrrd,0.9625754158006609
118,original_firstorder_90Percentile.nrrd,original_glcm_Idm.nrrd,0.9421690226639535
119,original_firstorder_90Percentile.nrrd,original_glcm_Idmn.nrrd,0.9891615346228182
120,original_firstorder_90Percentile.nrrd,original_glcm_Idn.nrrd,0.9882124011289196
121,original_firstorder_90Percentile.nrrd,original_glcm_Imc1.nrrd,-0.978866521
122,original_firstorder_90Percentile.nrrd,original_glcm_Imc2.nrrd,0.9909492142125936
123,original_firstorder_90Percentile.nrrd,original_glcm_InverseVariance.nrrd,0.9420239644500475
124,original_firstorder_90Percentile.nrrd,original_glcm_JointAverage.nrrd,0.9985329582887281
125,original_firstorder_90Percentile.nrrd,original_glcm_JointEnergy.nrrd,0.7535674720411498
126,original_firstorder_90Percentile.nrrd,original_glcm_JointEntropy.nrrd,0.9937310914641685
127,original_firstorder_90Percentile.nrrd,original_glcm_MaximumProbability.nrrd,0.8354954972052087
128,original_firstorder_90Percentile.nrrd,original_glcm_MCC.nrrd,0.9872774973644002
129,original_firstorder_90Percentile.nrrd,original_glcm_SumAverage.nrrd,0.9985329582887285
130,original_firstorder_90Percentile.nrrd,original_glcm_SumEntropy.nrrd,0.9942998485027793
131,original_firstorder_90Percentile.nrrd,original_glcm_SumSquares.nrrd,0.9107953254620819
132,original_firstorder_90Percentile.nrrd,original_gldm_DependenceEntropy.nrrd,0.9926367861757243
133,original_firstorder_90Percentile.nrrd,original_gldm_DependenceNonUniformity.nrrd,0.959072992558574
134,original_firstorder_90Percentile.nrrd,original_gldm_DependenceNonUniformityNormalized.nrrd,0.9865243956561351
135,original_firstorder_90Percentile.nrrd,original_gldm_DependenceVariance.nrrd,0.9108333080350027
136,original_firstorder_90Percentile.nrrd,original_gldm_GrayLevelNonUniformity.nrrd,0.9431697706656995
137,original_firstorder_90Percentile.nrrd,original_gldm_GrayLevelVariance.nrrd,0.9189252603474628
138,original_firstorder_90Percentile.nrrd,original_gldm_HighGrayLevelEmphasis.nrrd,0.9910568418894357
139,original_firstorder_90Percentile.nrrd,original_gldm_LargeDependenceEmphasis.nrrd,0.9299544227757076
140,original_firstorder_90Percentile.nrrd,original_gldm_LargeDependenceHighGrayLevelEmphasis.nrrd,0.9551493728780853
141,original_firstorder_90Percentile.nrrd,original_gldm_LargeDependenceLowGrayLevelEmphasis.nrrd,0.8581831931260405
142,original_firstorder_90Percentile.nrrd,original_gldm_LowGrayLevelEmphasis.nrrd,0.7519680404197226
143,original_firstorder_90Percentile.nrrd,original_gldm_SmallDependenceEmphasis.nrrd,0.9880214088731738
144,original_firstorder_90Percentile.nrrd,original_gldm_SmallDependenceHighGrayLevelEmphasis.nrrd,0.9795271483573109
145,original_firstorder_90Percentile.nrrd,original_gldm_SmallDependenceLowGrayLevelEmphasis.nrrd,0.6247763636800295
146,original_firstorder_90Percentile.nrrd,original_glrlm_GrayLevelNonUniformity.nrrd,0.946440562994092
147,original_firstorder_90Percentile.nrrd,original_glrlm_GrayLevelNonUniformityNormalized.nrrd,0.9215206420098185
148,original_firstorder_90Percentile.nrrd,original_glrlm_GrayLevelVariance.nrrd,0.9201250806817358
149,original_firstorder_90Percentile.nrrd,original_glrlm_HighGrayLevelRunEmphasis.nrrd,0.9911483584116666
150,original_firstorder_90Percentile.nrrd,original_glrlm_LongRunEmphasis.nrrd,0.9866633051247262
151,original_firstorder_90Percentile.nrrd,original_glrlm_LongRunHighGrayLevelEmphasis.nrrd,0.9911668814569884
152,original_firstorder_90Percentile.nrrd,original_glrlm_LongRunLowGrayLevelEmphasis.nrrd,0.7674844834167284
153,original_firstorder_90Percentile.nrrd,original_glrlm_LowGrayLevelRunEmphasis.nrrd,0.7466521701028408
154,original_firstorder_90Percentile.nrrd,original_glrlm_RunEntropy.nrrd,0.9939408116218985
155,original_firstorder_90Percentile.nrrd,original_glrlm_RunLengthNonUniformity.nrrd,0.9728034246429382
156,original_firstorder_90Percentile.nrrd,original_glrlm_RunLengthNonUniformityNormalized.nrrd,0.9905778963184648
157,original_firstorder_90Percentile.nrrd,original_glrlm_RunPercentage.nrrd,0.9901103342104304
158,original_firstorder_90Percentile.nrrd,original_glrlm_RunVariance.nrrd,0.9310025467825892
159,original_firstorder_90Percentile.nrrd,original_glrlm_ShortRunEmphasis.nrrd,0.9899608458433748
160,original_firstorder_90Percentile.nrrd,original_glrlm_ShortRunHighGrayLevelEmphasis.nrrd,0.9909874919988017
161,original_firstorder_90Percentile.nrrd,original_glrlm_ShortRunLowGrayLevelEmphasis.nrrd,0.7410270843737536
162,original_firstorder_90Percentile.nrrd,original_glszm_GrayLevelNonUniformity.nrrd,0.965917584300691
163,original_firstorder_90Percentile.nrrd,original_glszm_GrayLevelNonUniformityNormalized.nrrd,0.9312997579713641
164,original_firstorder_90Percentile.nrrd,original_glszm_GrayLevelVariance.nrrd,0.9325180339478413
165,original_firstorder_90Percentile.nrrd,original_glszm_HighGrayLevelZoneEmphasis.nrrd,0.9917872624020694
166,original_firstorder_90Percentile.nrrd,original_glszm_LargeAreaEmphasis.nrrd,0.7427469386707093
167,original_firstorder_90Percentile.nrrd,original_glszm_LargeAreaHighGrayLevelEmphasis.nrrd,0.77875944000849
168,original_firstorder_90Percentile.nrrd,original_glszm_LargeAreaLowGrayLevelEmphasis.nrrd,0.7200745929588251
169,original_firstorder_90Percentile.nrrd,original_glszm_LowGrayLevelZoneEmphasis.nrrd,0.6772991322677222
170,original_firstorder_90Percentile.nrrd,original_glszm_SizeZoneNonUniformity.nrrd,0.9437642146810626
171,original_firstorder_90Percentile.nrrd,original_glszm_SizeZoneNonUniformityNormalized.nrrd,0.9900988258451847
172,original_firstorder_90Percentile.nrrd,original_glszm_SmallAreaEmphasis.nrrd,0.9915509843933593
173,original_firstorder_90Percentile.nrrd,original_glszm_SmallAreaHighGrayLevelEmphasis.nrrd,0.9891640666603627
174,original_firstorder_90Percentile.nrrd,original_glszm_SmallAreaLowGrayLevelEmphasis.nrrd,0.6179570019982554
175,original_firstorder_90Percentile.nrrd,original_glszm_ZoneEntropy.nrrd,0.9924710892090797
176,original_firstorder_90Percentile.nrrd,original_glszm_ZonePercentage.nrrd,0.9886922072090765
177,original_firstorder_90Percentile.nrrd,original_glszm_ZoneVariance.nrrd,0.6011487478437679
178,original_firstorder_90Percentile.nrrd,original_ngtdm_Busyness.nrrd,0.9370182442588852
179,original_firstorder_90Percentile.nrrd,original_ngtdm_Coarseness.nrrd,0.8641757418831064
180,original_firstorder_90Percentile.nrrd,original_ngtdm_Complexity.nrrd,0.8583446606259866
181,original_firstorder_90Percentile.nrrd,original_ngtdm_Contrast.nrrd,0.952029692133317
182,original_firstorder_90Percentile.nrrd,original_ngtdm_Strength.nrrd,0.9357094633400443
183,original_firstorder_Energy.nrrd,original_firstorder_Entropy.nrrd,0.9214820619876788
184,original_firstorder_Energy.nrrd,original_firstorder_InterquartileRange.nrrd,0.94244588033403
185,original_firstorder_Energy.nrrd,original_firstorder_Kurtosis.nrrd,0.8344092071036662
186,original_firstorder_Energy.nrrd,original_firstorder_Maximum.nrrd,0.9421233846484581
187,original_firstorder_Energy.nrrd,original_firstorder_Mean.nrrd,0.9440267364808811
188,original_firstorder_Energy.nrrd,original_firstorder_MeanAbsoluteDeviation.nrrd,0.9460330638513011
189,original_firstorder_Energy.nrrd,original_firstorder_Median.nrrd,0.9431399994451262
190,original_firstorder_Energy.nrrd,original_firstorder_Minimum.nrrd,0.7267709141818888
191,original_firstorder_Energy.nrrd,original_firstorder_Range.nrrd,0.9355788225490098
192,original_firstorder_Energy.nrrd,original_firstorder_RobustMeanAbsoluteDeviation.nrrd,0.9450766085013479
193,original_firstorder_Energy.nrrd,original_firstorder_RootMeanSquared.nrrd,0.9447531384661546
194,original_firstorder_Energy.nrrd,original_firstorder_Skewness.nrrd,-0.25708298
195,original_firstorder_Energy.nrrd,original_firstorder_TotalEnergy.nrrd,1
196,original_firstorder_Energy.nrrd,original_firstorder_Uniformity.nrrd,0.7919421975437407
197,original_firstorder_Energy.nrrd,original_firstorder_Variance.nrrd,0.9232498846177825
198,original_firstorder_Energy.nrrd,original_glcm_Autocorrelation.nrrd,0.9690213805338219
199,original_firstorder_Energy.nrrd,original_glcm_ClusterProminence.nrrd,0.7863864012524672
200,original_firstorder_Energy.nrrd,original_glcm_ClusterShade.nrrd,-0.237346737
201,original_firstorder_Energy.nrrd,original_glcm_ClusterTendency.nrrd,0.9173230645099779
202,original_firstorder_Energy.nrrd,original_glcm_Contrast.nrrd,0.891830167711232
203,original_firstorder_Energy.nrrd,original_glcm_Correlation.nrrd,0.9055822302159695
204,original_firstorder_Energy.nrrd,original_glcm_DifferenceAverage.nrrd,0.9289931899330778
205,original_firstorder_Energy.nrrd,original_glcm_DifferenceEntropy.nrrd,0.9219659865080002
206,original_firstorder_Energy.nrrd,original_glcm_DifferenceVariance.nrrd,0.8801686283290713
207,original_firstorder_Energy.nrrd,original_glcm_Id.nrrd,0.8533902487059618
208,original_firstorder_Energy.nrrd,original_glcm_Idm.nrrd,0.8243469127482154
209,original_firstorder_Energy.nrrd,original_glcm_Idmn.nrrd,0.9028734523875568
210,original_firstorder_Energy.nrrd,original_glcm_Idn.nrrd,0.9002552035857434
211,original_firstorder_Energy.nrrd,original_glcm_Imc1.nrrd,-0.881584907
212,original_firstorder_Energy.nrrd,original_glcm_Imc2.nrrd,0.9053433677263215
213,original_firstorder_Energy.nrrd,original_glcm_InverseVariance.nrrd,0.8239174411045386
214,original_firstorder_Energy.nrrd,original_glcm_JointAverage.nrrd,0.9432855162745987
215,original_firstorder_Energy.nrrd,original_glcm_JointEnergy.nrrd,0.5942226250819869
216,original_firstorder_Energy.nrrd,original_glcm_JointEntropy.nrrd,0.9237150246007542
217,original_firstorder_Energy.nrrd,original_glcm_MaximumProbability.nrrd,0.6797369890108633
218,original_firstorder_Energy.nrrd,original_glcm_MCC.nrrd,0.8998183782574899
219,original_firstorder_Energy.nrrd,original_glcm_SumAverage.nrrd,0.9432855162745991
220,original_firstorder_Energy.nrrd,original_glcm_SumEntropy.nrrd,0.9218092426002112
221,original_firstorder_Energy.nrrd,original_glcm_SumSquares.nrrd,0.9206381369430846
222,original_firstorder_Energy.nrrd,original_gldm_DependenceEntropy.nrrd,0.915333720991681
223,original_firstorder_Energy.nrrd,original_gldm_DependenceNonUniformity.nrrd,0.9682490276262876
224,original_firstorder_Energy.nrrd,original_gldm_DependenceNonUniformityNormalized.nrrd,0.9198062717438554
225,original_firstorder_Energy.nrrd,original_gldm_DependenceVariance.nrrd,0.8001780620539609
226,original_firstorder_Energy.nrrd,original_gldm_GrayLevelNonUniformity.nrrd,0.8977826151924334
227,original_firstorder_Energy.nrrd,original_gldm_GrayLevelVariance.nrrd,0.9233782042827778
228,original_firstorder_Energy.nrrd,original_gldm_HighGrayLevelEmphasis.nrrd,0.9710509699718252
229,original_firstorder_Energy.nrrd,original_gldm_LargeDependenceEmphasis.nrrd,0.8187337244707209
230,original_firstorder_Energy.nrrd,original_gldm_LargeDependenceHighGrayLevelEmphasis.nrrd,0.9040901783367619
231,original_firstorder_Energy.nrrd,original_gldm_LargeDependenceLowGrayLevelEmphasis.nrrd,0.7046567132512118
232,original_firstorder_Energy.nrrd,original_gldm_LowGrayLevelEmphasis.nrrd,0.6319939893741605
233,original_firstorder_Energy.nrrd,original_gldm_SmallDependenceEmphasis.nrrd,0.9206674944141299
234,original_firstorder_Energy.nrrd,original_gldm_SmallDependenceHighGrayLevelEmphasis.nrrd,0.977555346958022
235,original_firstorder_Energy.nrrd,original_gldm_SmallDependenceLowGrayLevelEmphasis.nrrd,0.5295281646543392
236,original_firstorder_Energy.nrrd,original_glrlm_GrayLevelNonUniformity.nrrd,0.9023546800932283
237,original_firstorder_Energy.nrrd,original_glrlm_GrayLevelNonUniformityNormalized.nrrd,0.7935952401590817
238,original_firstorder_Energy.nrrd,original_glrlm_GrayLevelVariance.nrrd,0.9237552431681088
239,original_firstorder_Energy.nrrd,original_glrlm_HighGrayLevelRunEmphasis.nrrd,0.9710439476966527
240,original_firstorder_Energy.nrrd,original_glrlm_LongRunEmphasis.nrrd,0.8972049231706497
241,original_firstorder_Energy.nrrd,original_glrlm_LongRunHighGrayLevelEmphasis.nrrd,0.9670948532671017
242,original_firstorder_Energy.nrrd,original_glrlm_LongRunLowGrayLevelEmphasis.nrrd,0.6432829710304742
243,original_firstorder_Energy.nrrd,original_glrlm_LowGrayLevelRunEmphasis.nrrd,0.6273240137654148
244,original_firstorder_Energy.nrrd,original_glrlm_RunEntropy.nrrd,0.9199609151636124
245,original_firstorder_Energy.nrrd,original_glrlm_RunLengthNonUniformity.nrrd,0.969125386508656
246,original_firstorder_Energy.nrrd,original_glrlm_RunLengthNonUniformityNormalized.nrrd,0.9071911437306935
247,original_firstorder_Energy.nrrd,original_glrlm_RunPercentage.nrrd,0.9056193205573331
248,original_firstorder_Energy.nrrd,original_glrlm_RunVariance.nrrd,0.8185428816951168
249,original_firstorder_Energy.nrrd,original_glrlm_ShortRunEmphasis.nrrd,0.9051672596364886
250,original_firstorder_Energy.nrrd,original_glrlm_ShortRunHighGrayLevelEmphasis.nrrd,0.9718700069211887
251,original_firstorder_Energy.nrrd,original_glrlm_ShortRunLowGrayLevelEmphasis.nrrd,0.6229268413510908
252,original_firstorder_Energy.nrrd,original_glszm_GrayLevelNonUniformity.nrrd,0.9366396178661316
253,original_firstorder_Energy.nrrd,original_glszm_GrayLevelNonUniformityNormalized.nrrd,0.8036802754284359
254,original_firstorder_Energy.nrrd,original_glszm_GrayLevelVariance.nrrd,0.9256561529601063
255,original_firstorder_Energy.nrrd,original_glszm_HighGrayLevelZoneEmphasis.nrrd,0.9703201446112933
256,original_firstorder_Energy.nrrd,original_glszm_LargeAreaEmphasis.nrrd,0.6396964482932875
257,original_firstorder_Energy.nrrd,original_glszm_LargeAreaHighGrayLevelEmphasis.nrrd,0.7201425489877517
258,original_firstorder_Energy.nrrd,original_glszm_LargeAreaLowGrayLevelEmphasis.nrrd,0.5808333909458809
259,original_firstorder_Energy.nrrd,original_glszm_LowGrayLevelZoneEmphasis.nrrd,0.5667122627396359
260,original_firstorder_Energy.nrrd,original_glszm_SizeZoneNonUniformity.nrrd,0.9615198692337915
261,original_firstorder_Energy.nrrd,original_glszm_SizeZoneNonUniformityNormalized.nrrd,0.9195052345966502
262,original_firstorder_Energy.nrrd,original_glszm_SmallAreaEmphasis.nrrd,0.9134818870081802
263,original_firstorder_Energy.nrrd,original_glszm_SmallAreaHighGrayLevelEmphasis.nrrd,0.9757342331187868
264,original_firstorder_Energy.nrrd,original_glszm_SmallAreaLowGrayLevelEmphasis.nrrd,0.518825061703425
265,original_firstorder_Energy.nrrd,original_glszm_ZoneEntropy.nrrd,0.915782083007395
266,original_firstorder_Energy.nrrd,original_glszm_ZonePercentage.nrrd,0.9192029849283526
267,original_firstorder_Energy.nrrd,original_glszm_ZoneVariance.nrrd,0.5103133272896584
268,original_firstorder_Energy.nrrd,original_ngtdm_Busyness.nrrd,0.8582296971948792
269,original_firstorder_Energy.nrrd,original_ngtdm_Coarseness.nrrd,0.6961895535462224
270,original_firstorder_Energy.nrrd,original_ngtdm_Complexity.nrrd,0.8774204409965923
271,original_firstorder_Energy.nrrd,original_ngtdm_Contrast.nrrd,0.9062548096187837
272,original_firstorder_Energy.nrrd,original_ngtdm_Strength.nrrd,0.8634657623231755
273,original_firstorder_Entropy.nrrd,original_firstorder_InterquartileRange.nrrd,0.9610836212673965
274,original_firstorder_Entropy.nrrd,original_firstorder_Kurtosis.nrrd,0.94659180910068
275,original_firstorder_Entropy.nrrd,original_firstorder_Maximum.nrrd,0.9951770217576326
276,original_firstorder_Entropy.nrrd,original_firstorder_Mean.nrrd,0.9933461841900635
277,original_firstorder_Entropy.nrrd,original_firstorder_MeanAbsoluteDeviation.nrrd,0.9766908618252091
278,original_firstorder_Entropy.nrrd,original_firstorder_Median.nrrd,0.9933083805371776
279,original_firstorder_Entropy.nrrd,original_firstorder_Minimum.nrrd,0.7967538948153735
280,original_firstorder_Entropy.nrrd,original_firstorder_Range.nrrd,0.978893753642222
281,original_firstorder_Entropy.nrrd,original_firstorder_RobustMeanAbsoluteDeviation.nrrd,0.9655137038420792
282,original_firstorder_Entropy.nrrd,original_firstorder_RootMeanSquared.nrrd,0.9938104515424654
283,original_firstorder_Entropy.nrrd,original_firstorder_Skewness.nrrd,-0.305572094
284,original_firstorder_Entropy.nrrd,original_firstorder_TotalEnergy.nrrd,0.9214820619876789
285,original_firstorder_Entropy.nrrd,original_firstorder_Uniformity.nrrd,0.9342241102084964
286,original_firstorder_Entropy.nrrd,original_firstorder_Variance.nrrd,0.9080939605275625
287,original_firstorder_Entropy.nrrd,original_glcm_Autocorrelation.nrrd,0.9718771722184054
288,original_firstorder_Entropy.nrrd,original_glcm_ClusterProminence.nrrd,0.7173492413961683
289,original_firstorder_Entropy.nrrd,original_glcm_ClusterShade.nrrd,-0.234769964
290,original_firstorder_Entropy.nrrd,original_glcm_ClusterTendency.nrrd,0.8867810274130363
291,original_firstorder_Entropy.nrrd,original_glcm_Contrast.nrrd,0.9068769792656424
292,original_firstorder_Entropy.nrrd,original_glcm_Correlation.nrrd,0.979441826758306
293,original_firstorder_Entropy.nrrd,original_glcm_DifferenceAverage.nrrd,0.9781289435515906
294,original_firstorder_Entropy.nrrd,original_glcm_DifferenceEntropy.nrrd,0.9988627476256796
295,original_firstorder_Entropy.nrrd,original_glcm_DifferenceVariance.nrrd,0.8961896948130164
296,original_firstorder_Entropy.nrrd,original_glcm_Id.nrrd,0.9717414202078188
297,original_firstorder_Entropy.nrrd,original_glcm_Idm.nrrd,0.9516580312780731
298,original_firstorder_Entropy.nrrd,original_glcm_Idmn.nrrd,0.9970738618241415
299,original_firstorder_Entropy.nrrd,original_glcm_Idn.nrrd,0.9962341908751579
300,original_firstorder_Entropy.nrrd,original_glcm_Imc1.nrrd,-0.984813111
301,original_firstorder_Entropy.nrrd,original_glcm_Imc2.nrrd,0.9984166807508535
302,original_firstorder_Entropy.nrrd,original_glcm_InverseVariance.nrrd,0.951566767401709
303,original_firstorder_Entropy.nrrd,original_glcm_JointAverage.nrrd,0.9931769009510285
304,original_firstorder_Entropy.nrrd,original_glcm_JointEnergy.nrrd,0.765892862505969
305,original_firstorder_Entropy.nrrd,original_glcm_JointEntropy.nrrd,0.9996512294963121
306,original_firstorder_Entropy.nrrd,original_glcm_MaximumProbability.nrrd,0.8478513159645609
307,original_firstorder_Entropy.nrrd,original_glcm_MCC.nrrd,0.9929068344127252
308,original_firstorder_Entropy.nrrd,original_glcm_SumAverage.nrrd,0.9931769009510287
309,original_firstorder_Entropy.nrrd,original_glcm_SumEntropy.nrrd,0.9999297098636344
310,original_firstorder_Entropy.nrrd,original_glcm_SumSquares.nrrd,0.898900288328872
311,original_firstorder_Entropy.nrrd,original_gldm_DependenceEntropy.nrrd,0.9990052306682059
312,original_firstorder_Entropy.nrrd,original_gldm_DependenceNonUniformity.nrrd,0.9546887051929301
313,original_firstorder_Entropy.nrrd,original_gldm_DependenceNonUniformityNormalized.nrrd,0.9932994647925654
314,original_firstorder_Entropy.nrrd,original_gldm_DependenceVariance.nrrd,0.9180162503918081
315,original_firstorder_Entropy.nrrd,original_gldm_GrayLevelNonUniformity.nrrd,0.9492755548237526
316,original_firstorder_Entropy.nrrd,original_gldm_GrayLevelVariance.nrrd,0.9082331670290376
317,original_firstorder_Entropy.nrrd,original_gldm_HighGrayLevelEmphasis.nrrd,0.9726778144859022
318,original_firstorder_Entropy.nrrd,original_gldm_LargeDependenceEmphasis.nrrd,0.9382139761551879
319,original_firstorder_Entropy.nrrd,original_gldm_LargeDependenceHighGrayLevelEmphasis.nrrd,0.9398846587533982
320,original_firstorder_Entropy.nrrd,original_gldm_LargeDependenceLowGrayLevelEmphasis.nrrd,0.8928132690877246
321,original_firstorder_Entropy.nrrd,original_gldm_LowGrayLevelEmphasis.nrrd,0.7928142959815645
322,original_firstorder_Entropy.nrrd,original_gldm_SmallDependenceEmphasis.nrrd,0.9948897822173125
323,original_firstorder_Entropy.nrrd,original_gldm_SmallDependenceHighGrayLevelEmphasis.nrrd,0.9597648803045219
324,original_firstorder_Entropy.nrrd,original_gldm_SmallDependenceLowGrayLevelEmphasis.nrrd,0.6637582173115375
325,original_firstorder_Entropy.nrrd,original_glrlm_GrayLevelNonUniformity.nrrd,0.9525128868254248
326,original_firstorder_Entropy.nrrd,original_glrlm_GrayLevelNonUniformityNormalized.nrrd,0.9357358173834439
327,original_firstorder_Entropy.nrrd,original_glrlm_GrayLevelVariance.nrrd,0.9098363592095584
328,original_firstorder_Entropy.nrrd,original_glrlm_HighGrayLevelRunEmphasis.nrrd,0.9727796304919679
329,original_firstorder_Entropy.nrrd,original_glrlm_LongRunEmphasis.nrrd,0.9946891969050516
330,original_firstorder_Entropy.nrrd,original_glrlm_LongRunHighGrayLevelEmphasis.nrrd,0.9731385912284837
331,original_firstorder_Entropy.nrrd,original_glrlm_LongRunLowGrayLevelEmphasis.nrrd,0.8083293756068497
332,original_firstorder_Entropy.nrrd,original_glrlm_LowGrayLevelRunEmphasis.nrrd,0.7874988682028281
333,original_firstorder_Entropy.nrrd,original_glrlm_RunEntropy.nrrd,0.9999246079469646
334,original_firstorder_Entropy.nrrd,original_glrlm_RunLengthNonUniformity.nrrd,0.9698269965691095
335,original_firstorder_Entropy.nrrd,original_glrlm_RunLengthNonUniformityNormalized.nrrd,0.9983692312813959
336,original_firstorder_Entropy.nrrd,original_glrlm_RunPercentage.nrrd,0.9979409213748758
337,original_firstorder_Entropy.nrrd,original_glrlm_RunVariance.nrrd,0.9398669159793814
338,original_firstorder_Entropy.nrrd,original_glrlm_ShortRunEmphasis.nrrd,0.9978055525847168
339,original_firstorder_Entropy.nrrd,original_glrlm_ShortRunHighGrayLevelEmphasis.nrrd,0.9725411032795372
340,original_firstorder_Entropy.nrrd,original_glrlm_ShortRunLowGrayLevelEmphasis.nrrd,0.781864743328203
341,original_firstorder_Entropy.nrrd,original_glszm_GrayLevelNonUniformity.nrrd,0.9701803151617973
342,original_firstorder_Entropy.nrrd,original_glszm_GrayLevelNonUniformityNormalized.nrrd,0.9449854004798304
343,original_firstorder_Entropy.nrrd,original_glszm_GrayLevelVariance.nrrd,0.9274086325389771
344,original_firstorder_Entropy.nrrd,original_glszm_HighGrayLevelZoneEmphasis.nrrd,0.9735751462306259
345,original_firstorder_Entropy.nrrd,original_glszm_LargeAreaEmphasis.nrrd,0.7483823226911656
346,original_firstorder_Entropy.nrrd,original_glszm_LargeAreaHighGrayLevelEmphasis.nrrd,0.7674668559926927
347,original_firstorder_Entropy.nrrd,original_glszm_LargeAreaLowGrayLevelEmphasis.nrrd,0.7457570550854099
348,original_firstorder_Entropy.nrrd,original_glszm_LowGrayLevelZoneEmphasis.nrrd,0.7175981803732041
349,original_firstorder_Entropy.nrrd,original_glszm_SizeZoneNonUniformity.nrrd,0.938560386230875
350,original_firstorder_Entropy.nrrd,original_glszm_SizeZoneNonUniformityNormalized.nrrd,0.9969951972221954
351,original_firstorder_Entropy.nrrd,original_glszm_SmallAreaEmphasis.nrrd,0.998951340046052
352,original_firstorder_Entropy.nrrd,original_glszm_SmallAreaHighGrayLevelEmphasis.nrrd,0.9702510644547636
353,original_firstorder_Entropy.nrrd,original_glszm_SmallAreaLowGrayLevelEmphasis.nrrd,0.6568856979543924
354,original_firstorder_Entropy.nrrd,original_glszm_ZoneEntropy.nrrd,0.9991158881054553
355,original_firstorder_Entropy.nrrd,original_glszm_ZonePercentage.nrrd,0.9957658587375189
356,original_firstorder_Entropy.nrrd,original_glszm_ZoneVariance.nrrd,0.6047748584140558
357,original_firstorder_Entropy.nrrd,original_ngtdm_Busyness.nrrd,0.9493422911564834
358,original_firstorder_Entropy.nrrd,original_ngtdm_Coarseness.nrrd,0.8751961652093709
359,original_firstorder_Entropy.nrrd,original_ngtdm_Complexity.nrrd,0.8583179280792513
360,original_firstorder_Entropy.nrrd,original_ngtdm_Contrast.nrrd,0.9494429074365445
361,original_firstorder_Entropy.nrrd,original_ngtdm_Strength.nrrd,0.9422353578891117
362,original_firstorder_InterquartileRange.nrrd,original_firstorder_Kurtosis.nrrd,0.8511279922432577
363,original_firstorder_InterquartileRange.nrrd,original_firstorder_Maximum.nrrd,0.959834790737161
364,original_firstorder_InterquartileRange.nrrd,original_firstorder_Mean.nrrd,0.9603974942626328
365,original_firstorder_InterquartileRange.nrrd,original_firstorder_MeanAbsoluteDeviation.nrrd,0.9933140342269439
366,original_firstorder_InterquartileRange.nrrd,original_firstorder_Median.nrrd,0.9603924784327533
367,original_firstorder_InterquartileRange.nrrd,original_firstorder_Minimum.nrrd,0.7330688543368161
368,original_firstorder_InterquartileRange.nrrd,original_firstorder_Range.nrrd,0.9555422555574388
369,original_firstorder_InterquartileRange.nrrd,original_firstorder_RobustMeanAbsoluteDeviation.nrrd,0.9992323905035139
370,original_firstorder_InterquartileRange.nrrd,original_firstorder_RootMeanSquared.nrrd,0.9621193613852066
371,original_firstorder_InterquartileRange.nrrd,original_firstorder_Skewness.nrrd,-0.311960509
372,original_firstorder_InterquartileRange.nrrd,original_firstorder_TotalEnergy.nrrd,0.9424458803340299
373,original_firstorder_InterquartileRange.nrrd,original_firstorder_Uniformity.nrrd,0.8269682980738473
374,original_firstorder_InterquartileRange.nrrd,original_firstorder_Variance.nrrd,0.9675393547891344
375,original_firstorder_InterquartileRange.nrrd,original_glcm_Autocorrelation.nrrd,0.9644084423368351
376,original_firstorder_InterquartileRange.nrrd,original_glcm_ClusterProminence.nrrd,0.8203937110053434
377,original_firstorder_InterquartileRange.nrrd,original_glcm_ClusterShade.nrrd,-0.297456027
378,original_firstorder_InterquartileRange.nrrd,original_glcm_ClusterTendency.nrrd,0.9613824296725086
379,original_firstorder_InterquartileRange.nrrd,original_glcm_Contrast.nrrd,0.9275939322461325
380,original_firstorder_InterquartileRange.nrrd,original_glcm_Correlation.nrrd,0.9531042392658814
381,original_firstorder_InterquartileRange.nrrd,original_glcm_DifferenceAverage.nrrd,0.9655080088543125
382,original_firstorder_InterquartileRange.nrrd,original_glcm_DifferenceEntropy.nrrd,0.9590005540854912
383,original_firstorder_InterquartileRange.nrrd,original_glcm_DifferenceVariance.nrrd,0.9136889447429427
384,original_firstorder_InterquartileRange.nrrd,original_glcm_Id.nrrd,0.8961092776039506
385,original_firstorder_InterquartileRange.nrrd,original_glcm_Idm.nrrd,0.8681127626004773
386,original_firstorder_InterquartileRange.nrrd,original_glcm_Idmn.nrrd,0.9430476675118383
387,original_firstorder_InterquartileRange.nrrd,original_glcm_Idn.nrrd,0.9405764075432428
388,original_firstorder_InterquartileRange.nrrd,original_glcm_Imc1.nrrd,-0.958965676
389,original_firstorder_InterquartileRange.nrrd,original_glcm_Imc2.nrrd,0.9498572530211449
390,original_firstorder_InterquartileRange.nrrd,original_glcm_InverseVariance.nrrd,0.8679498752967586
391,original_firstorder_InterquartileRange.nrrd,original_glcm_JointAverage.nrrd,0.9604164569434639
392,original_firstorder_InterquartileRange.nrrd,original_glcm_JointEnergy.nrrd,0.6560951552726695
393,original_firstorder_InterquartileRange.nrrd,original_glcm_JointEntropy.nrrd,0.9578239042374642
394,original_firstorder_InterquartileRange.nrrd,original_glcm_MaximumProbability.nrrd,0.7407628927250063
395,original_firstorder_InterquartileRange.nrrd,original_glcm_MCC.nrrd,0.9474210522633248
396,original_firstorder_InterquartileRange.nrrd,original_glcm_SumAverage.nrrd,0.9604164569434638
397,original_firstorder_InterquartileRange.nrrd,original_glcm_SumEntropy.nrrd,0.9610185736481351
398,original_firstorder_InterquartileRange.nrrd,original_glcm_SumSquares.nrrd,0.9634477796873283
399,original_firstorder_InterquartileRange.nrrd,original_gldm_DependenceEntropy.nrrd,0.9526243090817981
400,original_firstorder_InterquartileRange.nrrd,original_gldm_DependenceNonUniformity.nrrd,0.9515415526966541
401,original_firstorder_InterquartileRange.nrrd,original_gldm_DependenceNonUniformityNormalized.nrrd,0.9631654339421772
402,original_firstorder_InterquartileRange.nrrd,original_gldm_DependenceVariance.nrrd,0.8330027462163017
403,original_firstorder_InterquartileRange.nrrd,original_gldm_GrayLevelNonUniformity.nrrd,0.8653087252272784
404,original_firstorder_InterquartileRange.nrrd,original_gldm_GrayLevelVariance.nrrd,0.9676004247537293
405,original_firstorder_InterquartileRange.nrrd,original_gldm_HighGrayLevelEmphasis.nrrd,0.9654783952609706
406,original_firstorder_InterquartileRange.nrrd,original_gldm_LargeDependenceEmphasis.nrrd,0.8537483883318913
407,original_firstorder_InterquartileRange.nrrd,original_gldm_LargeDependenceHighGrayLevelEmphasis.nrrd,0.900046408356281
408,original_firstorder_InterquartileRange.nrrd,original_gldm_LargeDependenceLowGrayLevelEmphasis.nrrd,0.7970122933371387
409,original_firstorder_InterquartileRange.nrrd,original_gldm_LowGrayLevelEmphasis.nrrd,0.7414607512298805
410,original_firstorder_InterquartileRange.nrrd,original_gldm_SmallDependenceEmphasis.nrrd,0.9622855635411257
411,original_firstorder_InterquartileRange.nrrd,original_gldm_SmallDependenceHighGrayLevelEmphasis.nrrd,0.9707734226651991
412,original_firstorder_InterquartileRange.nrrd,original_gldm_SmallDependenceLowGrayLevelEmphasis.nrrd,0.633944472648787
413,original_firstorder_InterquartileRange.nrrd,original_glrlm_GrayLevelNonUniformity.nrrd,0.8704830606452438
414,original_firstorder_InterquartileRange.nrrd,original_glrlm_GrayLevelNonUniformityNormalized.nrrd,0.8290278122104345
415,original_firstorder_InterquartileRange.nrrd,original_glrlm_GrayLevelVariance.nrrd,0.967485471157958
416,original_firstorder_InterquartileRange.nrrd,original_glrlm_HighGrayLevelRunEmphasis.nrrd,0.965355405532653
417,original_firstorder_InterquartileRange.nrrd,original_glrlm_LongRunEmphasis.nrrd,0.9370249948399254
418,original_firstorder_InterquartileRange.nrrd,original_glrlm_LongRunHighGrayLevelEmphasis.nrrd,0.9616774621269558
419,original_firstorder_InterquartileRange.nrrd,original_glrlm_LongRunLowGrayLevelEmphasis.nrrd,0.7524617630699452
420,original_firstorder_InterquartileRange.nrrd,original_glrlm_LowGrayLevelRunEmphasis.nrrd,0.736554787204469
421,original_firstorder_InterquartileRange.nrrd,original_glrlm_RunEntropy.nrrd,0.9590345404893025
422,original_firstorder_InterquartileRange.nrrd,original_glrlm_RunLengthNonUniformity.nrrd,0.9480161201470014
423,original_firstorder_InterquartileRange.nrrd,original_glrlm_RunLengthNonUniformityNormalized.nrrd,0.9476553098904119
424,original_firstorder_InterquartileRange.nrrd,original_glrlm_RunPercentage.nrrd,0.945932995314266
425,original_firstorder_InterquartileRange.nrrd,original_glrlm_RunVariance.nrrd,0.8546134322511647
426,original_firstorder_InterquartileRange.nrrd,original_glrlm_ShortRunEmphasis.nrrd,0.9454446556049689
427,original_firstorder_InterquartileRange.nrrd,original_glrlm_ShortRunHighGrayLevelEmphasis.nrrd,0.9661289779249913
428,original_firstorder_InterquartileRange.nrrd,original_glrlm_ShortRunLowGrayLevelEmphasis.nrrd,0.7321418917432171
429,original_firstorder_InterquartileRange.nrrd,original_glszm_GrayLevelNonUniformity.nrrd,0.91447553231551
430,original_firstorder_InterquartileRange.nrrd,original_glszm_GrayLevelNonUniformityNormalized.nrrd,0.8467130430140011
431,original_firstorder_InterquartileRange.nrrd,original_glszm_GrayLevelVariance.nrrd,0.9628298462083196
432,original_firstorder_InterquartileRange.nrrd,original_glszm_HighGrayLevelZoneEmphasis.nrrd,0.9632097188487931
433,original_firstorder_InterquartileRange.nrrd,original_glszm_LargeAreaEmphasis.nrrd,0.6478602027512289
434,original_firstorder_InterquartileRange.nrrd,original_glszm_LargeAreaHighGrayLevelEmphasis.nrrd,0.697892545461898
435,original_firstorder_InterquartileRange.nrrd,original_glszm_LargeAreaLowGrayLevelEmphasis.nrrd,0.637694644818316
436,original_firstorder_InterquartileRange.nrrd,original_glszm_LowGrayLevelZoneEmphasis.nrrd,0.6712242415267706
437,original_firstorder_InterquartileRange.nrrd,original_glszm_SizeZoneNonUniformity.nrrd,0.9453783630604156
438,original_firstorder_InterquartileRange.nrrd,original_glszm_SizeZoneNonUniformityNormalized.nrrd,0.9590718651863014
439,original_firstorder_InterquartileRange.nrrd,original_glszm_SmallAreaEmphasis.nrrd,0.953161981813009
440,original_firstorder_InterquartileRange.nrrd,original_glszm_SmallAreaHighGrayLevelEmphasis.nrrd,0.9667998711756361
441,original_firstorder_InterquartileRange.nrrd,original_glszm_SmallAreaLowGrayLevelEmphasis.nrrd,0.6189461558403688
442,original_firstorder_InterquartileRange.nrrd,original_glszm_ZoneEntropy.nrrd,0.9521404951058391
443,original_firstorder_InterquartileRange.nrrd,original_glszm_ZonePercentage.nrrd,0.961480887464132
444,original_firstorder_InterquartileRange.nrrd,original_glszm_ZoneVariance.nrrd,0.5038610056075952
445,original_firstorder_InterquartileRange.nrrd,original_ngtdm_Busyness.nrrd,0.877491246115073
446,original_firstorder_InterquartileRange.nrrd,original_ngtdm_Coarseness.nrrd,0.8090621925073955
447,original_firstorder_InterquartileRange.nrrd,original_ngtdm_Complexity.nrrd,0.8895792984339254
448,original_firstorder_InterquartileRange.nrrd,original_ngtdm_Contrast.nrrd,0.9782395807653289
449,original_firstorder_InterquartileRange.nrrd,original_ngtdm_Strength.nrrd,0.9340742500369715
450,original_firstorder_Kurtosis.nrrd,original_firstorder_Maximum.nrrd,0.9419936547615791
451,original_firstorder_Kurtosis.nrrd,original_firstorder_Mean.nrrd,0.9340019499108956
452,original_firstorder_Kurtosis.nrrd,original_firstorder_MeanAbsoluteDeviation.nrrd,0.8885359327018639
453,original_firstorder_Kurtosis.nrrd,original_firstorder_Median.nrrd,0.935889339624116
454,original_firstorder_Kurtosis.nrrd,original_firstorder_Minimum.nrrd,0.6984600303432851
455,original_firstorder_Kurtosis.nrrd,original_firstorder_Range.nrrd,0.9445474528069856
456,original_firstorder_Kurtosis.nrrd,original_firstorder_RobustMeanAbsoluteDeviation.nrrd,0.8586810472862807
457,original_firstorder_Kurtosis.nrrd,original_firstorder_RootMeanSquared.nrrd,0.9339153387485201
458,original_firstorder_Kurtosis.nrrd,original_firstorder_Skewness.nrrd,-0.384293283
459,original_firstorder_Kurtosis.nrrd,original_firstorder_TotalEnergy.nrrd,0.8344092071036662
460,original_firstorder_Kurtosis.nrrd,original_firstorder_Uniformity.nrrd,0.930571084995344
461,original_firstorder_Kurtosis.nrrd,original_firstorder_Variance.nrrd,0.8094920032610943
462,original_firstorder_Kurtosis.nrrd,original_glcm_Autocorrelation.nrrd,0.8961598658119728
463,original_firstorder_Kurtosis.nrrd,original_glcm_ClusterProminence.nrrd,0.6285652365164446
464,original_firstorder_Kurtosis.nrrd,original_glcm_ClusterShade.nrrd,-0.262686126
465,original_firstorder_Kurtosis.nrrd,original_glcm_ClusterTendency.nrrd,0.7741029198584732
466,original_firstorder_Kurtosis.nrrd,original_glcm_Contrast.nrrd,0.8544157521449353
467,original_firstorder_Kurtosis.nrrd,original_glcm_Correlation.nrrd,0.8989195475710625
468,original_firstorder_Kurtosis.nrrd,original_glcm_DifferenceAverage.nrrd,0.9242633714882562
469,original_firstorder_Kurtosis.nrrd,original_glcm_DifferenceEntropy.nrrd,0.9513741572968567
470,original_firstorder_Kurtosis.nrrd,original_glcm_DifferenceVariance.nrrd,0.8561693380197509
471,original_firstorder_Kurtosis.nrrd,original_glcm_Id.nrrd,0.9356734955735352
472,original_firstorder_Kurtosis.nrrd,original_glcm_Idm.nrrd,0.919798495556029
473,original_firstorder_Kurtosis.nrrd,original_glcm_Idmn.nrrd,0.9522453238502988
474,original_firstorder_Kurtosis.nrrd,original_glcm_Idn.nrrd,0.9519284261385061
475,original_firstorder_Kurtosis.nrrd,original_glcm_Imc1.nrrd,-0.921610955
476,original_firstorder_Kurtosis.nrrd,original_glcm_Imc2.nrrd,0.9503264102506964
477,original_firstorder_Kurtosis.nrrd,original_glcm_InverseVariance.nrrd,0.9190239214891209
478,original_firstorder_Kurtosis.nrrd,original_glcm_JointAverage.nrrd,0.9335647575339996
479,original_firstorder_Kurtosis.nrrd,original_glcm_JointEnergy.nrrd,0.7679527116203865
480,original_firstorder_Kurtosis.nrrd,original_glcm_JointEntropy.nrrd,0.9481404057134032
481,original_firstorder_Kurtosis.nrrd,original_glcm_MaximumProbability.nrrd,0.8430157457157962
482,original_firstorder_Kurtosis.nrrd,original_glcm_MCC.nrrd,0.9442664764218306
483,original_firstorder_Kurtosis.nrrd,original_glcm_SumAverage.nrrd,0.9335647575339996
484,original_firstorder_Kurtosis.nrrd,original_glcm_SumEntropy.nrrd,0.9456807180089466
485,original_firstorder_Kurtosis.nrrd,original_glcm_SumSquares.nrrd,0.7971893964212314
486,original_firstorder_Kurtosis.nrrd,original_gldm_DependenceEntropy.nrrd,0.9491807093986123
487,original_firstorder_Kurtosis.nrrd,original_gldm_DependenceNonUniformity.nrrd,0.8873279638150328
488,original_firstorder_Kurtosis.nrrd,original_gldm_DependenceNonUniformityNormalized.nrrd,0.9393186949474743
489,original_firstorder_Kurtosis.nrrd,original_gldm_DependenceVariance.nrrd,0.8963387834503398
490,original_firstorder_Kurtosis.nrrd,original_gldm_GrayLevelNonUniformity.nrrd,0.9338183637023634
491,original_firstorder_Kurtosis.nrrd,original_gldm_GrayLevelVariance.nrrd,0.8096490979117861
492,original_firstorder_Kurtosis.nrrd,original_gldm_HighGrayLevelEmphasis.nrrd,0.8975673325315662
493,original_firstorder_Kurtosis.nrrd,original_gldm_LargeDependenceEmphasis.nrrd,0.9101276798020177
494,original_firstorder_Kurtosis.nrrd,original_gldm_LargeDependenceHighGrayLevelEmphasis.nrrd,0.8830647575048488
495,original_firstorder_Kurtosis.nrrd,original_gldm_LargeDependenceLowGrayLevelEmphasis.nrrd,0.8874087610949798
496,original_firstorder_Kurtosis.nrrd,original_gldm_LowGrayLevelEmphasis.nrrd,0.8002347085935818
497,original_firstorder_Kurtosis.nrrd,original_gldm_SmallDependenceEmphasis.nrrd,0.9440815532016048
498,original_firstorder_Kurtosis.nrrd,original_gldm_SmallDependenceHighGrayLevelEmphasis.nrrd,0.8791487600613411
499,original_firstorder_Kurtosis.nrrd,original_gldm_SmallDependenceLowGrayLevelEmphasis.nrrd,0.6815426304500373
500,original_firstorder_Kurtosis.nrrd,original_glrlm_GrayLevelNonUniformity.nrrd,0.9353934060288767
501,original_firstorder_Kurtosis.nrrd,original_glrlm_GrayLevelNonUniformityNormalized.nrrd,0.931192645992517
502,original_firstorder_Kurtosis.nrrd,original_glrlm_GrayLevelVariance.nrrd,0.8131202734893878
503,original_firstorder_Kurtosis.nrrd,original_glrlm_HighGrayLevelRunEmphasis.nrrd,0.8977352918884922
504,original_firstorder_Kurtosis.nrrd,original_glrlm_LongRunEmphasis.nrrd,0.9514676605351493
505,original_firstorder_Kurtosis.nrrd,original_glrlm_LongRunHighGrayLevelEmphasis.nrrd,0.8998371535894191
506,original_firstorder_Kurtosis.nrrd,original_glrlm_LongRunLowGrayLevelEmphasis.nrrd,0.8152049372480488
507,original_firstorder_Kurtosis.nrrd,original_glrlm_LowGrayLevelRunEmphasis.nrrd,0.795952427045885
508,original_firstorder_Kurtosis.nrrd,original_glrlm_RunEntropy.nrrd,0.9475940131391644
509,original_firstorder_Kurtosis.nrrd,original_glrlm_RunLengthNonUniformity.nrrd,0.9098115087840413
510,original_firstorder_Kurtosis.nrrd,original_glrlm_RunLengthNonUniformityNormalized.nrrd,0.9523403937304447
511,original_firstorder_Kurtosis.nrrd,original_glrlm_RunPercentage.nrrd,0.9524202981641442
512,original_firstorder_Kurtosis.nrrd,original_glrlm_RunVariance.nrrd,0.910524360612802
513,original_firstorder_Kurtosis.nrrd,original_glrlm_ShortRunEmphasis.nrrd,0.95242964627733
514,original_firstorder_Kurtosis.nrrd,original_glrlm_ShortRunHighGrayLevelEmphasis.nrrd,0.8970744085820227
515,original_firstorder_Kurtosis.nrrd,original_glrlm_ShortRunLowGrayLevelEmphasis.nrrd,0.790736863010245
516,original_firstorder_Kurtosis.nrrd,original_glszm_GrayLevelNonUniformity.nrrd,0.9334364626400036
517,original_firstorder_Kurtosis.nrrd,original_glszm_GrayLevelNonUniformityNormalized.nrrd,0.927568278414178
518,original_firstorder_Kurtosis.nrrd,original_glszm_GrayLevelVariance.nrrd,0.8542125695498103
519,original_firstorder_Kurtosis.nrrd,original_glszm_HighGrayLevelZoneEmphasis.nrrd,0.8994727248719385
520,original_firstorder_Kurtosis.nrrd,original_glszm_LargeAreaEmphasis.nrrd,0.7449008415041249
521,original_firstorder_Kurtosis.nrrd,original_glszm_LargeAreaHighGrayLevelEmphasis.nrrd,0.7438260137132814
522,original_firstorder_Kurtosis.nrrd,original_glszm_LargeAreaLowGrayLevelEmphasis.nrrd,0.7575324841370522
523,original_firstorder_Kurtosis.nrrd,original_glszm_LowGrayLevelZoneEmphasis.nrrd,0.7388882704276013
524,original_firstorder_Kurtosis.nrrd,original_glszm_SizeZoneNonUniformity.nrrd,0.8719134061030824
525,original_firstorder_Kurtosis.nrrd,original_glszm_SizeZoneNonUniformityNormalized.nrrd,0.9498654131056142
526,original_firstorder_Kurtosis.nrrd,original_glszm_SmallAreaEmphasis.nrrd,0.9529950044676451
527,original_firstorder_Kurtosis.nrrd,original_glszm_SmallAreaHighGrayLevelEmphasis.nrrd,0.8950401291187008
528,original_firstorder_Kurtosis.nrrd,original_glszm_SmallAreaLowGrayLevelEmphasis.nrrd,0.6838049691951679
529,original_firstorder_Kurtosis.nrrd,original_glszm_ZoneEntropy.nrrd,0.9507010676506261
530,original_firstorder_Kurtosis.nrrd,original_glszm_ZonePercentage.nrrd,0.9447738498749044
531,original_firstorder_Kurtosis.nrrd,original_glszm_ZoneVariance.nrrd,0.615793046492473
532,original_firstorder_Kurtosis.nrrd,original_ngtdm_Busyness.nrrd,0.8913127214259796
533,original_firstorder_Kurtosis.nrrd,original_ngtdm_Coarseness.nrrd,0.8271552570563736
534,original_firstorder_Kurtosis.nrrd,original_ngtdm_Complexity.nrrd,0.8161578682254382
535,original_firstorder_Kurtosis.nrrd,original_ngtdm_Contrast.nrrd,0.8517149836254216
536,original_firstorder_Kurtosis.nrrd,original_ngtdm_Strength.nrrd,0.9168881314210096
537,original_firstorder_Maximum.nrrd,original_firstorder_Mean.nrrd,0.9955662653878391
538,original_firstorder_Maximum.nrrd,original_firstorder_MeanAbsoluteDeviation.nrrd,0.9757959420333794
539,original_firstorder_Maximum.nrrd,original_firstorder_Median.nrrd,0.9945094692304145
540,original_firstorder_Maximum.nrrd,original_firstorder_Minimum.nrrd,0.8067067525236021
541,original_firstorder_Maximum.nrrd,original_firstorder_Range.nrrd,0.981673419870509
542,original_firstorder_Maximum.nrrd,original_firstorder_RobustMeanAbsoluteDeviation.nrrd,0.9645963530676791
543,original_firstorder_Maximum.nrrd,original_firstorder_RootMeanSquared.nrrd,0.9959034858143597
544,original_firstorder_Maximum.nrrd,original_firstorder_Skewness.nrrd,-0.258607984
545,original_firstorder_Maximum.nrrd,original_firstorder_TotalEnergy.nrrd,0.942123384648458
546,original_firstorder_Maximum.nrrd,original_firstorder_Uniformity.nrrd,0.9234067082153545
547,original_firstorder_Maximum.nrrd,original_firstorder_Variance.nrrd,0.9120234551909565
548,original_firstorder_Maximum.nrrd,original_glcm_Autocorrelation.nrrd,0.9821365289377533
549,original_firstorder_Maximum.nrrd,original_glcm_ClusterProminence.nrrd,0.7269027995193988
550,original_firstorder_Maximum.nrrd,original_glcm_ClusterShade.nrrd,-0.203820707
551,original_firstorder_Maximum.nrrd,original_glcm_ClusterTendency.nrrd,0.8929114644291466
552,original_firstorder_Maximum.nrrd,original_glcm_Contrast.nrrd,0.9036383177413664
553,original_firstorder_Maximum.nrrd,original_glcm_Correlation.nrrd,0.9775103578279859
554,original_firstorder_Maximum.nrrd,original_glcm_DifferenceAverage.nrrd,0.9737586484919051
555,original_firstorder_Maximum.nrrd,original_glcm_DifferenceEntropy.nrrd,0.9934850633962157
556,original_firstorder_Maximum.nrrd,original_glcm_DifferenceVariance.nrrd,0.893201579074598
557,original_firstorder_Maximum.nrrd,original_glcm_Id.nrrd,0.9639974117855601
558,original_firstorder_Maximum.nrrd,original_glcm_Idm.nrrd,0.9434107013760463
559,original_firstorder_Maximum.nrrd,original_glcm_Idmn.nrrd,0.9906004493858229
560,original_firstorder_Maximum.nrrd,original_glcm_Idn.nrrd,0.9896729536531266
561,original_firstorder_Maximum.nrrd,original_glcm_Imc1.nrrd,-0.97687218
562,original_firstorder_Maximum.nrrd,original_glcm_Imc2.nrrd,0.9920523584820737
563,original_firstorder_Maximum.nrrd,original_glcm_InverseVariance.nrrd,0.943240196829428
564,original_firstorder_Maximum.nrrd,original_glcm_JointAverage.nrrd,0.9952299608698899
565,original_firstorder_Maximum.nrrd,original_glcm_JointEnergy.nrrd,0.7506690025302122
566,original_firstorder_Maximum.nrrd,original_glcm_JointEntropy.nrrd,0.9951534394162936
567,original_firstorder_Maximum.nrrd,original_glcm_MaximumProbability.nrrd,0.8338632027125157
568,original_firstorder_Maximum.nrrd,original_glcm_MCC.nrrd,0.9888324401019409
569,original_firstorder_Maximum.nrrd,original_glcm_SumAverage.nrrd,0.9952299608698908
570,original_firstorder_Maximum.nrrd,original_glcm_SumEntropy.nrrd,0.9952047970429827
571,original_firstorder_Maximum.nrrd,original_glcm_SumSquares.nrrd,0.9032200113945676
572,original_firstorder_Maximum.nrrd,original_gldm_DependenceEntropy.nrrd,0.9940652389147462
573,original_firstorder_Maximum.nrrd,original_gldm_DependenceNonUniformity.nrrd,0.960905943637439
574,original_firstorder_Maximum.nrrd,original_gldm_DependenceNonUniformityNormalized.nrrd,0.9869160223531653
575,original_firstorder_Maximum.nrrd,original_gldm_DependenceVariance.nrrd,0.9123926029505032
576,original_firstorder_Maximum.nrrd,original_gldm_GrayLevelNonUniformity.nrrd,0.9515869494437994
577,original_firstorder_Maximum.nrrd,original_gldm_GrayLevelVariance.nrrd,0.9121789162436735
578,original_firstorder_Maximum.nrrd,original_gldm_HighGrayLevelEmphasis.nrrd,0.9831425838244802
579,original_firstorder_Maximum.nrrd,original_gldm_LargeDependenceEmphasis.nrrd,0.9315579592559713
580,original_firstorder_Maximum.nrrd,original_gldm_LargeDependenceHighGrayLevelEmphasis.nrrd,0.9469721819141315
581,original_firstorder_Maximum.nrrd,original_gldm_LargeDependenceLowGrayLevelEmphasis.nrrd,0.8677650297342201
582,original_firstorder_Maximum.nrrd,original_gldm_LowGrayLevelEmphasis.nrrd,0.7627746579645233
583,original_firstorder_Maximum.nrrd,original_gldm_SmallDependenceEmphasis.nrrd,0.9889547137126652
584,original_firstorder_Maximum.nrrd,original_gldm_SmallDependenceHighGrayLevelEmphasis.nrrd,0.9720281436212695
585,original_firstorder_Maximum.nrrd,original_gldm_SmallDependenceLowGrayLevelEmphasis.nrrd,0.6352094097473066
586,original_firstorder_Maximum.nrrd,original_glrlm_GrayLevelNonUniformity.nrrd,0.9547741332999181
587,original_firstorder_Maximum.nrrd,original_glrlm_GrayLevelNonUniformityNormalized.nrrd,0.9248413004761815
588,original_firstorder_Maximum.nrrd,original_glrlm_GrayLevelVariance.nrrd,0.9137667465456502
589,original_firstorder_Maximum.nrrd,original_glrlm_HighGrayLevelRunEmphasis.nrrd,0.9833265680024275
590,original_firstorder_Maximum.nrrd,original_glrlm_LongRunEmphasis.nrrd,0.9881496774327151
591,original_firstorder_Maximum.nrrd,original_glrlm_LongRunHighGrayLevelEmphasis.nrrd,0.9832903726103848
592,original_firstorder_Maximum.nrrd,original_glrlm_LongRunLowGrayLevelEmphasis.nrrd,0.7783108514976719
593,original_firstorder_Maximum.nrrd,original_glrlm_LowGrayLevelRunEmphasis.nrrd,0.7574602499534462
594,original_firstorder_Maximum.nrrd,original_glrlm_RunEntropy.nrrd,0.9950724401913823
595,original_firstorder_Maximum.nrrd,original_glrlm_RunLengthNonUniformity.nrrd,0.9762239925924091
596,original_firstorder_Maximum.nrrd,original_glrlm_RunLengthNonUniformityNormalized.nrrd,0.9919570293045564
597,original_firstorder_Maximum.nrrd,original_glrlm_RunPercentage.nrrd,0.9915134811698255
598,original_firstorder_Maximum.nrrd,original_glrlm_RunVariance.nrrd,0.9328855754995954
599,original_firstorder_Maximum.nrrd,original_glrlm_ShortRunEmphasis.nrrd,0.9913721924395101
600,original_firstorder_Maximum.nrrd,original_glrlm_ShortRunHighGrayLevelEmphasis.nrrd,0.983182953670825
601,original_firstorder_Maximum.nrrd,original_glrlm_ShortRunLowGrayLevelEmphasis.nrrd,0.7518256906568968
602,original_firstorder_Maximum.nrrd,original_glszm_GrayLevelNonUniformity.nrrd,0.971693801783376
603,original_firstorder_Maximum.nrrd,original_glszm_GrayLevelNonUniformityNormalized.nrrd,0.932760219154647
604,original_firstorder_Maximum.nrrd,original_glszm_GrayLevelVariance.nrrd,0.9311804578853337
605,original_firstorder_Maximum.nrrd,original_glszm_HighGrayLevelZoneEmphasis.nrrd,0.9851814088229223
606,original_firstorder_Maximum.nrrd,original_glszm_LargeAreaEmphasis.nrrd,0.7426273184824774
607,original_firstorder_Maximum.nrrd,original_glszm_LargeAreaHighGrayLevelEmphasis.nrrd,0.771574611176224
608,original_firstorder_Maximum.nrrd,original_glszm_LargeAreaLowGrayLevelEmphasis.nrrd,0.7262490643204838
609,original_firstorder_Maximum.nrrd,original_glszm_LowGrayLevelZoneEmphasis.nrrd,0.6881377822586874
610,original_firstorder_Maximum.nrrd,original_glszm_SizeZoneNonUniformity.nrrd,0.9454279517109656
611,original_firstorder_Maximum.nrrd,original_glszm_SizeZoneNonUniformityNormalized.nrrd,0.9913841289331082
612,original_firstorder_Maximum.nrrd,original_glszm_SmallAreaEmphasis.nrrd,0.9929631046559979
613,original_firstorder_Maximum.nrrd,original_glszm_SmallAreaHighGrayLevelEmphasis.nrrd,0.9829510411002446
614,original_firstorder_Maximum.nrrd,original_glszm_SmallAreaLowGrayLevelEmphasis.nrrd,0.6287289269213211
615,original_firstorder_Maximum.nrrd,original_glszm_ZoneEntropy.nrrd,0.9942493773166703
616,original_firstorder_Maximum.nrrd,original_glszm_ZonePercentage.nrrd,0.9896126179269438
617,original_firstorder_Maximum.nrrd,original_glszm_ZoneVariance.nrrd,0.600314833975362
618,original_firstorder_Maximum.nrrd,original_ngtdm_Busyness.nrrd,0.9373501043159921
619,original_firstorder_Maximum.nrrd,original_ngtdm_Coarseness.nrrd,0.8579895192584873
620,original_firstorder_Maximum.nrrd,original_ngtdm_Complexity.nrrd,0.8632274948914941
621,original_firstorder_Maximum.nrrd,original_ngtdm_Contrast.nrrd,0.9405711789366655
622,original_firstorder_Maximum.nrrd,original_ngtdm_Strength.nrrd,0.9406160532284347
623,original_firstorder_Mean.nrrd,original_firstorder_MeanAbsoluteDeviation.nrrd,0.9715064736840789
624,original_firstorder_Mean.nrrd,original_firstorder_Median.nrrd,0.9996001487224375
625,original_firstorder_Mean.nrrd,original_firstorder_Minimum.nrrd,0.8282930278979644
626,original_firstorder_Mean.nrrd,original_firstorder_Range.nrrd,0.9692063429522775
627,original_firstorder_Mean.nrrd,original_firstorder_RobustMeanAbsoluteDeviation.nrrd,0.9640955791898796
628,original_firstorder_Mean.nrrd,original_firstorder_RootMeanSquared.nrrd,0.9999675369970258
629,original_firstorder_Mean.nrrd,original_firstorder_Skewness.nrrd,-0.284538253
630,original_firstorder_Mean.nrrd,original_firstorder_TotalEnergy.nrrd,0.9440267364808811
631,original_firstorder_Mean.nrrd,original_firstorder_Uniformity.nrrd,0.933263995191598
632,original_firstorder_Mean.nrrd,original_firstorder_Variance.nrrd,0.9011940509834454
633,original_firstorder_Mean.nrrd,original_glcm_Autocorrelation.nrrd,0.9906479323554506
634,original_firstorder_Mean.nrrd,original_glcm_ClusterProminence.nrrd,0.7098471533567751
635,original_firstorder_Mean.nrrd,original_glcm_ClusterShade.nrrd,-0.222007627
636,original_firstorder_Mean.nrrd,original_glcm_ClusterTendency.nrrd,0.8828171702750028
637,original_firstorder_Mean.nrrd,original_glcm_Contrast.nrrd,0.8901790271360803
638,original_firstorder_Mean.nrrd,original_glcm_Correlation.nrrd,0.9786411410473603
639,original_firstorder_Mean.nrrd,original_glcm_DifferenceAverage.nrrd,0.9661619163373009
640,original_firstorder_Mean.nrrd,original_glcm_DifferenceEntropy.nrrd,0.9909020366678111
641,original_firstorder_Mean.nrrd,original_glcm_DifferenceVariance.nrrd,0.8789597173440425
642,original_firstorder_Mean.nrrd,original_glcm_Id.nrrd,0.9702370326857567
643,original_firstorder_Mean.nrrd,original_glcm_Idm.nrrd,0.9519455995597487
644,original_firstorder_Mean.nrrd,original_glcm_Idmn.nrrd,0.9915078054422278
645,original_firstorder_Mean.nrrd,original_glcm_Idn.nrrd,0.9909387115568399
646,original_firstorder_Mean.nrrd,original_glcm_Imc1.nrrd,-0.975416454
647,original_firstorder_Mean.nrrd,original_glcm_Imc2.nrrd,0.992053356464394
648,original_firstorder_Mean.nrrd,original_glcm_InverseVariance.nrrd,0.9518062431881976
649,original_firstorder_Mean.nrrd,original_glcm_JointAverage.nrrd,0.9999718449809506
650,original_firstorder_Mean.nrrd,original_glcm_JointEnergy.nrrd,0.7707707194616856
651,original_firstorder_Mean.nrrd,original_glcm_JointEntropy.nrrd,0.9935086450257915
652,original_firstorder_Mean.nrrd,original_glcm_MaximumProbability.nrrd,0.8508447222340151
653,original_firstorder_Mean.nrrd,original_glcm_MCC.nrrd,0.9880282553163351
654,original_firstorder_Mean.nrrd,original_glcm_SumAverage.nrrd,0.999971844980951
655,original_firstorder_Mean.nrrd,original_glcm_SumEntropy.nrrd,0.9935520203446649
656,original_firstorder_Mean.nrrd,original_glcm_SumSquares.nrrd,0.8923628591252065
657,original_firstorder_Mean.nrrd,original_gldm_DependenceEntropy.nrrd,0.9934541017972001
658,original_firstorder_Mean.nrrd,original_gldm_DependenceNonUniformity.nrrd,0.9512754669595529
659,original_firstorder_Mean.nrrd,original_gldm_DependenceNonUniformityNormalized.nrrd,0.9834823774702802
660,original_firstorder_Mean.nrrd,original_gldm_DependenceVariance.nrrd,0.9217786871162259
661,original_firstorder_Mean.nrrd,original_gldm_GrayLevelNonUniformity.nrrd,0.950965665654483
662,original_firstorder_Mean.nrrd,original_gldm_GrayLevelVariance.nrrd,0.9013391957430424
663,original_firstorder_Mean.nrrd,original_gldm_HighGrayLevelEmphasis.nrrd,0.9907960726040181
664,original_firstorder_Mean.nrrd,original_gldm_LargeDependenceEmphasis.nrrd,0.9403256615592428
665,original_firstorder_Mean.nrrd,original_gldm_LargeDependenceHighGrayLevelEmphasis.nrrd,0.9635126922502534
666,original_firstorder_Mean.nrrd,original_gldm_LargeDependenceLowGrayLevelEmphasis.nrrd,0.8643686926713601
667,original_firstorder_Mean.nrrd,original_gldm_LowGrayLevelEmphasis.nrrd,0.7463502351915013
668,original_firstorder_Mean.nrrd,original_gldm_SmallDependenceEmphasis.nrrd,0.985402616981817
669,original_firstorder_Mean.nrrd,original_gldm_SmallDependenceHighGrayLevelEmphasis.nrrd,0.9745741822370816
670,original_firstorder_Mean.nrrd,original_gldm_SmallDependenceLowGrayLevelEmphasis.nrrd,0.615093681037767
671,original_firstorder_Mean.nrrd,original_glrlm_GrayLevelNonUniformity.nrrd,0.9537680491108845
672,original_firstorder_Mean.nrrd,original_glrlm_GrayLevelNonUniformityNormalized.nrrd,0.9346164458904905
673,original_firstorder_Mean.nrrd,original_glrlm_GrayLevelVariance.nrrd,0.9027072346624485
674,original_firstorder_Mean.nrrd,original_glrlm_HighGrayLevelRunEmphasis.nrrd,0.9908654292157367
675,original_firstorder_Mean.nrrd,original_glrlm_LongRunEmphasis.nrrd,0.989909687715629
676,original_firstorder_Mean.nrrd,original_glrlm_LongRunHighGrayLevelEmphasis.nrrd,0.9919288108356367
677,original_firstorder_Mean.nrrd,original_glrlm_LongRunLowGrayLevelEmphasis.nrrd,0.7628667368084519
678,original_firstorder_Mean.nrrd,original_glrlm_LowGrayLevelRunEmphasis.nrrd,0.7409729973066531
679,original_firstorder_Mean.nrrd,original_glrlm_RunEntropy.nrrd,0.9935671780081706
680,original_firstorder_Mean.nrrd,original_glrlm_RunLengthNonUniformity.nrrd,0.9689272373172738
681,original_firstorder_Mean.nrrd,original_glrlm_RunLengthNonUniformityNormalized.nrrd,0.9921329935569156
682,original_firstorder_Mean.nrrd,original_glrlm_RunPercentage.nrrd,0.991976755842049
683,original_firstorder_Mean.nrrd,original_glrlm_RunVariance.nrrd,0.9413872173724369
684,original_firstorder_Mean.nrrd,original_glrlm_ShortRunEmphasis.nrrd,0.9919121326587742
685,original_firstorder_Mean.nrrd,original_glrlm_ShortRunHighGrayLevelEmphasis.nrrd,0.9904409534568998
686,original_firstorder_Mean.nrrd,original_glrlm_ShortRunLowGrayLevelEmphasis.nrrd,0.735092063512928
687,original_firstorder_Mean.nrrd,original_glszm_GrayLevelNonUniformity.nrrd,0.9677854838986094
688,original_firstorder_Mean.nrrd,original_glszm_GrayLevelNonUniformityNormalized.nrrd,0.9432822000474315
689,original_firstorder_Mean.nrrd,original_glszm_GrayLevelVariance.nrrd,0.9173296384100761
690,original_firstorder_Mean.nrrd,original_glszm_HighGrayLevelZoneEmphasis.nrrd,0.9912442066513762
691,original_firstorder_Mean.nrrd,original_glszm_LargeAreaEmphasis.nrrd,0.7596680108020045
692,original_firstorder_Mean.nrrd,original_glszm_LargeAreaHighGrayLevelEmphasis.nrrd,0.7947533384301593
693,original_firstorder_Mean.nrrd,original_glszm_LargeAreaLowGrayLevelEmphasis.nrrd,0.7327793413065609
694,original_firstorder_Mean.nrrd,original_glszm_LowGrayLevelZoneEmphasis.nrrd,0.6710657314959987
695,original_firstorder_Mean.nrrd,original_glszm_SizeZoneNonUniformity.nrrd,0.9337261553917728
696,original_firstorder_Mean.nrrd,original_glszm_SizeZoneNonUniformityNormalized.nrrd,0.9887224000126147
697,original_firstorder_Mean.nrrd,original_glszm_SmallAreaEmphasis.nrrd,0.9919644175026839
698,original_firstorder_Mean.nrrd,original_glszm_SmallAreaHighGrayLevelEmphasis.nrrd,0.9868750617638856
699,original_firstorder_Mean.nrrd,original_glszm_SmallAreaLowGrayLevelEmphasis.nrrd,0.6102185499700161
700,original_firstorder_Mean.nrrd,original_glszm_ZoneEntropy.nrrd,0.9932555757515068
701,original_firstorder_Mean.nrrd,original_glszm_ZonePercentage.nrrd,0.9864196955182869
702,original_firstorder_Mean.nrrd,original_glszm_ZoneVariance.nrrd,0.6200082867772282
703,original_firstorder_Mean.nrrd,original_ngtdm_Busyness.nrrd,0.9432844590729575
704,original_firstorder_Mean.nrrd,original_ngtdm_Coarseness.nrrd,0.8716767681648374
705,original_firstorder_Mean.nrrd,original_ngtdm_Complexity.nrrd,0.841552429758453
706,original_firstorder_Mean.nrrd,original_ngtdm_Contrast.nrrd,0.941821531066813
707,original_firstorder_Mean.nrrd,original_ngtdm_Strength.nrrd,0.9267791447106253
708,original_firstorder_MeanAbsoluteDeviation.nrrd,original_firstorder_Median.nrrd,0.9716413067338089
709,original_firstorder_MeanAbsoluteDeviation.nrrd,original_firstorder_Minimum.nrrd,0.7270157394625931
710,original_firstorder_MeanAbsoluteDeviation.nrrd,original_firstorder_Range.nrrd,0.9773151696069233
711,original_firstorder_MeanAbsoluteDeviation.nrrd,original_firstorder_RobustMeanAbsoluteDeviation.nrrd,0.9963165628487543
712,original_firstorder_MeanAbsoluteDeviation.nrrd,original_firstorder_RootMeanSquared.nrrd,0.973307643212074
713,original_firstorder_MeanAbsoluteDeviation.nrrd,original_firstorder_Skewness.nrrd,-0.319898178
714,original_firstorder_MeanAbsoluteDeviation.nrrd,original_firstorder_TotalEnergy.nrrd,0.9460330638513011
715,original_firstorder_MeanAbsoluteDeviation.nrrd,original_firstorder_Uniformity.nrrd,0.8483761985127035
716,original_firstorder_MeanAbsoluteDeviation.nrrd,original_firstorder_Variance.nrrd,0.974049498513102
717,original_firstorder_MeanAbsoluteDeviation.nrrd,original_glcm_Autocorrelation.nrrd,0.9689001481456587
718,original_firstorder_MeanAbsoluteDeviation.nrrd,original_glcm_ClusterProminence.nrrd,0.8290066626368215
719,original_firstorder_MeanAbsoluteDeviation.nrrd,original_glcm_ClusterShade.nrrd,-0.29665476
720,original_firstorder_MeanAbsoluteDeviation.nrrd,original_glcm_ClusterTendency.nrrd,0.9626673370332313
721,original_firstorder_MeanAbsoluteDeviation.nrrd,original_glcm_Contrast.nrrd,0.948636719166107
722,original_firstorder_MeanAbsoluteDeviation.nrrd,original_glcm_Correlation.nrrd,0.9604831346871381
723,original_firstorder_MeanAbsoluteDeviation.nrrd,original_glcm_DifferenceAverage.nrrd,0.9842985645866743
724,original_firstorder_MeanAbsoluteDeviation.nrrd,original_glcm_DifferenceEntropy.nrrd,0.9766092858120056
725,original_firstorder_MeanAbsoluteDeviation.nrrd,original_glcm_DifferenceVariance.nrrd,0.9373325162719017
726,original_firstorder_MeanAbsoluteDeviation.nrrd,original_glcm_Id.nrrd,0.9107209295979062
727,original_firstorder_MeanAbsoluteDeviation.nrrd,original_glcm_Idm.nrrd,0.8819743258256766
728,original_firstorder_MeanAbsoluteDeviation.nrrd,original_glcm_Idmn.nrrd,0.9592917854397562
729,original_firstorder_MeanAbsoluteDeviation.nrrd,original_glcm_Idn.nrrd,0.956706273955645
730,original_firstorder_MeanAbsoluteDeviation.nrrd,original_glcm_Imc1.nrrd,-0.972168585
731,original_firstorder_MeanAbsoluteDeviation.nrrd,original_glcm_Imc2.nrrd,0.9658498617424467
732,original_firstorder_MeanAbsoluteDeviation.nrrd,original_glcm_InverseVariance.nrrd,0.8817254096674018
733,original_firstorder_MeanAbsoluteDeviation.nrrd,original_glcm_JointAverage.nrrd,0.9712806963976113
734,original_firstorder_MeanAbsoluteDeviation.nrrd,original_glcm_JointEnergy.nrrd,0.6707054895878983
735,original_firstorder_MeanAbsoluteDeviation.nrrd,original_glcm_JointEntropy.nrrd,0.9736938020825331
736,original_firstorder_MeanAbsoluteDeviation.nrrd,original_glcm_MaximumProbability.nrrd,0.7578645877237095
737,original_firstorder_MeanAbsoluteDeviation.nrrd,original_glcm_MCC.nrrd,0.9620753054943216
738,original_firstorder_MeanAbsoluteDeviation.nrrd,original_glcm_SumAverage.nrrd,0.9712806963976113
739,original_firstorder_MeanAbsoluteDeviation.nrrd,original_glcm_SumEntropy.nrrd,0.9762481345493221
740,original_firstorder_MeanAbsoluteDeviation.nrrd,original_glcm_SumSquares.nrrd,0.9686812489855082
741,original_firstorder_MeanAbsoluteDeviation.nrrd,original_gldm_DependenceEntropy.nrrd,0.9683142266967096
742,original_firstorder_MeanAbsoluteDeviation.nrrd,original_gldm_DependenceNonUniformity.nrrd,0.9673580534024513
743,original_firstorder_MeanAbsoluteDeviation.nrrd,original_gldm_DependenceNonUniformityNormalized.nrrd,0.980009404588785
744,original_firstorder_MeanAbsoluteDeviation.nrrd,original_gldm_DependenceVariance.nrrd,0.8479201593027718
745,original_firstorder_MeanAbsoluteDeviation.nrrd,original_gldm_GrayLevelNonUniformity.nrrd,0.8895870525485998
746,original_firstorder_MeanAbsoluteDeviation.nrrd,original_gldm_GrayLevelVariance.nrrd,0.9741198138094654
747,original_firstorder_MeanAbsoluteDeviation.nrrd,original_gldm_HighGrayLevelEmphasis.nrrd,0.9706429850786719
748,original_firstorder_MeanAbsoluteDeviation.nrrd,original_gldm_LargeDependenceEmphasis.nrrd,0.868076101517385
749,original_firstorder_MeanAbsoluteDeviation.nrrd,original_gldm_LargeDependenceHighGrayLevelEmphasis.nrrd,0.9044391533744268
750,original_firstorder_MeanAbsoluteDeviation.nrrd,original_gldm_LargeDependenceLowGrayLevelEmphasis.nrrd,0.8225426101958427
751,original_firstorder_MeanAbsoluteDeviation.nrrd,original_gldm_LowGrayLevelEmphasis.nrrd,0.7781408881690315
752,original_firstorder_MeanAbsoluteDeviation.nrrd,original_gldm_SmallDependenceEmphasis.nrrd,0.9797360444110992
753,original_firstorder_MeanAbsoluteDeviation.nrrd,original_gldm_SmallDependenceHighGrayLevelEmphasis.nrrd,0.9767972104180616
754,original_firstorder_MeanAbsoluteDeviation.nrrd,original_gldm_SmallDependenceLowGrayLevelEmphasis.nrrd,0.6725461526255271
755,original_firstorder_MeanAbsoluteDeviation.nrrd,original_glrlm_GrayLevelNonUniformity.nrrd,0.8945582510143459
756,original_firstorder_MeanAbsoluteDeviation.nrrd,original_glrlm_GrayLevelNonUniformityNormalized.nrrd,0.8501975776001255
757,original_firstorder_MeanAbsoluteDeviation.nrrd,original_glrlm_GrayLevelVariance.nrrd,0.9746934824004159
758,original_firstorder_MeanAbsoluteDeviation.nrrd,original_glrlm_HighGrayLevelRunEmphasis.nrrd,0.9706042757271568
759,original_firstorder_MeanAbsoluteDeviation.nrrd,original_glrlm_LongRunEmphasis.nrrd,0.9531087118190861
760,original_firstorder_MeanAbsoluteDeviation.nrrd,original_glrlm_LongRunHighGrayLevelEmphasis.nrrd,0.9668149489355374
761,original_firstorder_MeanAbsoluteDeviation.nrrd,original_glrlm_LongRunLowGrayLevelEmphasis.nrrd,0.7886001422895681
762,original_firstorder_MeanAbsoluteDeviation.nrrd,original_glrlm_LowGrayLevelRunEmphasis.nrrd,0.7733713394295955
763,original_firstorder_MeanAbsoluteDeviation.nrrd,original_glrlm_RunEntropy.nrrd,0.9747183067119334
764,original_firstorder_MeanAbsoluteDeviation.nrrd,original_glrlm_RunLengthNonUniformity.nrrd,0.9642995615094989
765,original_firstorder_MeanAbsoluteDeviation.nrrd,original_glrlm_RunLengthNonUniformityNormalized.nrrd,0.9640784457247703
766,original_firstorder_MeanAbsoluteDeviation.nrrd,original_glrlm_RunPercentage.nrrd,0.9622985994151918
767,original_firstorder_MeanAbsoluteDeviation.nrrd,original_glrlm_RunVariance.nrrd,0.868641906282931
768,original_firstorder_MeanAbsoluteDeviation.nrrd,original_glrlm_ShortRunEmphasis.nrrd,0.9617961898932615
769,original_firstorder_MeanAbsoluteDeviation.nrrd,original_glrlm_ShortRunHighGrayLevelEmphasis.nrrd,0.9714079852428797
770,original_firstorder_MeanAbsoluteDeviation.nrrd,original_glrlm_ShortRunLowGrayLevelEmphasis.nrrd,0.7691120114680363
771,original_firstorder_MeanAbsoluteDeviation.nrrd,original_glszm_GrayLevelNonUniformity.nrrd,0.9351144544308024
772,original_firstorder_MeanAbsoluteDeviation.nrrd,original_glszm_GrayLevelNonUniformityNormalized.nrrd,0.8638019120246827
773,original_firstorder_MeanAbsoluteDeviation.nrrd,original_glszm_GrayLevelVariance.nrrd,0.9781417405702464
774,original_firstorder_MeanAbsoluteDeviation.nrrd,original_glszm_HighGrayLevelZoneEmphasis.nrrd,0.9695130998838969
775,original_firstorder_MeanAbsoluteDeviation.nrrd,original_glszm_LargeAreaEmphasis.nrrd,0.661481765337412
776,original_firstorder_MeanAbsoluteDeviation.nrrd,original_glszm_LargeAreaHighGrayLevelEmphasis.nrrd,0.7052949649491381
777,original_firstorder_MeanAbsoluteDeviation.nrrd,original_glszm_LargeAreaLowGrayLevelEmphasis.nrrd,0.6597076134455353
778,original_firstorder_MeanAbsoluteDeviation.nrrd,original_glszm_LowGrayLevelZoneEmphasis.nrrd,0.7091819776626802
779,original_firstorder_MeanAbsoluteDeviation.nrrd,original_glszm_SizeZoneNonUniformity.nrrd,0.9620995180077722
780,original_firstorder_MeanAbsoluteDeviation.nrrd,original_glszm_SizeZoneNonUniformityNormalized.nrrd,0.9769371612653434
781,original_firstorder_MeanAbsoluteDeviation.nrrd,original_glszm_SmallAreaEmphasis.nrrd,0.9703192419864494
782,original_firstorder_MeanAbsoluteDeviation.nrrd,original_glszm_SmallAreaHighGrayLevelEmphasis.nrrd,0.9737420949658293
783,original_firstorder_MeanAbsoluteDeviation.nrrd,original_glszm_SmallAreaLowGrayLevelEmphasis.nrrd,0.6574908532786485
784,original_firstorder_MeanAbsoluteDeviation.nrrd,original_glszm_ZoneEntropy.nrrd,0.9684333243205939
785,original_firstorder_MeanAbsoluteDeviation.nrrd,original_glszm_ZonePercentage.nrrd,0.9786603597251748
786,original_firstorder_MeanAbsoluteDeviation.nrrd,original_glszm_ZoneVariance.nrrd,0.5168611551253324
787,original_firstorder_MeanAbsoluteDeviation.nrrd,original_ngtdm_Busyness.nrrd,0.8888552852552914
788,original_firstorder_MeanAbsoluteDeviation.nrrd,original_ngtdm_Coarseness.nrrd,0.814677286363224
789,original_firstorder_MeanAbsoluteDeviation.nrrd,original_ngtdm_Complexity.nrrd,0.9148826575694308
790,original_firstorder_MeanAbsoluteDeviation.nrrd,original_ngtdm_Contrast.nrrd,0.9822771534167807
791,original_firstorder_MeanAbsoluteDeviation.nrrd,original_ngtdm_Strength.nrrd,0.9566858428752101
792,original_firstorder_Median.nrrd,original_firstorder_Minimum.nrrd,0.823202729867755
793,original_firstorder_Median.nrrd,original_firstorder_Range.nrrd,0.9695355170855073
794,original_firstorder_Median.nrrd,original_firstorder_RobustMeanAbsoluteDeviation.nrrd,0.964020544125392
795,original_firstorder_Median.nrrd,original_firstorder_RootMeanSquared.nrrd,0.9995958329628913
796,original_firstorder_Median.nrrd,original_firstorder_Skewness.nrrd,-0.305109501
797,original_firstorder_Median.nrrd,original_firstorder_TotalEnergy.nrrd,0.943139999445126
798,original_firstorder_Median.nrrd,original_firstorder_Uniformity.nrrd,0.9334446058205665
799,original_firstorder_Median.nrrd,original_firstorder_Variance.nrrd,0.9018320185302753
800,original_firstorder_Median.nrrd,original_glcm_Autocorrelation.nrrd,0.9901778270850473
801,original_firstorder_Median.nrrd,original_glcm_ClusterProminence.nrrd,0.7119029703365879
802,original_firstorder_Median.nrrd,original_glcm_ClusterShade.nrrd,-0.244508788
803,original_firstorder_Median.nrrd,original_glcm_ClusterTendency.nrrd,0.8825598648988672
804,original_firstorder_Median.nrrd,original_glcm_Contrast.nrrd,0.8931932436190284
805,original_firstorder_Median.nrrd,original_glcm_Correlation.nrrd,0.9766286117877805
806,original_firstorder_Median.nrrd,original_glcm_DifferenceAverage.nrrd,0.9675270070458968
807,original_firstorder_Median.nrrd,original_glcm_DifferenceEntropy.nrrd,0.9913572492386471
808,original_firstorder_Median.nrrd,original_glcm_DifferenceVariance.nrrd,0.882552963348897
809,original_firstorder_Median.nrrd,original_glcm_Id.nrrd,0.9696485627499323
810,original_firstorder_Median.nrrd,original_glcm_Idm.nrrd,0.9511814021908241
811,original_firstorder_Median.nrrd,original_glcm_Idmn.nrrd,0.9914716144780983
812,original_firstorder_Median.nrrd,original_glcm_Idn.nrrd,0.9908531197856383
813,original_firstorder_Median.nrrd,original_glcm_Imc1.nrrd,-0.975136785
814,original_firstorder_Median.nrrd,original_glcm_Imc2.nrrd,0.991972551289525
815,original_firstorder_Median.nrrd,original_glcm_InverseVariance.nrrd,0.9510154326131915
816,original_firstorder_Median.nrrd,original_glcm_JointAverage.nrrd,0.9996257768430318
817,original_firstorder_Median.nrrd,original_glcm_JointEnergy.nrrd,0.7710693725780403
818,original_firstorder_Median.nrrd,original_glcm_JointEntropy.nrrd,0.9934377588314433
819,original_firstorder_Median.nrrd,original_glcm_MaximumProbability.nrrd,0.8510488678859602
820,original_firstorder_Median.nrrd,original_glcm_MCC.nrrd,0.9873092690636408
821,original_firstorder_Median.nrrd,original_glcm_SumAverage.nrrd,0.9996257768430319
822,original_firstorder_Median.nrrd,original_glcm_SumEntropy.nrrd,0.9934045720198608
823,original_firstorder_Median.nrrd,original_glcm_SumSquares.nrrd,0.8927550574495974
824,original_firstorder_Median.nrrd,original_gldm_DependenceEntropy.nrrd,0.9932829014916204
825,original_firstorder_Median.nrrd,original_gldm_DependenceNonUniformity.nrrd,0.9509776931273922
826,original_firstorder_Median.nrrd,original_gldm_DependenceNonUniformityNormalized.nrrd,0.9840920851117742
827,original_firstorder_Median.nrrd,original_gldm_DependenceVariance.nrrd,0.921332238887208
828,original_firstorder_Median.nrrd,original_gldm_GrayLevelNonUniformity.nrrd,0.9506980871808226
829,original_firstorder_Median.nrrd,original_gldm_GrayLevelVariance.nrrd,0.9019711365798582
830,original_firstorder_Median.nrrd,original_gldm_HighGrayLevelEmphasis.nrrd,0.9902772647193274
831,original_firstorder_Median.nrrd,original_gldm_LargeDependenceEmphasis.nrrd,0.9396704157667066
832,original_firstorder_Median.nrrd,original_gldm_LargeDependenceHighGrayLevelEmphasis.nrrd,0.9635170733816283
833,original_firstorder_Median.nrrd,original_gldm_LargeDependenceLowGrayLevelEmphasis.nrrd,0.8657514044892369
834,original_firstorder_Median.nrrd,original_gldm_LowGrayLevelEmphasis.nrrd,0.7515645569626169
835,original_firstorder_Median.nrrd,original_gldm_SmallDependenceEmphasis.nrrd,0.9860005298905372
836,original_firstorder_Median.nrrd,original_gldm_SmallDependenceHighGrayLevelEmphasis.nrrd,0.9739236381248326
837,original_firstorder_Median.nrrd,original_gldm_SmallDependenceLowGrayLevelEmphasis.nrrd,0.6213028596933251
838,original_firstorder_Median.nrrd,original_glrlm_GrayLevelNonUniformity.nrrd,0.9534826168496947
839,original_firstorder_Median.nrrd,original_glrlm_GrayLevelNonUniformityNormalized.nrrd,0.9347655441441552
840,original_firstorder_Median.nrrd,original_glrlm_GrayLevelVariance.nrrd,0.9033875831568211
841,original_firstorder_Median.nrrd,original_glrlm_HighGrayLevelRunEmphasis.nrrd,0.9902980615498839
842,original_firstorder_Median.nrrd,original_glrlm_LongRunEmphasis.nrrd,0.9898001358982944
843,original_firstorder_Median.nrrd,original_glrlm_LongRunHighGrayLevelEmphasis.nrrd,0.9914107756715739
844,original_firstorder_Median.nrrd,original_glrlm_LongRunLowGrayLevelEmphasis.nrrd,0.7678355073480011
845,original_firstorder_Median.nrrd,original_glrlm_LowGrayLevelRunEmphasis.nrrd,0.7462443260475145
846,original_firstorder_Median.nrrd,original_glrlm_RunEntropy.nrrd,0.9935089540589707
847,original_firstorder_Median.nrrd,original_glrlm_RunLengthNonUniformity.nrrd,0.9682764405725934
848,original_firstorder_Median.nrrd,original_glrlm_RunLengthNonUniformityNormalized.nrrd,0.9921879628772747
849,original_firstorder_Median.nrrd,original_glrlm_RunPercentage.nrrd,0.9919997009074233
850,original_firstorder_Median.nrrd,original_glrlm_RunVariance.nrrd,0.9406168894807558
851,original_firstorder_Median.nrrd,original_glrlm_ShortRunEmphasis.nrrd,0.9919273409861766
852,original_firstorder_Median.nrrd,original_glrlm_ShortRunHighGrayLevelEmphasis.nrrd,0.9898613597534133
853,original_firstorder_Median.nrrd,original_glrlm_ShortRunLowGrayLevelEmphasis.nrrd,0.7404367922937433
854,original_firstorder_Median.nrrd,original_glszm_GrayLevelNonUniformity.nrrd,0.9674611256468628
855,original_firstorder_Median.nrrd,original_glszm_GrayLevelNonUniformityNormalized.nrrd,0.9431735017892147
856,original_firstorder_Median.nrrd,original_glszm_GrayLevelVariance.nrrd,0.9184175839068235
857,original_firstorder_Median.nrrd,original_glszm_HighGrayLevelZoneEmphasis.nrrd,0.9900544122095749
858,original_firstorder_Median.nrrd,original_glszm_LargeAreaEmphasis.nrrd,0.759677640387545
859,original_firstorder_Median.nrrd,original_glszm_LargeAreaHighGrayLevelEmphasis.nrrd,0.795817054410578
860,original_firstorder_Median.nrrd,original_glszm_LargeAreaLowGrayLevelEmphasis.nrrd,0.7336909969123299
861,original_firstorder_Median.nrrd,original_glszm_LowGrayLevelZoneEmphasis.nrrd,0.676826052423156
862,original_firstorder_Median.nrrd,original_glszm_SizeZoneNonUniformity.nrrd,0.933732668137776
863,original_firstorder_Median.nrrd,original_glszm_SizeZoneNonUniformityNormalized.nrrd,0.989313242705033
864,original_firstorder_Median.nrrd,original_glszm_SmallAreaEmphasis.nrrd,0.9922558202390571
865,original_firstorder_Median.nrrd,original_glszm_SmallAreaHighGrayLevelEmphasis.nrrd,0.9857111241421044
866,original_firstorder_Median.nrrd,original_glszm_SmallAreaLowGrayLevelEmphasis.nrrd,0.6162183716128415
867,original_firstorder_Median.nrrd,original_glszm_ZoneEntropy.nrrd,0.9931480668227506
868,original_firstorder_Median.nrrd,original_glszm_ZonePercentage.nrrd,0.9869149119897128
869,original_firstorder_Median.nrrd,original_glszm_ZoneVariance.nrrd,0.6204864812293983
870,original_firstorder_Median.nrrd,original_ngtdm_Busyness.nrrd,0.9424486929064291
871,original_firstorder_Median.nrrd,original_ngtdm_Coarseness.nrrd,0.8706132485180036
872,original_firstorder_Median.nrrd,original_ngtdm_Complexity.nrrd,0.8440376588237826
873,original_firstorder_Median.nrrd,original_ngtdm_Contrast.nrrd,0.94373027128901
874,original_firstorder_Median.nrrd,original_ngtdm_Strength.nrrd,0.9276891223423118
875,original_firstorder_Minimum.nrrd,original_firstorder_Range.nrrd,0.6793042856452953
876,original_firstorder_Minimum.nrrd,original_firstorder_RobustMeanAbsoluteDeviation.nrrd,0.734939947067062
877,original_firstorder_Minimum.nrrd,original_firstorder_RootMeanSquared.nrrd,0.825288456640337
878,original_firstorder_Minimum.nrrd,original_firstorder_Skewness.nrrd,0.07667013715554709
879,original_firstorder_Minimum.nrrd,original_firstorder_TotalEnergy.nrrd,0.7267709141818888
880,original_firstorder_Minimum.nrrd,original_firstorder_Uniformity.nrrd,0.8633678868679279
881,original_firstorder_Minimum.nrrd,original_firstorder_Variance.nrrd,0.5955784411252335
882,original_firstorder_Minimum.nrrd,original_glcm_Autocorrelation.nrrd,0.8187394512811916
883,original_firstorder_Minimum.nrrd,original_glcm_ClusterProminence.nrrd,0.3578956236480203
884,original_firstorder_Minimum.nrrd,original_glcm_ClusterShade.nrrd,0.08248272418683127
885,original_firstorder_Minimum.nrrd,original_glcm_ClusterTendency.nrrd,0.5884580771136572
886,original_firstorder_Minimum.nrrd,original_glcm_Contrast.nrrd,0.5310563743470075
887,original_firstorder_Minimum.nrrd,original_glcm_Correlation.nrrd,0.8512445445703987
888,original_firstorder_Minimum.nrrd,original_glcm_DifferenceAverage.nrrd,0.6834413750504433
889,original_firstorder_Minimum.nrrd,original_glcm_DifferenceEntropy.nrrd,0.7766995648742653
890,original_firstorder_Minimum.nrrd,original_glcm_DifferenceVariance.nrrd,0.509273072590876
891,original_firstorder_Minimum.nrrd,original_glcm_Id.nrrd,0.8747813494128703
892,original_firstorder_Minimum.nrrd,original_glcm_Idm.nrrd,0.8887198444055996
893,original_firstorder_Minimum.nrrd,original_glcm_Idmn.nrrd,0.8225100691568152
894,original_firstorder_Minimum.nrrd,original_glcm_Idn.nrrd,0.8269109534033484
895,original_firstorder_Minimum.nrrd,original_glcm_Imc1.nrrd,-0.790604123
896,original_firstorder_Minimum.nrrd,original_glcm_Imc2.nrrd,0.8151739458475628
897,original_firstorder_Minimum.nrrd,original_glcm_InverseVariance.nrrd,0.889505594565678
898,original_firstorder_Minimum.nrrd,original_glcm_JointAverage.nrrd,0.8290680417913526
899,original_firstorder_Minimum.nrrd,original_glcm_JointEnergy.nrrd,0.8031869551479526
900,original_firstorder_Minimum.nrrd,original_glcm_JointEntropy.nrrd,0.7979364039227472
901,original_firstorder_Minimum.nrrd,original_glcm_MaximumProbability.nrrd,0.8534518210806475
902,original_firstorder_Minimum.nrrd,original_glcm_MCC.nrrd,0.8269182719157226
903,original_firstorder_Minimum.nrrd,original_glcm_SumAverage.nrrd,0.8290680417913525
904,original_firstorder_Minimum.nrrd,original_glcm_SumEntropy.nrrd,0.7997200889324682
905,original_firstorder_Minimum.nrrd,original_glcm_SumSquares.nrrd,0.5824057418743859
906,original_firstorder_Minimum.nrrd,original_gldm_DependenceEntropy.nrrd,0.8137813410047111
907,original_firstorder_Minimum.nrrd,original_gldm_DependenceNonUniformity.nrrd,0.6766165837675049
908,original_firstorder_Minimum.nrrd,original_gldm_DependenceNonUniformityNormalized.nrrd,0.7492337769643298
909,original_firstorder_Minimum.nrrd,original_gldm_DependenceVariance.nrrd,0.8734830095659359
910,original_firstorder_Minimum.nrrd,original_gldm_GrayLevelNonUniformity.nrrd,0.8102965172199165
911,original_firstorder_Minimum.nrrd,original_gldm_GrayLevelVariance.nrrd,0.5957498572171116
912,original_firstorder_Minimum.nrrd,original_gldm_HighGrayLevelEmphasis.nrrd,0.8143636479019891
913,original_firstorder_Minimum.nrrd,original_gldm_LargeDependenceEmphasis.nrrd,0.8855114569931145
914,original_firstorder_Minimum.nrrd,original_gldm_LargeDependenceHighGrayLevelEmphasis.nrrd,0.8859314025884777
915,original_firstorder_Minimum.nrrd,original_gldm_LargeDependenceLowGrayLevelEmphasis.nrrd,0.767483472086745
916,original_firstorder_Minimum.nrrd,original_gldm_LowGrayLevelEmphasis.nrrd,0.4864032636076552
917,original_firstorder_Minimum.nrrd,original_gldm_SmallDependenceEmphasis.nrrd,0.7529599415137601
918,original_firstorder_Minimum.nrrd,original_gldm_SmallDependenceHighGrayLevelEmphasis.nrrd,0.7497781021157723
919,original_firstorder_Minimum.nrrd,original_gldm_SmallDependenceLowGrayLevelEmphasis.nrrd,0.31749429848461913
920,original_firstorder_Minimum.nrrd,original_glrlm_GrayLevelNonUniformity.nrrd,0.8072403211921284
921,original_firstorder_Minimum.nrrd,original_glrlm_GrayLevelNonUniformityNormalized.nrrd,0.8634889408824012
922,original_firstorder_Minimum.nrrd,original_glrlm_GrayLevelVariance.nrrd,0.5962022268661594
923,original_firstorder_Minimum.nrrd,original_glrlm_HighGrayLevelRunEmphasis.nrrd,0.8147426009234222
924,original_firstorder_Minimum.nrrd,original_glrlm_LongRunEmphasis.nrrd,0.8330450513478809
925,original_firstorder_Minimum.nrrd,original_glrlm_LongRunHighGrayLevelEmphasis.nrrd,0.8271424585472377
926,original_firstorder_Minimum.nrrd,original_glrlm_LongRunLowGrayLevelEmphasis.nrrd,0.5142555934739399
927,original_firstorder_Minimum.nrrd,original_glrlm_LowGrayLevelRunEmphasis.nrrd,0.4800092526426588
928,original_firstorder_Minimum.nrrd,original_glrlm_RunEntropy.nrrd,0.8014201483426714
929,original_firstorder_Minimum.nrrd,original_glrlm_RunLengthNonUniformity.nrrd,0.735918484615209
930,original_firstorder_Minimum.nrrd,original_glrlm_RunLengthNonUniformityNormalized.nrrd,0.8127431056862029
931,original_firstorder_Minimum.nrrd,original_glrlm_RunPercentage.nrrd,0.8166126331131458
932,original_firstorder_Minimum.nrrd,original_glrlm_RunVariance.nrrd,0.8883548383231946
933,original_firstorder_Minimum.nrrd,original_glrlm_ShortRunEmphasis.nrrd,0.8176660877967764
934,original_firstorder_Minimum.nrrd,original_glrlm_ShortRunHighGrayLevelEmphasis.nrrd,0.8115135793660702
935,original_firstorder_Minimum.nrrd,original_glrlm_ShortRunLowGrayLevelEmphasis.nrrd,0.47129984637714484
936,original_firstorder_Minimum.nrrd,original_glszm_GrayLevelNonUniformity.nrrd,0.7616128084607899
937,original_firstorder_Minimum.nrrd,original_glszm_GrayLevelNonUniformityNormalized.nrrd,0.8666909044835939
938,original_firstorder_Minimum.nrrd,original_glszm_GrayLevelVariance.nrrd,0.6021747358766115
939,original_firstorder_Minimum.nrrd,original_glszm_HighGrayLevelZoneEmphasis.nrrd,0.8197109198273161
940,original_firstorder_Minimum.nrrd,original_glszm_LargeAreaEmphasis.nrrd,0.8141825377834947
941,original_firstorder_Minimum.nrrd,original_glszm_LargeAreaHighGrayLevelEmphasis.nrrd,0.8241997886616572
942,original_firstorder_Minimum.nrrd,original_glszm_LargeAreaLowGrayLevelEmphasis.nrrd,0.7453344215424993
943,original_firstorder_Minimum.nrrd,original_glszm_LowGrayLevelZoneEmphasis.nrrd,0.40128999794171416
944,original_firstorder_Minimum.nrrd,original_glszm_SizeZoneNonUniformity.nrrd,0.6330837941389599
945,original_firstorder_Minimum.nrrd,original_glszm_SizeZoneNonUniformityNormalized.nrrd,0.7697603544239338
946,original_firstorder_Minimum.nrrd,original_glszm_SmallAreaEmphasis.nrrd,0.7962645247316917
947,original_firstorder_Minimum.nrrd,original_glszm_SmallAreaHighGrayLevelEmphasis.nrrd,0.7958454842600703
948,original_firstorder_Minimum.nrrd,original_glszm_SmallAreaLowGrayLevelEmphasis.nrrd,0.328209338122245
949,original_firstorder_Minimum.nrrd,original_glszm_ZoneEntropy.nrrd,0.8106434292425514
950,original_firstorder_Minimum.nrrd,original_glszm_ZonePercentage.nrrd,0.7586631842004561
951,original_firstorder_Minimum.nrrd,original_glszm_ZoneVariance.nrrd,0.7195238081824532
952,original_firstorder_Minimum.nrrd,original_ngtdm_Busyness.nrrd,0.8404625187960741
953,original_firstorder_Minimum.nrrd,original_ngtdm_Coarseness.nrrd,0.8396274021065371
954,original_firstorder_Minimum.nrrd,original_ngtdm_Complexity.nrrd,0.44897681143158874
955,original_firstorder_Minimum.nrrd,original_ngtdm_Contrast.nrrd,0.6929228432801746
956,original_firstorder_Minimum.nrrd,original_ngtdm_Strength.nrrd,0.6433582585554932
957,original_firstorder_Range.nrrd,original_firstorder_RobustMeanAbsoluteDeviation.nrrd,0.960851872551801
958,original_firstorder_Range.nrrd,original_firstorder_RootMeanSquared.nrrd,0.970594028605275
959,original_firstorder_Range.nrrd,original_firstorder_Skewness.nrrd,-0.345869588
960,original_firstorder_Range.nrrd,original_firstorder_TotalEnergy.nrrd,0.9355788225490098
961,original_firstorder_Range.nrrd,original_firstorder_Uniformity.nrrd,0.8682860812777984
962,original_firstorder_Range.nrrd,original_firstorder_Variance.nrrd,0.9405072130805165
963,original_firstorder_Range.nrrd,original_glcm_Autocorrelation.nrrd,0.9556098604467708
964,original_firstorder_Range.nrrd,original_glcm_ClusterProminence.nrrd,0.7872687137971587
965,original_firstorder_Range.nrrd,original_glcm_ClusterShade.nrrd,-0.279708032
966,original_firstorder_Range.nrrd,original_glcm_ClusterTendency.nrrd,0.919069720549473
967,original_firstorder_Range.nrrd,original_glcm_Contrast.nrrd,0.9509015330597591
968,original_firstorder_Range.nrrd,original_glcm_Correlation.nrrd,0.9393826968195392
969,original_firstorder_Range.nrrd,original_glcm_DifferenceAverage.nrrd,0.9888371342874247
970,original_firstorder_Range.nrrd,original_glcm_DifferenceEntropy.nrrd,0.983259790804037
971,original_firstorder_Range.nrrd,original_glcm_DifferenceVariance.nrrd,0.9449656770019379
972,original_firstorder_Range.nrrd,original_glcm_Id.nrrd,0.9150118525077963
973,original_firstorder_Range.nrrd,original_glcm_Idm.nrrd,0.8849519327728361
974,original_firstorder_Range.nrrd,original_glcm_Idmn.nrrd,0.9649045831705926
975,original_firstorder_Range.nrrd,original_glcm_Idn.nrrd,0.9623335961999884
976,original_firstorder_Range.nrrd,original_glcm_Imc1.nrrd,-0.958145598
977,original_firstorder_Range.nrrd,original_glcm_Imc2.nrrd,0.9690733576299778
978,original_firstorder_Range.nrrd,original_glcm_InverseVariance.nrrd,0.8844868068368347
979,original_firstorder_Range.nrrd,original_glcm_JointAverage.nrrd,0.968538785327645
980,original_firstorder_Range.nrrd,original_glcm_JointEnergy.nrrd,0.6731839479707991
981,original_firstorder_Range.nrrd,original_glcm_JointEntropy.nrrd,0.9784831314740614
982,original_firstorder_Range.nrrd,original_glcm_MaximumProbability.nrrd,0.7602867959104876
983,original_firstorder_Range.nrrd,original_glcm_MCC.nrrd,0.9612874684941114
984,original_firstorder_Range.nrrd,original_glcm_SumAverage.nrrd,0.9685387853276451
985,original_firstorder_Range.nrrd,original_glcm_SumEntropy.nrrd,0.9779717033464799
986,original_firstorder_Range.nrrd,original_glcm_SumSquares.nrrd,0.9338228587807754
987,original_firstorder_Range.nrrd,original_gldm_DependenceEntropy.nrrd,0.9720220844727085
988,original_firstorder_Range.nrrd,original_gldm_DependenceNonUniformity.nrrd,0.9750772395668997
989,original_firstorder_Range.nrrd,original_gldm_DependenceNonUniformityNormalized.nrrd,0.9839594197143405
990,original_firstorder_Range.nrrd,original_gldm_DependenceVariance.nrrd,0.8513465926087508
991,original_firstorder_Range.nrrd,original_gldm_GrayLevelNonUniformity.nrrd,0.9203954308790441
992,original_firstorder_Range.nrrd,original_gldm_GrayLevelVariance.nrrd,0.9406449894354642
993,original_firstorder_Range.nrrd,original_gldm_HighGrayLevelEmphasis.nrrd,0.958270315735906
994,original_firstorder_Range.nrrd,original_gldm_LargeDependenceEmphasis.nrrd,0.8712675903196531
995,original_firstorder_Range.nrrd,original_gldm_LargeDependenceHighGrayLevelEmphasis.nrrd,0.8902738755656611
996,original_firstorder_Range.nrrd,original_gldm_LargeDependenceLowGrayLevelEmphasis.nrrd,0.8301099943524612
997,original_firstorder_Range.nrrd,original_gldm_LowGrayLevelEmphasis.nrrd,0.7903738361248375
998,original_firstorder_Range.nrrd,original_gldm_SmallDependenceEmphasis.nrrd,0.9852894915322981
999,original_firstorder_Range.nrrd,original_gldm_SmallDependenceHighGrayLevelEmphasis.nrrd,0.9652958002446963
1000,original_firstorder_Range.nrrd,original_gldm_SmallDependenceLowGrayLevelEmphasis.nrrd,0.6864305834916289
1001,original_firstorder_Range.nrrd,original_glrlm_GrayLevelNonUniformity.nrrd,0.9253389098186621
1002,original_firstorder_Range.nrrd,original_glrlm_GrayLevelNonUniformityNormalized.nrrd,0.8700285508292455
1003,original_firstorder_Range.nrrd,original_glrlm_GrayLevelVariance.nrrd,0.9424709101409314
1004,original_firstorder_Range.nrrd,original_glrlm_HighGrayLevelRunEmphasis.nrrd,0.958376585929018
1005,original_firstorder_Range.nrrd,original_glrlm_LongRunEmphasis.nrrd,0.9584638272698653
1006,original_firstorder_Range.nrrd,original_glrlm_LongRunHighGrayLevelEmphasis.nrrd,0.9543329150898339
1007,original_firstorder_Range.nrrd,original_glrlm_LongRunLowGrayLevelEmphasis.nrrd,0.8006851555193552
1008,original_firstorder_Range.nrrd,original_glrlm_LowGrayLevelRunEmphasis.nrrd,0.7858362403012252
1009,original_firstorder_Range.nrrd,original_glrlm_RunEntropy.nrrd,0.9772591023633659
1010,original_firstorder_Range.nrrd,original_glrlm_RunLengthNonUniformity.nrrd,0.974975762769155
1011,original_firstorder_Range.nrrd,original_glrlm_RunLengthNonUniformityNormalized.nrrd,0.969738876406348
1012,original_firstorder_Range.nrrd,original_glrlm_RunPercentage.nrrd,0.9679402185221173
1013,original_firstorder_Range.nrrd,original_glrlm_RunVariance.nrrd,0.871999315030522
1014,original_firstorder_Range.nrrd,original_glrlm_ShortRunEmphasis.nrrd,0.9674250436968258
1015,original_firstorder_Range.nrrd,original_glrlm_ShortRunHighGrayLevelEmphasis.nrrd,0.9592395417745869
1016,original_firstorder_Range.nrrd,original_glrlm_ShortRunLowGrayLevelEmphasis.nrrd,0.7816477455612417
1017,original_firstorder_Range.nrrd,original_glszm_GrayLevelNonUniformity.nrrd,0.9610641355399981
1018,original_firstorder_Range.nrrd,original_glszm_GrayLevelNonUniformityNormalized.nrrd,0.8788298591418187
1019,original_firstorder_Range.nrrd,original_glszm_GrayLevelVariance.nrrd,0.9621696049418003
1020,original_firstorder_Range.nrrd,original_glszm_HighGrayLevelZoneEmphasis.nrrd,0.9590777766400617
1021,original_firstorder_Range.nrrd,original_glszm_LargeAreaEmphasis.nrrd,0.6596517433559037
1022,original_firstorder_Range.nrrd,original_glszm_LargeAreaHighGrayLevelEmphasis.nrrd,0.6923687312752893
1023,original_firstorder_Range.nrrd,original_glszm_LargeAreaLowGrayLevelEmphasis.nrrd,0.6615151110329028
1024,original_firstorder_Range.nrrd,original_glszm_LowGrayLevelZoneEmphasis.nrrd,0.7251356143449614
1025,original_firstorder_Range.nrrd,original_glszm_SizeZoneNonUniformity.nrrd,0.9698948517520039
1026,original_firstorder_Range.nrrd,original_glszm_SizeZoneNonUniformityNormalized.nrrd,0.9828885715039388
1027,original_firstorder_Range.nrrd,original_glszm_SmallAreaEmphasis.nrrd,0.976302276969179
1028,original_firstorder_Range.nrrd,original_glszm_SmallAreaHighGrayLevelEmphasis.nrrd,0.9640042160216248
1029,original_firstorder_Range.nrrd,original_glszm_SmallAreaLowGrayLevelEmphasis.nrrd,0.6749275816718464
1030,original_firstorder_Range.nrrd,original_glszm_ZoneEntropy.nrrd,0.9732626694322196
1031,original_firstorder_Range.nrrd,original_glszm_ZonePercentage.nrrd,0.9842673016812564
1032,original_firstorder_Range.nrrd,original_glszm_ZoneVariance.nrrd,0.5134507437151378
1033,original_firstorder_Range.nrrd,original_ngtdm_Busyness.nrrd,0.892987841063827
1034,original_firstorder_Range.nrrd,original_ngtdm_Coarseness.nrrd,0.7947054865163216
1035,original_firstorder_Range.nrrd,original_ngtdm_Complexity.nrrd,0.9271876398700543
1036,original_firstorder_Range.nrrd,original_ngtdm_Contrast.nrrd,0.9445666315154373
1037,original_firstorder_Range.nrrd,original_ngtdm_Strength.nrrd,0.9606060107787844
1038,original_firstorder_RobustMeanAbsoluteDeviation.nrrd,original_firstorder_RootMeanSquared.nrrd,0.9658460810129132
1039,original_firstorder_RobustMeanAbsoluteDeviation.nrrd,original_firstorder_Skewness.nrrd,-0.308511212
1040,original_firstorder_RobustMeanAbsoluteDeviation.nrrd,original_firstorder_TotalEnergy.nrrd,0.9450766085013478
1041,original_firstorder_RobustMeanAbsoluteDeviation.nrrd,original_firstorder_Uniformity.nrrd,0.8324912623943035
1042,original_firstorder_RobustMeanAbsoluteDeviation.nrrd,original_firstorder_Variance.nrrd,0.9708679633587705
1043,original_firstorder_RobustMeanAbsoluteDeviation.nrrd,original_glcm_Autocorrelation.nrrd,0.9669777965916164
1044,original_firstorder_RobustMeanAbsoluteDeviation.nrrd,original_glcm_ClusterProminence.nrrd,0.8242991299570975
1045,original_firstorder_RobustMeanAbsoluteDeviation.nrrd,original_glcm_ClusterShade.nrrd,-0.293171198
1046,original_firstorder_RobustMeanAbsoluteDeviation.nrrd,original_glcm_ClusterTendency.nrrd,0.9637937033563457
1047,original_firstorder_RobustMeanAbsoluteDeviation.nrrd,original_glcm_Contrast.nrrd,0.9326803248722888
1048,original_firstorder_RobustMeanAbsoluteDeviation.nrrd,original_glcm_Correlation.nrrd,0.9568576912007912
1049,original_firstorder_RobustMeanAbsoluteDeviation.nrrd,original_glcm_DifferenceAverage.nrrd,0.9703221555169294
1050,original_firstorder_RobustMeanAbsoluteDeviation.nrrd,original_glcm_DifferenceEntropy.nrrd,0.9637029350608618
1051,original_firstorder_RobustMeanAbsoluteDeviation.nrrd,original_glcm_DifferenceVariance.nrrd,0.9191913130798403
1052,original_firstorder_RobustMeanAbsoluteDeviation.nrrd,original_glcm_Id.nrrd,0.9004437383542698
1053,original_firstorder_RobustMeanAbsoluteDeviation.nrrd,original_glcm_Idm.nrrd,0.8724098961781053
1054,original_firstorder_RobustMeanAbsoluteDeviation.nrrd,original_glcm_Idmn.nrrd,0.9475368342141899
1055,original_firstorder_RobustMeanAbsoluteDeviation.nrrd,original_glcm_Idn.nrrd,0.9450490670335151
1056,original_firstorder_RobustMeanAbsoluteDeviation.nrrd,original_glcm_Imc1.nrrd,-0.96324588
1057,original_firstorder_RobustMeanAbsoluteDeviation.nrrd,original_glcm_Imc2.nrrd,0.9543469492169805
1058,original_firstorder_RobustMeanAbsoluteDeviation.nrrd,original_glcm_InverseVariance.nrrd,0.872232513872734
1059,original_firstorder_RobustMeanAbsoluteDeviation.nrrd,original_glcm_JointAverage.nrrd,0.9640543611983695
1060,original_firstorder_RobustMeanAbsoluteDeviation.nrrd,original_glcm_JointEnergy.nrrd,0.6601821691254111
1061,original_firstorder_RobustMeanAbsoluteDeviation.nrrd,original_glcm_JointEntropy.nrrd,0.9622431697695161
1062,original_firstorder_RobustMeanAbsoluteDeviation.nrrd,original_glcm_MaximumProbability.nrrd,0.7459747707297874
1063,original_firstorder_RobustMeanAbsoluteDeviation.nrrd,original_glcm_MCC.nrrd,0.9518360773177498
1064,original_firstorder_RobustMeanAbsoluteDeviation.nrrd,original_glcm_SumAverage.nrrd,0.9640543611983696
1065,original_firstorder_RobustMeanAbsoluteDeviation.nrrd,original_glcm_SumEntropy.nrrd,0.9653867252586127
1066,original_firstorder_RobustMeanAbsoluteDeviation.nrrd,original_glcm_SumSquares.nrrd,0.9664141430576917
1067,original_firstorder_RobustMeanAbsoluteDeviation.nrrd,original_gldm_DependenceEntropy.nrrd,0.9570947764138354
1068,original_firstorder_RobustMeanAbsoluteDeviation.nrrd,original_gldm_DependenceNonUniformity.nrrd,0.9560353926793445
1069,original_firstorder_RobustMeanAbsoluteDeviation.nrrd,original_gldm_DependenceNonUniformityNormalized.nrrd,0.9675307189170304
1070,original_firstorder_RobustMeanAbsoluteDeviation.nrrd,original_gldm_DependenceVariance.nrrd,0.8379664212527866
1071,original_firstorder_RobustMeanAbsoluteDeviation.nrrd,original_gldm_GrayLevelNonUniformity.nrrd,0.8719082932160368
1072,original_firstorder_RobustMeanAbsoluteDeviation.nrrd,original_gldm_GrayLevelVariance.nrrd,0.9709283940587351
1073,original_firstorder_RobustMeanAbsoluteDeviation.nrrd,original_gldm_HighGrayLevelEmphasis.nrrd,0.9682008250850993
1074,original_firstorder_RobustMeanAbsoluteDeviation.nrrd,original_gldm_LargeDependenceEmphasis.nrrd,0.8583994803029934
1075,original_firstorder_RobustMeanAbsoluteDeviation.nrrd,original_gldm_LargeDependenceHighGrayLevelEmphasis.nrrd,0.903149210344543
1076,original_firstorder_RobustMeanAbsoluteDeviation.nrrd,original_gldm_LargeDependenceLowGrayLevelEmphasis.nrrd,0.8036259113230342
1077,original_firstorder_RobustMeanAbsoluteDeviation.nrrd,original_gldm_LowGrayLevelEmphasis.nrrd,0.7498639424589555
1078,original_firstorder_RobustMeanAbsoluteDeviation.nrrd,original_gldm_SmallDependenceEmphasis.nrrd,0.966827834270999
1079,original_firstorder_RobustMeanAbsoluteDeviation.nrrd,original_gldm_SmallDependenceHighGrayLevelEmphasis.nrrd,0.973469894981462
1080,original_firstorder_RobustMeanAbsoluteDeviation.nrrd,original_gldm_SmallDependenceLowGrayLevelEmphasis.nrrd,0.6424408162863392
1081,original_firstorder_RobustMeanAbsoluteDeviation.nrrd,original_glrlm_GrayLevelNonUniformity.nrrd,0.8769765196535558
1082,original_firstorder_RobustMeanAbsoluteDeviation.nrrd,original_glrlm_GrayLevelNonUniformityNormalized.nrrd,0.8344592714575692
1083,original_firstorder_RobustMeanAbsoluteDeviation.nrrd,original_glrlm_GrayLevelVariance.nrrd,0.9709500415704626
1084,original_firstorder_RobustMeanAbsoluteDeviation.nrrd,original_glrlm_HighGrayLevelRunEmphasis.nrrd,0.9681011514740999
1085,original_firstorder_RobustMeanAbsoluteDeviation.nrrd,original_glrlm_LongRunEmphasis.nrrd,0.9415431486761061
1086,original_firstorder_RobustMeanAbsoluteDeviation.nrrd,original_glrlm_LongRunHighGrayLevelEmphasis.nrrd,0.9644630125521844
1087,original_firstorder_RobustMeanAbsoluteDeviation.nrrd,original_glrlm_LongRunLowGrayLevelEmphasis.nrrd,0.7607890425526531
1088,original_firstorder_RobustMeanAbsoluteDeviation.nrrd,original_glrlm_LowGrayLevelRunEmphasis.nrrd,0.744963775147638
1089,original_firstorder_RobustMeanAbsoluteDeviation.nrrd,original_glrlm_RunEntropy.nrrd,0.963496436733011
1090,original_firstorder_RobustMeanAbsoluteDeviation.nrrd,original_glrlm_RunLengthNonUniformity.nrrd,0.9528240146647431
1091,original_firstorder_RobustMeanAbsoluteDeviation.nrrd,original_glrlm_RunLengthNonUniformityNormalized.nrrd,0.9521400663636088
1092,original_firstorder_RobustMeanAbsoluteDeviation.nrrd,original_glrlm_RunPercentage.nrrd,0.9504239029352702
1093,original_firstorder_RobustMeanAbsoluteDeviation.nrrd,original_glrlm_RunVariance.nrrd,0.8591229851700991
1094,original_firstorder_RobustMeanAbsoluteDeviation.nrrd,original_glrlm_ShortRunEmphasis.nrrd,0.9499380924218205
1095,original_firstorder_RobustMeanAbsoluteDeviation.nrrd,original_glrlm_ShortRunHighGrayLevelEmphasis.nrrd,0.9688651541620147
1096,original_firstorder_RobustMeanAbsoluteDeviation.nrrd,original_glrlm_ShortRunLowGrayLevelEmphasis.nrrd,0.740567906027025
1097,original_firstorder_RobustMeanAbsoluteDeviation.nrrd,original_glszm_GrayLevelNonUniformity.nrrd,0.9197197593803769
1098,original_firstorder_RobustMeanAbsoluteDeviation.nrrd,original_glszm_GrayLevelNonUniformityNormalized.nrrd,0.8509460216121677
1099,original_firstorder_RobustMeanAbsoluteDeviation.nrrd,original_glszm_GrayLevelVariance.nrrd,0.9677957073145719
1100,original_firstorder_RobustMeanAbsoluteDeviation.nrrd,original_glszm_HighGrayLevelZoneEmphasis.nrrd,0.9662482233016355
1101,original_firstorder_RobustMeanAbsoluteDeviation.nrrd,original_glszm_LargeAreaEmphasis.nrrd,0.6533102355669752
1102,original_firstorder_RobustMeanAbsoluteDeviation.nrrd,original_glszm_LargeAreaHighGrayLevelEmphasis.nrrd,0.7025204737138193
1103,original_firstorder_RobustMeanAbsoluteDeviation.nrrd,original_glszm_LargeAreaLowGrayLevelEmphasis.nrrd,0.6443897896319889
1104,original_firstorder_RobustMeanAbsoluteDeviation.nrrd,original_glszm_LowGrayLevelZoneEmphasis.nrrd,0.6795432141404799
1105,original_firstorder_RobustMeanAbsoluteDeviation.nrrd,original_glszm_SizeZoneNonUniformity.nrrd,0.9500449837196141
1106,original_firstorder_RobustMeanAbsoluteDeviation.nrrd,original_glszm_SizeZoneNonUniformityNormalized.nrrd,0.96385174
1107,original_firstorder_RobustMeanAbsoluteDeviation.nrrd,original_glszm_SmallAreaEmphasis.nrrd,0.9578153062398556
1108,original_firstorder_RobustMeanAbsoluteDeviation.nrrd,original_glszm_SmallAreaHighGrayLevelEmphasis.nrrd,0.9699440830987729
1109,original_firstorder_RobustMeanAbsoluteDeviation.nrrd,original_glszm_SmallAreaLowGrayLevelEmphasis.nrrd,0.6272249642032542
1110,original_firstorder_RobustMeanAbsoluteDeviation.nrrd,original_glszm_ZoneEntropy.nrrd,0.9567209933096759
1111,original_firstorder_RobustMeanAbsoluteDeviation.nrrd,original_glszm_ZonePercentage.nrrd,0.9659426989637792
1112,original_firstorder_RobustMeanAbsoluteDeviation.nrrd,original_glszm_ZoneVariance.nrrd,0.5095442864406544
1113,original_firstorder_RobustMeanAbsoluteDeviation.nrrd,original_ngtdm_Busyness.nrrd,0.8810281788266673
1114,original_firstorder_RobustMeanAbsoluteDeviation.nrrd,original_ngtdm_Coarseness.nrrd,0.8110118551467749
1115,original_firstorder_RobustMeanAbsoluteDeviation.nrrd,original_ngtdm_Complexity.nrrd,0.895391444627998
1116,original_firstorder_RobustMeanAbsoluteDeviation.nrrd,original_ngtdm_Contrast.nrrd,0.9809094670473998
1117,original_firstorder_RobustMeanAbsoluteDeviation.nrrd,original_ngtdm_Strength.nrrd,0.939668201999754
1118,original_firstorder_RootMeanSquared.nrrd,original_firstorder_Skewness.nrrd,-0.286441709
1119,original_firstorder_RootMeanSquared.nrrd,original_firstorder_TotalEnergy.nrrd,0.9447531384661545
1120,original_firstorder_RootMeanSquared.nrrd,original_firstorder_Uniformity.nrrd,0.9315805844419318
1121,original_firstorder_RootMeanSquared.nrrd,original_firstorder_Variance.nrrd,0.9044740044839863
1122,original_firstorder_RootMeanSquared.nrrd,original_glcm_Autocorrelation.nrrd,0.9906813415298473
1123,original_firstorder_RootMeanSquared.nrrd,original_glcm_ClusterProminence.nrrd,0.7147255917073478
1124,original_firstorder_RootMeanSquared.nrrd,original_glcm_ClusterShade.nrrd,-0.22511557
1125,original_firstorder_RootMeanSquared.nrrd,original_glcm_ClusterTendency.nrrd,0.8862232503105983
1126,original_firstorder_RootMeanSquared.nrrd,original_glcm_Contrast.nrrd,0.8932751021025653
1127,original_firstorder_RootMeanSquared.nrrd,original_glcm_Correlation.nrrd,0.9788464151448582
1128,original_firstorder_RootMeanSquared.nrrd,original_glcm_DifferenceAverage.nrrd,0.967864934436175
1129,original_firstorder_RootMeanSquared.nrrd,original_glcm_DifferenceEntropy.nrrd,0.9914900989899925
1130,original_firstorder_RootMeanSquared.nrrd,original_glcm_DifferenceVariance.nrrd,0.882093061169174
1131,original_firstorder_RootMeanSquared.nrrd,original_glcm_Id.nrrd,0.9692440126458789
1132,original_firstorder_RootMeanSquared.nrrd,original_glcm_Idm.nrrd,0.950580959123433
1133,original_firstorder_RootMeanSquared.nrrd,original_glcm_Idmn.nrrd,0.9914709766429373
1134,original_firstorder_RootMeanSquared.nrrd,original_glcm_Idn.nrrd,0.9908313191542593
1135,original_firstorder_RootMeanSquared.nrrd,original_glcm_Imc1.nrrd,-0.976295897
1136,original_firstorder_RootMeanSquared.nrrd,original_glcm_Imc2.nrrd,0.9922090291610132
1137,original_firstorder_RootMeanSquared.nrrd,original_glcm_InverseVariance.nrrd,0.9504366258484381
1138,original_firstorder_RootMeanSquared.nrrd,original_glcm_JointAverage.nrrd,0.9999279794597247
1139,original_firstorder_RootMeanSquared.nrrd,original_glcm_JointEnergy.nrrd,0.7684467232698993
1140,original_firstorder_RootMeanSquared.nrrd,original_glcm_JointEntropy.nrrd,0.9938684527073609
1141,original_firstorder_RootMeanSquared.nrrd,original_glcm_MaximumProbability.nrrd,0.8487975303784832
1142,original_firstorder_RootMeanSquared.nrrd,original_glcm_MCC.nrrd,0.9881587718174344
1143,original_firstorder_RootMeanSquared.nrrd,original_glcm_SumAverage.nrrd,0.9999279794597246
1144,original_firstorder_RootMeanSquared.nrrd,original_glcm_SumEntropy.nrrd,0.9939855496006929
1145,original_firstorder_RootMeanSquared.nrrd,original_glcm_SumSquares.nrrd,0.8957383395914988
1146,original_firstorder_RootMeanSquared.nrrd,original_gldm_DependenceEntropy.nrrd,0.9936340128670137
1147,original_firstorder_RootMeanSquared.nrrd,original_gldm_DependenceNonUniformity.nrrd,0.9527797702665008
1148,original_firstorder_RootMeanSquared.nrrd,original_gldm_DependenceNonUniformityNormalized.nrrd,0.9844337284755104
1149,original_firstorder_RootMeanSquared.nrrd,original_gldm_DependenceVariance.nrrd,0.9202787584149154
1150,original_firstorder_RootMeanSquared.nrrd,original_gldm_GrayLevelNonUniformity.nrrd,0.9500221840179321
1151,original_firstorder_RootMeanSquared.nrrd,original_gldm_GrayLevelVariance.nrrd,0.904616755248248
1152,original_firstorder_RootMeanSquared.nrrd,original_gldm_HighGrayLevelEmphasis.nrrd,0.9908972878285517
1153,original_firstorder_RootMeanSquared.nrrd,original_gldm_LargeDependenceEmphasis.nrrd,0.9388789640449658
1154,original_firstorder_RootMeanSquared.nrrd,original_gldm_LargeDependenceHighGrayLevelEmphasis.nrrd,0.9622984663078948
1155,original_firstorder_RootMeanSquared.nrrd,original_gldm_LargeDependenceLowGrayLevelEmphasis.nrrd,0.8642350381295512
1156,original_firstorder_RootMeanSquared.nrrd,original_gldm_LowGrayLevelEmphasis.nrrd,0.7489784139225266
1157,original_firstorder_RootMeanSquared.nrrd,original_gldm_SmallDependenceEmphasis.nrrd,0.9862847806981065
1158,original_firstorder_RootMeanSquared.nrrd,original_gldm_SmallDependenceHighGrayLevelEmphasis.nrrd,0.9754288912543002
1159,original_firstorder_RootMeanSquared.nrrd,original_gldm_SmallDependenceLowGrayLevelEmphasis.nrrd,0.618577628505798
1160,original_firstorder_RootMeanSquared.nrrd,original_glrlm_GrayLevelNonUniformity.nrrd,0.952895015880551
1161,original_firstorder_RootMeanSquared.nrrd,original_glrlm_GrayLevelNonUniformityNormalized.nrrd,0.9329455486225265
1162,original_firstorder_RootMeanSquared.nrrd,original_glrlm_GrayLevelVariance.nrrd,0.9059711806962472
1163,original_firstorder_RootMeanSquared.nrrd,original_glrlm_HighGrayLevelRunEmphasis.nrrd,0.9909637943758973
1164,original_firstorder_RootMeanSquared.nrrd,original_glrlm_LongRunEmphasis.nrrd,0.9897155418383174
1165,original_firstorder_RootMeanSquared.nrrd,original_glrlm_LongRunHighGrayLevelEmphasis.nrrd,0.9918652900205274
1166,original_firstorder_RootMeanSquared.nrrd,original_glrlm_LongRunLowGrayLevelEmphasis.nrrd,0.7652826341031083
1167,original_firstorder_RootMeanSquared.nrrd,original_glrlm_LowGrayLevelRunEmphasis.nrrd,0.7436225202776481
1168,original_firstorder_RootMeanSquared.nrrd,original_glrlm_RunEntropy.nrrd,0.9939594020117289
1169,original_firstorder_RootMeanSquared.nrrd,original_glrlm_RunLengthNonUniformity.nrrd,0.9697344822364523
1170,original_firstorder_RootMeanSquared.nrrd,original_glrlm_RunLengthNonUniformityNormalized.nrrd,0.9922404660227794
1171,original_firstorder_RootMeanSquared.nrrd,original_glrlm_RunPercentage.nrrd,0.9920284002800046
1172,original_firstorder_RootMeanSquared.nrrd,original_glrlm_RunVariance.nrrd,0.939913011106994
1173,original_firstorder_RootMeanSquared.nrrd,original_glrlm_ShortRunEmphasis.nrrd,0.9919487261352778
1174,original_firstorder_RootMeanSquared.nrrd,original_glrlm_ShortRunHighGrayLevelEmphasis.nrrd,0.9905802804204983
1175,original_firstorder_RootMeanSquared.nrrd,original_glrlm_ShortRunLowGrayLevelEmphasis.nrrd,0.7377978261288645
1176,original_firstorder_RootMeanSquared.nrrd,original_glszm_GrayLevelNonUniformity.nrrd,0.9677518678373389
1177,original_firstorder_RootMeanSquared.nrrd,original_glszm_GrayLevelNonUniformityNormalized.nrrd,0.9417138399089
1178,original_firstorder_RootMeanSquared.nrrd,original_glszm_GrayLevelVariance.nrrd,0.920370930108902
1179,original_firstorder_RootMeanSquared.nrrd,original_glszm_HighGrayLevelZoneEmphasis.nrrd,0.9913030598133873
1180,original_firstorder_RootMeanSquared.nrrd,original_glszm_LargeAreaEmphasis.nrrd,0.7572423455573535
1181,original_firstorder_RootMeanSquared.nrrd,original_glszm_LargeAreaHighGrayLevelEmphasis.nrrd,0.7924950075242052
1182,original_firstorder_RootMeanSquared.nrrd,original_glszm_LargeAreaLowGrayLevelEmphasis.nrrd,0.7314395395274871
1183,original_firstorder_RootMeanSquared.nrrd,original_glszm_LowGrayLevelZoneEmphasis.nrrd,0.6738954280047974
1184,original_firstorder_RootMeanSquared.nrrd,original_glszm_SizeZoneNonUniformity.nrrd,0.9356572294931095
1185,original_firstorder_RootMeanSquared.nrrd,original_glszm_SizeZoneNonUniformityNormalized.nrrd,0.9894090326429319
1186,original_firstorder_RootMeanSquared.nrrd,original_glszm_SmallAreaEmphasis.nrrd,0.9923035173714357
1187,original_firstorder_RootMeanSquared.nrrd,original_glszm_SmallAreaHighGrayLevelEmphasis.nrrd,0.987229959549833
1188,original_firstorder_RootMeanSquared.nrrd,original_glszm_SmallAreaLowGrayLevelEmphasis.nrrd,0.6133374800433484
1189,original_firstorder_RootMeanSquared.nrrd,original_glszm_ZoneEntropy.nrrd,0.9934563542881273
1190,original_firstorder_RootMeanSquared.nrrd,original_glszm_ZonePercentage.nrrd,0.9872245530085908
1191,original_firstorder_RootMeanSquared.nrrd,original_glszm_ZoneVariance.nrrd,0.6173117182077846
1192,original_firstorder_RootMeanSquared.nrrd,original_ngtdm_Busyness.nrrd,0.9423705755430916
1193,original_firstorder_RootMeanSquared.nrrd,original_ngtdm_Coarseness.nrrd,0.8706198651408664
1194,original_firstorder_RootMeanSquared.nrrd,original_ngtdm_Complexity.nrrd,0.8452015533414482
1195,original_firstorder_RootMeanSquared.nrrd,original_ngtdm_Contrast.nrrd,0.9440103647807488
1196,original_firstorder_RootMeanSquared.nrrd,original_ngtdm_Strength.nrrd,0.9289329129418151
1197,original_firstorder_Skewness.nrrd,original_firstorder_TotalEnergy.nrrd,-0.25708298
1198,original_firstorder_Skewness.nrrd,original_firstorder_Uniformity.nrrd,-0.253705454
1199,original_firstorder_Skewness.nrrd,original_firstorder_Variance.nrrd,-0.336236324
1200,original_firstorder_Skewness.nrrd,original_glcm_Autocorrelation.nrrd,-0.274665283
1201,original_firstorder_Skewness.nrrd,original_glcm_ClusterProminence.nrrd,-0.342312197
1202,original_firstorder_Skewness.nrrd,original_glcm_ClusterShade.nrrd,0.7853755650902026
1203,original_firstorder_Skewness.nrrd,original_glcm_ClusterTendency.nrrd,-0.303122503
1204,original_firstorder_Skewness.nrrd,original_glcm_Contrast.nrrd,-0.445694118
1205,original_firstorder_Skewness.nrrd,original_glcm_Correlation.nrrd,-0.200025267
1206,original_firstorder_Skewness.nrrd,original_glcm_DifferenceAverage.nrrd,-0.380588761
1207,original_firstorder_Skewness.nrrd,original_glcm_DifferenceEntropy.nrrd,-0.329486619
1208,original_firstorder_Skewness.nrrd,original_glcm_DifferenceVariance.nrrd,-0.468300465
1209,original_firstorder_Skewness.nrrd,original_glcm_Id.nrrd,-0.242555144
1210,original_firstorder_Skewness.nrrd,original_glcm_Idm.nrrd,-0.218836498
1211,original_firstorder_Skewness.nrrd,original_glcm_Idmn.nrrd,-0.295941757
1212,original_firstorder_Skewness.nrrd,original_glcm_Idn.nrrd,-0.292217881
1213,original_firstorder_Skewness.nrrd,original_glcm_Imc1.nrrd,0.29082355775960506
1214,original_firstorder_Skewness.nrrd,original_glcm_Imc2.nrrd,-0.297506773
1215,original_firstorder_Skewness.nrrd,original_glcm_InverseVariance.nrrd,-0.217572257
1216,original_firstorder_Skewness.nrrd,original_glcm_JointAverage.nrrd,-0.286108574
1217,original_firstorder_Skewness.nrrd,original_glcm_JointEnergy.nrrd,-0.18876948
1218,original_firstorder_Skewness.nrrd,original_glcm_JointEntropy.nrrd,-0.30499857
1219,original_firstorder_Skewness.nrrd,original_glcm_MaximumProbability.nrrd,-0.208415809
1220,original_firstorder_Skewness.nrrd,original_glcm_MCC.nrrd,-0.266167319
1221,original_firstorder_Skewness.nrrd,original_glcm_SumAverage.nrrd,-0.286108574
1222,original_firstorder_Skewness.nrrd,original_glcm_SumEntropy.nrrd,-0.301450241
1223,original_firstorder_Skewness.nrrd,original_glcm_SumSquares.nrrd,-0.334304159
1224,original_firstorder_Skewness.nrrd,original_gldm_DependenceEntropy.nrrd,-0.294337351
1225,original_firstorder_Skewness.nrrd,original_gldm_DependenceNonUniformity.nrrd,-0.313556999
1226,original_firstorder_Skewness.nrrd,original_gldm_DependenceNonUniformityNormalized.nrrd,-0.343657841
1227,original_firstorder_Skewness.nrrd,original_gldm_DependenceVariance.nrrd,-0.214248937
1228,original_firstorder_Skewness.nrrd,original_gldm_GrayLevelNonUniformity.nrrd,-0.254120451
1229,original_firstorder_Skewness.nrrd,original_gldm_GrayLevelVariance.nrrd,-0.336052648
1230,original_firstorder_Skewness.nrrd,original_gldm_HighGrayLevelEmphasis.nrrd,-0.274576387
1231,original_firstorder_Skewness.nrrd,original_gldm_LargeDependenceEmphasis.nrrd,-0.213707419
1232,original_firstorder_Skewness.nrrd,original_gldm_LargeDependenceHighGrayLevelEmphasis.nrrd,-0.239529887
1233,original_firstorder_Skewness.nrrd,original_gldm_LargeDependenceLowGrayLevelEmphasis.nrrd,-0.273315238
1234,original_firstorder_Skewness.nrrd,original_gldm_LowGrayLevelEmphasis.nrrd,-0.443322882
1235,original_firstorder_Skewness.nrrd,original_gldm_SmallDependenceEmphasis.nrrd,-0.342371233
1236,original_firstorder_Skewness.nrrd,original_gldm_SmallDependenceHighGrayLevelEmphasis.nrrd,-0.288697906
1237,original_firstorder_Skewness.nrrd,original_gldm_SmallDependenceLowGrayLevelEmphasis.nrrd,-0.467830337
1238,original_firstorder_Skewness.nrrd,original_glrlm_GrayLevelNonUniformity.nrrd,-0.257222514
1239,original_firstorder_Skewness.nrrd,original_glrlm_GrayLevelNonUniformityNormalized.nrrd,-0.254024864
1240,original_firstorder_Skewness.nrrd,original_glrlm_GrayLevelVariance.nrrd,-0.337880557
1241,original_firstorder_Skewness.nrrd,original_glrlm_HighGrayLevelRunEmphasis.nrrd,-0.273026986
1242,original_firstorder_Skewness.nrrd,original_glrlm_LongRunEmphasis.nrrd,-0.287705349
1243,original_firstorder_Skewness.nrrd,original_glrlm_LongRunHighGrayLevelEmphasis.nrrd,-0.269538516
1244,original_firstorder_Skewness.nrrd,original_glrlm_LongRunLowGrayLevelEmphasis.nrrd,-0.434299095
1245,original_firstorder_Skewness.nrrd,original_glrlm_LowGrayLevelRunEmphasis.nrrd,-0.445075348
1246,original_firstorder_Skewness.nrrd,original_glrlm_RunEntropy.nrrd,-0.302963629
1247,original_firstorder_Skewness.nrrd,original_glrlm_RunLengthNonUniformity.nrrd,-0.285749191
1248,original_firstorder_Skewness.nrrd,original_glrlm_RunLengthNonUniformityNormalized.nrrd,-0.303548413
1249,original_firstorder_Skewness.nrrd,original_glrlm_RunPercentage.nrrd,-0.300700069
1250,original_firstorder_Skewness.nrrd,original_glrlm_RunVariance.nrrd,-0.208924886
1251,original_firstorder_Skewness.nrrd,original_glrlm_ShortRunEmphasis.nrrd,-0.299931313
1252,original_firstorder_Skewness.nrrd,original_glrlm_ShortRunHighGrayLevelEmphasis.nrrd,-0.273853376
1253,original_firstorder_Skewness.nrrd,original_glrlm_ShortRunLowGrayLevelEmphasis.nrrd,-0.447514311
1254,original_firstorder_Skewness.nrrd,original_glszm_GrayLevelNonUniformity.nrrd,-0.293610749
1255,original_firstorder_Skewness.nrrd,original_glszm_GrayLevelNonUniformityNormalized.nrrd,-0.257929098
1256,original_firstorder_Skewness.nrrd,original_glszm_GrayLevelVariance.nrrd,-0.354789553
1257,original_firstorder_Skewness.nrrd,original_glszm_HighGrayLevelZoneEmphasis.nrrd,-0.252176656
1258,original_firstorder_Skewness.nrrd,original_glszm_LargeAreaEmphasis.nrrd,-0.14662969
1259,original_firstorder_Skewness.nrrd,original_glszm_LargeAreaHighGrayLevelEmphasis.nrrd,-0.191147325
1260,original_firstorder_Skewness.nrrd,original_glszm_LargeAreaLowGrayLevelEmphasis.nrrd,-0.183975975
1261,original_firstorder_Skewness.nrrd,original_glszm_LowGrayLevelZoneEmphasis.nrrd,-0.458995935
1262,original_firstorder_Skewness.nrrd,original_glszm_SizeZoneNonUniformity.nrrd,-0.330289219
1263,original_firstorder_Skewness.nrrd,original_glszm_SizeZoneNonUniformityNormalized.nrrd,-0.335130625
1264,original_firstorder_Skewness.nrrd,original_glszm_SmallAreaEmphasis.nrrd,-0.317062849
1265,original_firstorder_Skewness.nrrd,original_glszm_SmallAreaHighGrayLevelEmphasis.nrrd,-0.258861077
1266,original_firstorder_Skewness.nrrd,original_glszm_SmallAreaLowGrayLevelEmphasis.nrrd,-0.462323779
1267,original_firstorder_Skewness.nrrd,original_glszm_ZoneEntropy.nrrd,-0.29689273
1268,original_firstorder_Skewness.nrrd,original_glszm_ZonePercentage.nrrd,-0.338097502
1269,original_firstorder_Skewness.nrrd,original_glszm_ZoneVariance.nrrd,-0.110823427
1270,original_firstorder_Skewness.nrrd,original_ngtdm_Busyness.nrrd,-0.240964628
1271,original_firstorder_Skewness.nrrd,original_ngtdm_Coarseness.nrrd,-0.202752749
1272,original_firstorder_Skewness.nrrd,original_ngtdm_Complexity.nrrd,-0.422781736
1273,original_firstorder_Skewness.nrrd,original_ngtdm_Contrast.nrrd,-0.372379235
1274,original_firstorder_Skewness.nrrd,original_ngtdm_Strength.nrrd,-0.353695482
1275,original_firstorder_TotalEnergy.nrrd,original_firstorder_Uniformity.nrrd,0.7919421975437407
1276,original_firstorder_TotalEnergy.nrrd,original_firstorder_Variance.nrrd,0.9232498846177825
1277,original_firstorder_TotalEnergy.nrrd,original_glcm_Autocorrelation.nrrd,0.9690213805338219
1278,original_firstorder_TotalEnergy.nrrd,original_glcm_ClusterProminence.nrrd,0.7863864012524672
1279,original_firstorder_TotalEnergy.nrrd,original_glcm_ClusterShade.nrrd,-0.237346737
1280,original_firstorder_TotalEnergy.nrrd,original_glcm_ClusterTendency.nrrd,0.9173230645099779
1281,original_firstorder_TotalEnergy.nrrd,original_glcm_Contrast.nrrd,0.891830167711232
1282,original_firstorder_TotalEnergy.nrrd,original_glcm_Correlation.nrrd,0.9055822302159695
1283,original_firstorder_TotalEnergy.nrrd,original_glcm_DifferenceAverage.nrrd,0.9289931899330778
1284,original_firstorder_TotalEnergy.nrrd,original_glcm_DifferenceEntropy.nrrd,0.9219659865080002
1285,original_firstorder_TotalEnergy.nrrd,original_glcm_DifferenceVariance.nrrd,0.8801686283290713
1286,original_firstorder_TotalEnergy.nrrd,original_glcm_Id.nrrd,0.8533902487059618
1287,original_firstorder_TotalEnergy.nrrd,original_glcm_Idm.nrrd,0.8243469127482154
1288,original_firstorder_TotalEnergy.nrrd,original_glcm_Idmn.nrrd,0.9028734523875568
1289,original_firstorder_TotalEnergy.nrrd,original_glcm_Idn.nrrd,0.9002552035857434
1290,original_firstorder_TotalEnergy.nrrd,original_glcm_Imc1.nrrd,-0.881584907
1291,original_firstorder_TotalEnergy.nrrd,original_glcm_Imc2.nrrd,0.9053433677263215
1292,original_firstorder_TotalEnergy.nrrd,original_glcm_InverseVariance.nrrd,0.8239174411045386
1293,original_firstorder_TotalEnergy.nrrd,original_glcm_JointAverage.nrrd,0.9432855162745987
1294,original_firstorder_TotalEnergy.nrrd,original_glcm_JointEnergy.nrrd,0.5942226250819869
1295,original_firstorder_TotalEnergy.nrrd,original_glcm_JointEntropy.nrrd,0.9237150246007542
1296,original_firstorder_TotalEnergy.nrrd,original_glcm_MaximumProbability.nrrd,0.6797369890108633
1297,original_firstorder_TotalEnergy.nrrd,original_glcm_MCC.nrrd,0.8998183782574899
1298,original_firstorder_TotalEnergy.nrrd,original_glcm_SumAverage.nrrd,0.9432855162745991
1299,original_firstorder_TotalEnergy.nrrd,original_glcm_SumEntropy.nrrd,0.9218092426002112
1300,original_firstorder_TotalEnergy.nrrd,original_glcm_SumSquares.nrrd,0.9206381369430846
1301,original_firstorder_TotalEnergy.nrrd,original_gldm_DependenceEntropy.nrrd,0.915333720991681
1302,original_firstorder_TotalEnergy.nrrd,original_gldm_DependenceNonUniformity.nrrd,0.9682490276262876
1303,original_firstorder_TotalEnergy.nrrd,original_gldm_DependenceNonUniformityNormalized.nrrd,0.9198062717438554
1304,original_firstorder_TotalEnergy.nrrd,original_gldm_DependenceVariance.nrrd,0.8001780620539609
1305,original_firstorder_TotalEnergy.nrrd,original_gldm_GrayLevelNonUniformity.nrrd,0.8977826151924334
1306,original_firstorder_TotalEnergy.nrrd,original_gldm_GrayLevelVariance.nrrd,0.9233782042827778
1307,original_firstorder_TotalEnergy.nrrd,original_gldm_HighGrayLevelEmphasis.nrrd,0.9710509699718252
1308,original_firstorder_TotalEnergy.nrrd,original_gldm_LargeDependenceEmphasis.nrrd,0.8187337244707209
1309,original_firstorder_TotalEnergy.nrrd,original_gldm_LargeDependenceHighGrayLevelEmphasis.nrrd,0.9040901783367619
1310,original_firstorder_TotalEnergy.nrrd,original_gldm_LargeDependenceLowGrayLevelEmphasis.nrrd,0.7046567132512118
1311,original_firstorder_TotalEnergy.nrrd,original_gldm_LowGrayLevelEmphasis.nrrd,0.6319939893741605
1312,original_firstorder_TotalEnergy.nrrd,original_gldm_SmallDependenceEmphasis.nrrd,0.9206674944141299
1313,original_firstorder_TotalEnergy.nrrd,original_gldm_SmallDependenceHighGrayLevelEmphasis.nrrd,0.977555346958022
1314,original_firstorder_TotalEnergy.nrrd,original_gldm_SmallDependenceLowGrayLevelEmphasis.nrrd,0.5295281646543392
1315,original_firstorder_TotalEnergy.nrrd,original_glrlm_GrayLevelNonUniformity.nrrd,0.9023546800932283
1316,original_firstorder_TotalEnergy.nrrd,original_glrlm_GrayLevelNonUniformityNormalized.nrrd,0.7935952401590817
1317,original_firstorder_TotalEnergy.nrrd,original_glrlm_GrayLevelVariance.nrrd,0.9237552431681088
1318,original_firstorder_TotalEnergy.nrrd,original_glrlm_HighGrayLevelRunEmphasis.nrrd,0.9710439476966527
1319,original_firstorder_TotalEnergy.nrrd,original_glrlm_LongRunEmphasis.nrrd,0.8972049231706497
1320,original_firstorder_TotalEnergy.nrrd,original_glrlm_LongRunHighGrayLevelEmphasis.nrrd,0.9670948532671017
1321,original_firstorder_TotalEnergy.nrrd,original_glrlm_LongRunLowGrayLevelEmphasis.nrrd,0.6432829710304742
1322,original_firstorder_TotalEnergy.nrrd,original_glrlm_LowGrayLevelRunEmphasis.nrrd,0.6273240137654148
1323,original_firstorder_TotalEnergy.nrrd,original_glrlm_RunEntropy.nrrd,0.9199609151636124
1324,original_firstorder_TotalEnergy.nrrd,original_glrlm_RunLengthNonUniformity.nrrd,0.969125386508656
1325,original_firstorder_TotalEnergy.nrrd,original_glrlm_RunLengthNonUniformityNormalized.nrrd,0.9071911437306935
1326,original_firstorder_TotalEnergy.nrrd,original_glrlm_RunPercentage.nrrd,0.9056193205573331
1327,original_firstorder_TotalEnergy.nrrd,original_glrlm_RunVariance.nrrd,0.8185428816951168
1328,original_firstorder_TotalEnergy.nrrd,original_glrlm_ShortRunEmphasis.nrrd,0.9051672596364886
1329,original_firstorder_TotalEnergy.nrrd,original_glrlm_ShortRunHighGrayLevelEmphasis.nrrd,0.9718700069211887
1330,original_firstorder_TotalEnergy.nrrd,original_glrlm_ShortRunLowGrayLevelEmphasis.nrrd,0.6229268413510908
1331,original_firstorder_TotalEnergy.nrrd,original_glszm_GrayLevelNonUniformity.nrrd,0.9366396178661316
1332,original_firstorder_TotalEnergy.nrrd,original_glszm_GrayLevelNonUniformityNormalized.nrrd,0.8036802754284359
1333,original_firstorder_TotalEnergy.nrrd,original_glszm_GrayLevelVariance.nrrd,0.9256561529601063
1334,original_firstorder_TotalEnergy.nrrd,original_glszm_HighGrayLevelZoneEmphasis.nrrd,0.9703201446112933
1335,original_firstorder_TotalEnergy.nrrd,original_glszm_LargeAreaEmphasis.nrrd,0.6396964482932875
1336,original_firstorder_TotalEnergy.nrrd,original_glszm_LargeAreaHighGrayLevelEmphasis.nrrd,0.7201425489877517
1337,original_firstorder_TotalEnergy.nrrd,original_glszm_LargeAreaLowGrayLevelEmphasis.nrrd,0.5808333909458809
1338,original_firstorder_TotalEnergy.nrrd,original_glszm_LowGrayLevelZoneEmphasis.nrrd,0.5667122627396359
1339,original_firstorder_TotalEnergy.nrrd,original_glszm_SizeZoneNonUniformity.nrrd,0.9615198692337915
1340,original_firstorder_TotalEnergy.nrrd,original_glszm_SizeZoneNonUniformityNormalized.nrrd,0.9195052345966502
1341,original_firstorder_TotalEnergy.nrrd,original_glszm_SmallAreaEmphasis.nrrd,0.9134818870081802
1342,original_firstorder_TotalEnergy.nrrd,original_glszm_SmallAreaHighGrayLevelEmphasis.nrrd,0.9757342331187868
1343,original_firstorder_TotalEnergy.nrrd,original_glszm_SmallAreaLowGrayLevelEmphasis.nrrd,0.518825061703425
1344,original_firstorder_TotalEnergy.nrrd,original_glszm_ZoneEntropy.nrrd,0.915782083007395
1345,original_firstorder_TotalEnergy.nrrd,original_glszm_ZonePercentage.nrrd,0.9192029849283526
1346,original_firstorder_TotalEnergy.nrrd,original_glszm_ZoneVariance.nrrd,0.5103133272896584
1347,original_firstorder_TotalEnergy.nrrd,original_ngtdm_Busyness.nrrd,0.8582296971948792
1348,original_firstorder_TotalEnergy.nrrd,original_ngtdm_Coarseness.nrrd,0.6961895535462224
1349,original_firstorder_TotalEnergy.nrrd,original_ngtdm_Complexity.nrrd,0.8774204409965923
1350,original_firstorder_TotalEnergy.nrrd,original_ngtdm_Contrast.nrrd,0.9062548096187837
1351,original_firstorder_TotalEnergy.nrrd,original_ngtdm_Strength.nrrd,0.8634657623231755
1352,original_firstorder_Uniformity.nrrd,original_firstorder_Variance.nrrd,0.725635949326057
1353,original_firstorder_Uniformity.nrrd,original_glcm_Autocorrelation.nrrd,0.8898948817510557
1354,original_firstorder_Uniformity.nrrd,original_glcm_ClusterProminence.nrrd,0.500311349108909
1355,original_firstorder_Uniformity.nrrd,original_glcm_ClusterShade.nrrd,-0.146788043
1356,original_firstorder_Uniformity.nrrd,original_glcm_ClusterTendency.nrrd,0.6968176912857508
1357,original_firstorder_Uniformity.nrrd,original_glcm_Contrast.nrrd,0.739360731438469
1358,original_firstorder_Uniformity.nrrd,original_glcm_Correlation.nrrd,0.9232907520768269
1359,original_firstorder_Uniformity.nrrd,original_glcm_DifferenceAverage.nrrd,0.8603465589503675
1360,original_firstorder_Uniformity.nrrd,original_glcm_DifferenceEntropy.nrrd,0.9291035736368458
1361,original_firstorder_Uniformity.nrrd,original_glcm_DifferenceVariance.nrrd,0.7307729778963944
1362,original_firstorder_Uniformity.nrrd,original_glcm_Id.nrrd,0.9846181016818637
1363,original_firstorder_Uniformity.nrrd,original_glcm_Idm.nrrd,0.9875941815311121
1364,original_firstorder_Uniformity.nrrd,original_glcm_Idmn.nrrd,0.9579996149294869
1365,original_firstorder_Uniformity.nrrd,original_glcm_Idn.nrrd,0.9605798849174144
1366,original_firstorder_Uniformity.nrrd,original_glcm_Imc1.nrrd,-0.917851498
1367,original_firstorder_Uniformity.nrrd,original_glcm_Imc2.nrrd,0.9507986881554747
1368,original_firstorder_Uniformity.nrrd,original_glcm_InverseVariance.nrrd,0.9875820967840563
1369,original_firstorder_Uniformity.nrrd,original_glcm_JointAverage.nrrd,0.9334460282163761
1370,original_firstorder_Uniformity.nrrd,original_glcm_JointEnergy.nrrd,0.9106571935467228
1371,original_firstorder_Uniformity.nrrd,original_glcm_JointEntropy.nrrd,0.9361363111227641
1372,original_firstorder_Uniformity.nrrd,original_glcm_MaximumProbability.nrrd,0.9639130039908496
1373,original_firstorder_Uniformity.nrrd,original_glcm_MCC.nrrd,0.9484516210310018
1374,original_firstorder_Uniformity.nrrd,original_glcm_SumAverage.nrrd,0.9334460282163762
1375,original_firstorder_Uniformity.nrrd,original_glcm_SumEntropy.nrrd,0.9348591232789959
1376,original_firstorder_Uniformity.nrrd,original_glcm_SumSquares.nrrd,0.7116711975155342
1377,original_firstorder_Uniformity.nrrd,original_gldm_DependenceEntropy.nrrd,0.94676278850189
1378,original_firstorder_Uniformity.nrrd,original_gldm_DependenceNonUniformity.nrrd,0.8216001610323559
1379,original_firstorder_Uniformity.nrrd,original_gldm_DependenceNonUniformityNormalized.nrrd,0.9076290175152094
1380,original_firstorder_Uniformity.nrrd,original_gldm_DependenceVariance.nrrd,0.9667236472661624
1381,original_firstorder_Uniformity.nrrd,original_gldm_GrayLevelNonUniformity.nrrd,0.943572598897463
1382,original_firstorder_Uniformity.nrrd,original_gldm_GrayLevelVariance.nrrd,0.7258180259445826
1383,original_firstorder_Uniformity.nrrd,original_gldm_HighGrayLevelEmphasis.nrrd,0.8884288200228048
1384,original_firstorder_Uniformity.nrrd,original_gldm_LargeDependenceEmphasis.nrrd,0.9798616893805212
1385,original_firstorder_Uniformity.nrrd,original_gldm_LargeDependenceHighGrayLevelEmphasis.nrrd,0.9340227571741673
1386,original_firstorder_Uniformity.nrrd,original_gldm_LargeDependenceLowGrayLevelEmphasis.nrrd,0.9354371366254854
1387,original_firstorder_Uniformity.nrrd,original_gldm_LowGrayLevelEmphasis.nrrd,0.738096457640476
1388,original_firstorder_Uniformity.nrrd,original_gldm_SmallDependenceEmphasis.nrrd,0.9123150907591205
1389,original_firstorder_Uniformity.nrrd,original_gldm_SmallDependenceHighGrayLevelEmphasis.nrrd,0.8390176247929607
1390,original_firstorder_Uniformity.nrrd,original_gldm_SmallDependenceLowGrayLevelEmphasis.nrrd,0.5814251188315432
1391,original_firstorder_Uniformity.nrrd,original_glrlm_GrayLevelNonUniformity.nrrd,0.9418357356286933
1392,original_firstorder_Uniformity.nrrd,original_glrlm_GrayLevelNonUniformityNormalized.nrrd,0.9999573371512764
1393,original_firstorder_Uniformity.nrrd,original_glrlm_GrayLevelVariance.nrrd,0.7284057274369681
1394,original_firstorder_Uniformity.nrrd,original_glrlm_HighGrayLevelRunEmphasis.nrrd,0.8885730061318928
1395,original_firstorder_Uniformity.nrrd,original_glrlm_LongRunEmphasis.nrrd,0.964418332632283
1396,original_firstorder_Uniformity.nrrd,original_glrlm_LongRunHighGrayLevelEmphasis.nrrd,0.897926899545708
1397,original_firstorder_Uniformity.nrrd,original_glrlm_LongRunLowGrayLevelEmphasis.nrrd,0.7616805737292431
1398,original_firstorder_Uniformity.nrrd,original_glrlm_LowGrayLevelRunEmphasis.nrrd,0.7324913761570524
1399,original_firstorder_Uniformity.nrrd,original_glrlm_RunEntropy.nrrd,0.9378810073025754
1400,original_firstorder_Uniformity.nrrd,original_glrlm_RunLengthNonUniformity.nrrd,0.8671160891083081
1401,original_firstorder_Uniformity.nrrd,original_glrlm_RunLengthNonUniformityNormalized.nrrd,0.9519863358151736
1402,original_firstorder_Uniformity.nrrd,original_glrlm_RunPercentage.nrrd,0.954446739667626
1403,original_firstorder_Uniformity.nrrd,original_glrlm_RunVariance.nrrd,0.980824914508369
1404,original_firstorder_Uniformity.nrrd,original_glrlm_ShortRunEmphasis.nrrd,0.955110922125885
1405,original_firstorder_Uniformity.nrrd,original_glrlm_ShortRunHighGrayLevelEmphasis.nrrd,0.8861078290033992
1406,original_firstorder_Uniformity.nrrd,original_glrlm_ShortRunLowGrayLevelEmphasis.nrrd,0.7248967528653203
1407,original_firstorder_Uniformity.nrrd,original_glszm_GrayLevelNonUniformity.nrrd,0.907913919173168
1408,original_firstorder_Uniformity.nrrd,original_glszm_GrayLevelNonUniformityNormalized.nrrd,0.9959324822999452
1409,original_firstorder_Uniformity.nrrd,original_glszm_GrayLevelVariance.nrrd,0.7593069295386133
1410,original_firstorder_Uniformity.nrrd,original_glszm_HighGrayLevelZoneEmphasis.nrrd,0.8901787743569624
1411,original_firstorder_Uniformity.nrrd,original_glszm_LargeAreaEmphasis.nrrd,0.8738787847051164
1412,original_firstorder_Uniformity.nrrd,original_glszm_LargeAreaHighGrayLevelEmphasis.nrrd,0.8546917288628396
1413,original_firstorder_Uniformity.nrrd,original_glszm_LargeAreaLowGrayLevelEmphasis.nrrd,0.866748010889526
1414,original_firstorder_Uniformity.nrrd,original_glszm_LowGrayLevelZoneEmphasis.nrrd,0.6604352165006617
1415,original_firstorder_Uniformity.nrrd,original_glszm_SizeZoneNonUniformity.nrrd,0.7900505214808917
1416,original_firstorder_Uniformity.nrrd,original_glszm_SizeZoneNonUniformityNormalized.nrrd,0.9261742490326464
1417,original_firstorder_Uniformity.nrrd,original_glszm_SmallAreaEmphasis.nrrd,0.9429955076407616
1418,original_firstorder_Uniformity.nrrd,original_glszm_SmallAreaHighGrayLevelEmphasis.nrrd,0.8731798543791912
1419,original_firstorder_Uniformity.nrrd,original_glszm_SmallAreaLowGrayLevelEmphasis.nrrd,0.5901406660984044
1420,original_firstorder_Uniformity.nrrd,original_glszm_ZoneEntropy.nrrd,0.9459998181593234
1421,original_firstorder_Uniformity.nrrd,original_glszm_ZonePercentage.nrrd,0.9157632973197225
1422,original_firstorder_Uniformity.nrrd,original_glszm_ZoneVariance.nrrd,0.761045711043678
1423,original_firstorder_Uniformity.nrrd,original_ngtdm_Busyness.nrrd,0.9463841254913298
1424,original_firstorder_Uniformity.nrrd,original_ngtdm_Coarseness.nrrd,0.9219795801318631
1425,original_firstorder_Uniformity.nrrd,original_ngtdm_Complexity.nrrd,0.6702408835547281
1426,original_firstorder_Uniformity.nrrd,original_ngtdm_Contrast.nrrd,0.8178799391411271
1427,original_firstorder_Uniformity.nrrd,original_ngtdm_Strength.nrrd,0.8277553467548072
1428,original_firstorder_Variance.nrrd,original_glcm_Autocorrelation.nrrd,0.9138665047356926
1429,original_firstorder_Variance.nrrd,original_glcm_ClusterProminence.nrrd,0.9256880820280149
1430,original_firstorder_Variance.nrrd,original_glcm_ClusterShade.nrrd,-0.363879815
1431,original_firstorder_Variance.nrrd,original_glcm_ClusterTendency.nrrd,0.9962137624532971
1432,original_firstorder_Variance.nrrd,original_glcm_Contrast.nrrd,0.9631593881887063
1433,original_firstorder_Variance.nrrd,original_glcm_Correlation.nrrd,0.887265559096638
1434,original_firstorder_Variance.nrrd,original_glcm_DifferenceAverage.nrrd,0.9528289766745902
1435,original_firstorder_Variance.nrrd,original_glcm_DifferenceEntropy.nrrd,0.9115241719657537
1436,original_firstorder_Variance.nrrd,original_glcm_DifferenceVariance.nrrd,0.9538086245372589
1437,original_firstorder_Variance.nrrd,original_glcm_Id.nrrd,0.8028567618977906
1438,original_firstorder_Variance.nrrd,original_glcm_Idm.nrrd,0.7653669510443117
1439,original_firstorder_Variance.nrrd,original_glcm_Idmn.nrrd,0.8764099059698636
1440,original_firstorder_Variance.nrrd,original_glcm_Idn.nrrd,0.8718749427543174
1441,original_firstorder_Variance.nrrd,original_glcm_Imc1.nrrd,-0.912092868
1442,original_firstorder_Variance.nrrd,original_glcm_Imc2.nrrd,0.8877313783057595
1443,original_firstorder_Variance.nrrd,original_glcm_InverseVariance.nrrd,0.7649052965194398
1444,original_firstorder_Variance.nrrd,original_glcm_JointAverage.nrrd,0.900611725941019
1445,original_firstorder_Variance.nrrd,original_glcm_JointEnergy.nrrd,0.5452109262942871
1446,original_firstorder_Variance.nrrd,original_glcm_JointEntropy.nrrd,0.9027254393011706
1447,original_firstorder_Variance.nrrd,original_glcm_MaximumProbability.nrrd,0.6318311144433864
1448,original_firstorder_Variance.nrrd,original_glcm_MCC.nrrd,0.8842736199230421
1449,original_firstorder_Variance.nrrd,original_glcm_SumAverage.nrrd,0.9006117259410192
1450,original_firstorder_Variance.nrrd,original_glcm_SumEntropy.nrrd,0.9068260859614322
1451,original_firstorder_Variance.nrrd,original_glcm_SumSquares.nrrd,0.9987441361277917
1452,original_firstorder_Variance.nrrd,original_gldm_DependenceEntropy.nrrd,0.8919747607368426
1453,original_firstorder_Variance.nrrd,original_gldm_DependenceNonUniformity.nrrd,0.9421626147691858
1454,original_firstorder_Variance.nrrd,original_gldm_DependenceNonUniformityNormalized.nrrd,0.9250827715730358
1455,original_firstorder_Variance.nrrd,original_gldm_DependenceVariance.nrrd,0.7328745631158566
1456,original_firstorder_Variance.nrrd,original_gldm_GrayLevelNonUniformity.nrrd,0.7935754010080264
1457,original_firstorder_Variance.nrrd,original_gldm_GrayLevelVariance.nrrd,0.9999987870983427
1458,original_firstorder_Variance.nrrd,original_gldm_HighGrayLevelEmphasis.nrrd,0.9173628382272645
1459,original_firstorder_Variance.nrrd,original_gldm_LargeDependenceEmphasis.nrrd,0.7517340413071042
1460,original_firstorder_Variance.nrrd,original_gldm_LargeDependenceHighGrayLevelEmphasis.nrrd,0.8155868658865525
1461,original_firstorder_Variance.nrrd,original_gldm_LargeDependenceLowGrayLevelEmphasis.nrrd,0.719223377351237
1462,original_firstorder_Variance.nrrd,original_gldm_LowGrayLevelEmphasis.nrrd,0.7525358949679962
1463,original_firstorder_Variance.nrrd,original_gldm_SmallDependenceEmphasis.nrrd,0.9228271543171165
1464,original_firstorder_Variance.nrrd,original_gldm_SmallDependenceHighGrayLevelEmphasis.nrrd,0.9463430861619541
1465,original_firstorder_Variance.nrrd,original_gldm_SmallDependenceLowGrayLevelEmphasis.nrrd,0.6827750382823387
1466,original_firstorder_Variance.nrrd,original_glrlm_GrayLevelNonUniformity.nrrd,0.8001007739195687
1467,original_firstorder_Variance.nrrd,original_glrlm_GrayLevelNonUniformityNormalized.nrrd,0.7275549748213161
1468,original_firstorder_Variance.nrrd,original_glrlm_GrayLevelVariance.nrrd,0.999962983430467
1469,original_firstorder_Variance.nrrd,original_glrlm_HighGrayLevelRunEmphasis.nrrd,0.917211555181746
1470,original_firstorder_Variance.nrrd,original_glrlm_LongRunEmphasis.nrrd,0.8661023759059536
1471,original_firstorder_Variance.nrrd,original_glrlm_LongRunHighGrayLevelEmphasis.nrrd,0.9087221754908262
1472,original_firstorder_Variance.nrrd,original_glrlm_LongRunLowGrayLevelEmphasis.nrrd,0.7560250518853592
1473,original_firstorder_Variance.nrrd,original_glrlm_LowGrayLevelRunEmphasis.nrrd,0.7488581550206633
1474,original_firstorder_Variance.nrrd,original_glrlm_RunEntropy.nrrd,0.904160046565911
1475,original_firstorder_Variance.nrrd,original_glrlm_RunLengthNonUniformity.nrrd,0.9177169764368113
1476,original_firstorder_Variance.nrrd,original_glrlm_RunLengthNonUniformityNormalized.nrrd,0.8850922119899376
1477,original_firstorder_Variance.nrrd,original_glrlm_RunPercentage.nrrd,0.8818162611135565
1478,original_firstorder_Variance.nrrd,original_glrlm_RunVariance.nrrd,0.7506087249142047
1479,original_firstorder_Variance.nrrd,original_glrlm_ShortRunEmphasis.nrrd,0.8809071033916993
1480,original_firstorder_Variance.nrrd,original_glrlm_ShortRunHighGrayLevelEmphasis.nrrd,0.9192075528717708
1481,original_firstorder_Variance.nrrd,original_glrlm_ShortRunLowGrayLevelEmphasis.nrrd,0.7465921426883108
1482,original_firstorder_Variance.nrrd,original_glszm_GrayLevelNonUniformity.nrrd,0.8616056014453778
1483,original_firstorder_Variance.nrrd,original_glszm_GrayLevelNonUniformityNormalized.nrrd,0.742037799476306
1484,original_firstorder_Variance.nrrd,original_glszm_GrayLevelVariance.nrrd,0.9943744131566602
1485,original_firstorder_Variance.nrrd,original_glszm_HighGrayLevelZoneEmphasis.nrrd,0.9146188558907046
1486,original_firstorder_Variance.nrrd,original_glszm_LargeAreaEmphasis.nrrd,0.5383247090334888
1487,original_firstorder_Variance.nrrd,original_glszm_LargeAreaHighGrayLevelEmphasis.nrrd,0.6007146333855747
1488,original_firstorder_Variance.nrrd,original_glszm_LargeAreaLowGrayLevelEmphasis.nrrd,0.5463959376139804
1489,original_firstorder_Variance.nrrd,original_glszm_LowGrayLevelZoneEmphasis.nrrd,0.6967893950166031
1490,original_firstorder_Variance.nrrd,original_glszm_SizeZoneNonUniformity.nrrd,0.95080223611586
1491,original_firstorder_Variance.nrrd,original_glszm_SizeZoneNonUniformityNormalized.nrrd,0.9148708774886641
1492,original_firstorder_Variance.nrrd,original_glszm_SmallAreaEmphasis.nrrd,0.8980935051493792
1493,original_firstorder_Variance.nrrd,original_glszm_SmallAreaHighGrayLevelEmphasis.nrrd,0.9280455092700632
1494,original_firstorder_Variance.nrrd,original_glszm_SmallAreaLowGrayLevelEmphasis.nrrd,0.6594332905131032
1495,original_firstorder_Variance.nrrd,original_glszm_ZoneEntropy.nrrd,0.8926495658688447
1496,original_firstorder_Variance.nrrd,original_glszm_ZonePercentage.nrrd,0.9192617580144303
1497,original_firstorder_Variance.nrrd,original_glszm_ZoneVariance.nrrd,0.4001937748232003
1498,original_firstorder_Variance.nrrd,original_ngtdm_Busyness.nrrd,0.7807801868632223
1499,original_firstorder_Variance.nrrd,original_ngtdm_Coarseness.nrrd,0.7058996957546609
1500,original_firstorder_Variance.nrrd,original_ngtdm_Complexity.nrrd,0.9555525801976702
1501,original_firstorder_Variance.nrrd,original_ngtdm_Contrast.nrrd,0.9655486831838233
1502,original_firstorder_Variance.nrrd,original_ngtdm_Strength.nrrd,0.938596421347531
1503,original_glcm_Autocorrelation.nrrd,original_glcm_ClusterProminence.nrrd,0.739550702899124
1504,original_glcm_Autocorrelation.nrrd,original_glcm_ClusterShade.nrrd,-0.237184389
1505,original_glcm_Autocorrelation.nrrd,original_glcm_ClusterTendency.nrrd,0.9012046822831467
1506,original_glcm_Autocorrelation.nrrd,original_glcm_Contrast.nrrd,0.8873306977559868
1507,original_glcm_Autocorrelation.nrrd,original_glcm_Correlation.nrrd,0.9620823251758278
1508,original_glcm_Autocorrelation.nrrd,original_glcm_DifferenceAverage.nrrd,0.9528246665426494
1509,original_glcm_Autocorrelation.nrrd,original_glcm_DifferenceEntropy.nrrd,0.9690834881216934
1510,original_glcm_Autocorrelation.nrrd,original_glcm_DifferenceVariance.nrrd,0.8756960105601729
1511,original_glcm_Autocorrelation.nrrd,original_glcm_Id.nrrd,0.9366519103758711
1512,original_glcm_Autocorrelation.nrrd,original_glcm_Idm.nrrd,0.9157687624223071
1513,original_glcm_Autocorrelation.nrrd,original_glcm_Idmn.nrrd,0.9648973964935053
1514,original_glcm_Autocorrelation.nrrd,original_glcm_Idn.nrrd,0.9638098739417081
1515,original_glcm_Autocorrelation.nrrd,original_glcm_Imc1.nrrd,-0.954247513
1516,original_glcm_Autocorrelation.nrrd,original_glcm_Imc2.nrrd,0.9668214126126754
1517,original_glcm_Autocorrelation.nrrd,original_glcm_InverseVariance.nrrd,0.915541748895232
1518,original_glcm_Autocorrelation.nrrd,original_glcm_JointAverage.nrrd,0.9907722071606229
1519,original_glcm_Autocorrelation.nrrd,original_glcm_JointEnergy.nrrd,0.7251877193051548
1520,original_glcm_Autocorrelation.nrrd,original_glcm_JointEntropy.nrrd,0.9716282878579984
1521,original_glcm_Autocorrelation.nrrd,original_glcm_MaximumProbability.nrrd,0.8061532540126086
1522,original_glcm_Autocorrelation.nrrd,original_glcm_MCC.nrrd,0.9640604620723434
1523,original_glcm_Autocorrelation.nrrd,original_glcm_SumAverage.nrrd,0.9907722071606231
1524,original_glcm_Autocorrelation.nrrd,original_glcm_SumEntropy.nrrd,0.972123005852526
1525,original_glcm_Autocorrelation.nrrd,original_glcm_SumSquares.nrrd,0.9066873477747851
1526,original_glcm_Autocorrelation.nrrd,original_gldm_DependenceEntropy.nrrd,0.9698068364559622
1527,original_glcm_Autocorrelation.nrrd,original_gldm_DependenceNonUniformity.nrrd,0.9486263187487395
1528,original_glcm_Autocorrelation.nrrd,original_gldm_DependenceNonUniformityNormalized.nrrd,0.9638140381381732
1529,original_glcm_Autocorrelation.nrrd,original_gldm_DependenceVariance.nrrd,0.8875591795491204
1530,original_glcm_Autocorrelation.nrrd,original_gldm_GrayLevelNonUniformity.nrrd,0.9229381366037455
1531,original_glcm_Autocorrelation.nrrd,original_gldm_GrayLevelVariance.nrrd,0.913994103358358
1532,original_glcm_Autocorrelation.nrrd,original_gldm_HighGrayLevelEmphasis.nrrd,0.9998590663293375
1533,original_glcm_Autocorrelation.nrrd,original_gldm_LargeDependenceEmphasis.nrrd,0.9051324449975034
1534,original_glcm_Autocorrelation.nrrd,original_gldm_LargeDependenceHighGrayLevelEmphasis.nrrd,0.9617961591071119
1535,original_glcm_Autocorrelation.nrrd,original_gldm_LargeDependenceLowGrayLevelEmphasis.nrrd,0.802765963549979
1536,original_glcm_Autocorrelation.nrrd,original_gldm_LowGrayLevelEmphasis.nrrd,0.693957165950092
1537,original_glcm_Autocorrelation.nrrd,original_gldm_SmallDependenceEmphasis.nrrd,0.9652722805569612
1538,original_glcm_Autocorrelation.nrrd,original_gldm_SmallDependenceHighGrayLevelEmphasis.nrrd,0.9891269848094172
1539,original_glcm_Autocorrelation.nrrd,original_gldm_SmallDependenceLowGrayLevelEmphasis.nrrd,0.5712798561448758
1540,original_glcm_Autocorrelation.nrrd,original_glrlm_GrayLevelNonUniformity.nrrd,0.9262148749024431
1541,original_glcm_Autocorrelation.nrrd,original_glrlm_GrayLevelNonUniformityNormalized.nrrd,0.8913041228284718
1542,original_glcm_Autocorrelation.nrrd,original_glrlm_GrayLevelVariance.nrrd,0.9148238128404119
1543,original_glcm_Autocorrelation.nrrd,original_glrlm_HighGrayLevelRunEmphasis.nrrd,0.9998469718389672
1544,original_glcm_Autocorrelation.nrrd,original_glrlm_LongRunEmphasis.nrrd,0.9621881489243754
1545,original_glcm_Autocorrelation.nrrd,original_glrlm_LongRunHighGrayLevelEmphasis.nrrd,0.9996034004527483
1546,original_glcm_Autocorrelation.nrrd,original_glrlm_LongRunLowGrayLevelEmphasis.nrrd,0.70906729145957
1547,original_glcm_Autocorrelation.nrrd,original_glrlm_LowGrayLevelRunEmphasis.nrrd,0.6887836157920826
1548,original_glcm_Autocorrelation.nrrd,original_glrlm_RunEntropy.nrrd,0.9715229935019768
1549,original_glcm_Autocorrelation.nrrd,original_glrlm_RunLengthNonUniformity.nrrd,0.960875587432568
1550,original_glcm_Autocorrelation.nrrd,original_glrlm_RunLengthNonUniformityNormalized.nrrd,0.9665111490377419
1551,original_glcm_Autocorrelation.nrrd,original_glrlm_RunPercentage.nrrd,0.9659749181045374
1552,original_glcm_Autocorrelation.nrrd,original_glrlm_RunVariance.nrrd,0.905509699586016
1553,original_glcm_Autocorrelation.nrrd,original_glrlm_ShortRunEmphasis.nrrd,0.9658027014627367
1554,original_glcm_Autocorrelation.nrrd,original_glrlm_ShortRunHighGrayLevelEmphasis.nrrd,0.9997400595157367
1555,original_glcm_Autocorrelation.nrrd,original_glrlm_ShortRunLowGrayLevelEmphasis.nrrd,0.6833109417623772
1556,original_glcm_Autocorrelation.nrrd,original_glszm_GrayLevelNonUniformity.nrrd,0.9471813390389489
1557,original_glcm_Autocorrelation.nrrd,original_glszm_GrayLevelNonUniformityNormalized.nrrd,0.9014400196909318
1558,original_glcm_Autocorrelation.nrrd,original_glszm_GrayLevelVariance.nrrd,0.9223028224825864
1559,original_glcm_Autocorrelation.nrrd,original_glszm_HighGrayLevelZoneEmphasis.nrrd,0.9991282329731785
1560,original_glcm_Autocorrelation.nrrd,original_glszm_LargeAreaEmphasis.nrrd,0.7230960918709749
1561,original_glcm_Autocorrelation.nrrd,original_glszm_LargeAreaHighGrayLevelEmphasis.nrrd,0.7829663219652153
1562,original_glcm_Autocorrelation.nrrd,original_glszm_LargeAreaLowGrayLevelEmphasis.nrrd,0.6753649023470153
1563,original_glcm_Autocorrelation.nrrd,original_glszm_LowGrayLevelZoneEmphasis.nrrd,0.6217700064804529
1564,original_glcm_Autocorrelation.nrrd,original_glszm_SizeZoneNonUniformity.nrrd,0.9342398911161115
1565,original_glcm_Autocorrelation.nrrd,original_glszm_SizeZoneNonUniformityNormalized.nrrd,0.9672334972662758
1566,original_glcm_Autocorrelation.nrrd,original_glszm_SmallAreaEmphasis.nrrd,0.9680072446615529
1567,original_glcm_Autocorrelation.nrrd,original_glszm_SmallAreaHighGrayLevelEmphasis.nrrd,0.9970902878125032
1568,original_glcm_Autocorrelation.nrrd,original_glszm_SmallAreaLowGrayLevelEmphasis.nrrd,0.5649282795411138
1569,original_glcm_Autocorrelation.nrrd,original_glszm_ZoneEntropy.nrrd,0.9694882288582064
1570,original_glcm_Autocorrelation.nrrd,original_glszm_ZonePercentage.nrrd,0.9656724143728103
1571,original_glcm_Autocorrelation.nrrd,original_glszm_ZoneVariance.nrrd,0.5859002904555602
1572,original_glcm_Autocorrelation.nrrd,original_ngtdm_Busyness.nrrd,0.9067507679031658
1573,original_glcm_Autocorrelation.nrrd,original_ngtdm_Coarseness.nrrd,0.8344444451242939
1574,original_glcm_Autocorrelation.nrrd,original_ngtdm_Complexity.nrrd,0.8452070008094451
1575,original_glcm_Autocorrelation.nrrd,original_ngtdm_Contrast.nrrd,0.9400263344758307
1576,original_glcm_Autocorrelation.nrrd,original_ngtdm_Strength.nrrd,0.9131125248740424
1577,original_glcm_ClusterProminence.nrrd,original_glcm_ClusterShade.nrrd,-0.476712539
1578,original_glcm_ClusterProminence.nrrd,original_glcm_ClusterTendency.nrrd,0.9370461973227874
1579,original_glcm_ClusterProminence.nrrd,original_glcm_Contrast.nrrd,0.8701651169468971
1580,original_glcm_ClusterProminence.nrrd,original_glcm_Correlation.nrrd,0.6999180074935104
1581,original_glcm_ClusterProminence.nrrd,original_glcm_DifferenceAverage.nrrd,0.8006945762922126
1582,original_glcm_ClusterProminence.nrrd,original_glcm_DifferenceEntropy.nrrd,0.723955525408441
1583,original_glcm_ClusterProminence.nrrd,original_glcm_DifferenceVariance.nrrd,0.8657548575163231
1584,original_glcm_ClusterProminence.nrrd,original_glcm_Id.nrrd,0.5824494622758748
1585,original_glcm_ClusterProminence.nrrd,original_glcm_Idm.nrrd,0.5414193436725075
1586,original_glcm_ClusterProminence.nrrd,original_glcm_Idmn.nrrd,0.6731042735986819
1587,original_glcm_ClusterProminence.nrrd,original_glcm_Idn.nrrd,0.6669187807784517
1588,original_glcm_ClusterProminence.nrrd,original_glcm_Imc1.nrrd,-0.735363503
1589,original_glcm_ClusterProminence.nrrd,original_glcm_Imc2.nrrd,0.6886080537090558
1590,original_glcm_ClusterProminence.nrrd,original_glcm_InverseVariance.nrrd,0.5408009193470957
1591,original_glcm_ClusterProminence.nrrd,original_glcm_JointAverage.nrrd,0.7086355133096631
1592,original_glcm_ClusterProminence.nrrd,original_glcm_JointEnergy.nrrd,0.3477951849778562
1593,original_glcm_ClusterProminence.nrrd,original_glcm_JointEntropy.nrrd,0.7092030040067079
1594,original_glcm_ClusterProminence.nrrd,original_glcm_MaximumProbability.nrrd,0.4215387181459199
1595,original_glcm_ClusterProminence.nrrd,original_glcm_MCC.nrrd,0.6888913930962803
1596,original_glcm_ClusterProminence.nrrd,original_glcm_SumAverage.nrrd,0.7086355133096632
1597,original_glcm_ClusterProminence.nrrd,original_glcm_SumEntropy.nrrd,0.7155625756487297
1598,original_glcm_ClusterProminence.nrrd,original_glcm_SumSquares.nrrd,0.9322950677957731
1599,original_glcm_ClusterProminence.nrrd,original_gldm_DependenceEntropy.nrrd,0.6945051808556206
1600,original_glcm_ClusterProminence.nrrd,original_gldm_DependenceNonUniformity.nrrd,0.7982537976754812
1601,original_glcm_ClusterProminence.nrrd,original_gldm_DependenceNonUniformityNormalized.nrrd,0.7472090573562568
1602,original_glcm_ClusterProminence.nrrd,original_gldm_DependenceVariance.nrrd,0.5193020018805092
1603,original_glcm_ClusterProminence.nrrd,original_gldm_GrayLevelNonUniformity.nrrd,0.585844860816067
1604,original_glcm_ClusterProminence.nrrd,original_gldm_GrayLevelVariance.nrrd,0.9255780785154897
1605,original_glcm_ClusterProminence.nrrd,original_gldm_HighGrayLevelEmphasis.nrrd,0.7452101901303808
1606,original_glcm_ClusterProminence.nrrd,original_gldm_LargeDependenceEmphasis.nrrd,0.531774673306551
1607,original_glcm_ClusterProminence.nrrd,original_gldm_LargeDependenceHighGrayLevelEmphasis.nrrd,0.6209146731340622
1608,original_glcm_ClusterProminence.nrrd,original_gldm_LargeDependenceLowGrayLevelEmphasis.nrrd,0.5312097260874988
1609,original_glcm_ClusterProminence.nrrd,original_gldm_LowGrayLevelEmphasis.nrrd,0.6715332530230883
1610,original_glcm_ClusterProminence.nrrd,original_gldm_SmallDependenceEmphasis.nrrd,0.7428121492008647
1611,original_glcm_ClusterProminence.nrrd,original_gldm_SmallDependenceHighGrayLevelEmphasis.nrrd,0.7963614534676537
1612,original_glcm_ClusterProminence.nrrd,original_gldm_SmallDependenceLowGrayLevelEmphasis.nrrd,0.6619797988572725
1613,original_glcm_ClusterProminence.nrrd,original_glrlm_GrayLevelNonUniformity.nrrd,0.5928420638434315
1614,original_glcm_ClusterProminence.nrrd,original_glrlm_GrayLevelNonUniformityNormalized.nrrd,0.5018564057107198
1615,original_glcm_ClusterProminence.nrrd,original_glrlm_GrayLevelVariance.nrrd,0.9249468381050058
1616,original_glcm_ClusterProminence.nrrd,original_glrlm_HighGrayLevelRunEmphasis.nrrd,0.7448673772077895
1617,original_glcm_ClusterProminence.nrrd,original_glrlm_LongRunEmphasis.nrrd,0.660033110377183
1618,original_glcm_ClusterProminence.nrrd,original_glrlm_LongRunHighGrayLevelEmphasis.nrrd,0.732573647062855
1619,original_glcm_ClusterProminence.nrrd,original_glrlm_LongRunLowGrayLevelEmphasis.nrrd,0.6653491580669875
1620,original_glcm_ClusterProminence.nrrd,original_glrlm_LowGrayLevelRunEmphasis.nrrd,0.6702734322570036
1621,original_glcm_ClusterProminence.nrrd,original_glrlm_RunEntropy.nrrd,0.7118031470673406
1622,original_glcm_ClusterProminence.nrrd,original_glrlm_RunLengthNonUniformity.nrrd,0.75085087292499
1623,original_glcm_ClusterProminence.nrrd,original_glrlm_RunLengthNonUniformityNormalized.nrrd,0.6849025845250071
1624,original_glcm_ClusterProminence.nrrd,original_glrlm_RunPercentage.nrrd,0.6804734534244952
1625,original_glcm_ClusterProminence.nrrd,original_glrlm_RunVariance.nrrd,0.527642669613854
1626,original_glcm_ClusterProminence.nrrd,original_glrlm_ShortRunEmphasis.nrrd,0.6792581369265169
1627,original_glcm_ClusterProminence.nrrd,original_glrlm_ShortRunHighGrayLevelEmphasis.nrrd,0.7478566846951127
1628,original_glcm_ClusterProminence.nrrd,original_glrlm_ShortRunLowGrayLevelEmphasis.nrrd,0.6710700099277775
1629,original_glcm_ClusterProminence.nrrd,original_glszm_GrayLevelNonUniformity.nrrd,0.6671617669491937
1630,original_glcm_ClusterProminence.nrrd,original_glszm_GrayLevelNonUniformityNormalized.nrrd,0.5138032218841562
1631,original_glcm_ClusterProminence.nrrd,original_glszm_GrayLevelVariance.nrrd,0.9097690205020008
1632,original_glcm_ClusterProminence.nrrd,original_glszm_HighGrayLevelZoneEmphasis.nrrd,0.7399894145962127
1633,original_glcm_ClusterProminence.nrrd,original_glszm_LargeAreaEmphasis.nrrd,0.34514991726037153
1634,original_glcm_ClusterProminence.nrrd,original_glszm_LargeAreaHighGrayLevelEmphasis.nrrd,0.42167240477362644
1635,original_glcm_ClusterProminence.nrrd,original_glszm_LargeAreaLowGrayLevelEmphasis.nrrd,0.37570144332956323
1636,original_glcm_ClusterProminence.nrrd,original_glszm_LowGrayLevelZoneEmphasis.nrrd,0.6457917054307758
1637,original_glcm_ClusterProminence.nrrd,original_glszm_SizeZoneNonUniformity.nrrd,0.8236522368674987
1638,original_glcm_ClusterProminence.nrrd,original_glszm_SizeZoneNonUniformityNormalized.nrrd,0.7313039040777157
1639,original_glcm_ClusterProminence.nrrd,original_glszm_SmallAreaEmphasis.nrrd,0.7044970144053736
1640,original_glcm_ClusterProminence.nrrd,original_glszm_SmallAreaHighGrayLevelEmphasis.nrrd,0.7626313052850199
1641,original_glcm_ClusterProminence.nrrd,original_glszm_SmallAreaLowGrayLevelEmphasis.nrrd,0.6335934086304751
1642,original_glcm_ClusterProminence.nrrd,original_glszm_ZoneEntropy.nrrd,0.6955857178661559
1643,original_glcm_ClusterProminence.nrrd,original_glszm_ZonePercentage.nrrd,0.7363316492614252
1644,original_glcm_ClusterProminence.nrrd,original_glszm_ZoneVariance.nrrd,0.23489167257029445
1645,original_glcm_ClusterProminence.nrrd,original_ngtdm_Busyness.nrrd,0.5532318829383518
1646,original_glcm_ClusterProminence.nrrd,original_ngtdm_Coarseness.nrrd,0.4983388886140213
1647,original_glcm_ClusterProminence.nrrd,original_ngtdm_Complexity.nrrd,0.9122513524466143
1648,original_glcm_ClusterProminence.nrrd,original_ngtdm_Contrast.nrrd,0.8273896351886738
1649,original_glcm_ClusterProminence.nrrd,original_ngtdm_Strength.nrrd,0.8253614481587228
1650,original_glcm_ClusterShade.nrrd,original_glcm_ClusterTendency.nrrd,-0.349462536
1651,original_glcm_ClusterShade.nrrd,original_glcm_Contrast.nrrd,-0.41691106
1652,original_glcm_ClusterShade.nrrd,original_glcm_Correlation.nrrd,-0.170834143
1653,original_glcm_ClusterShade.nrrd,original_glcm_DifferenceAverage.nrrd,-0.320913498
1654,original_glcm_ClusterShade.nrrd,original_glcm_DifferenceEntropy.nrrd,-0.252971431
1655,original_glcm_ClusterShade.nrrd,original_glcm_DifferenceVariance.nrrd,-0.435887118
1656,original_glcm_ClusterShade.nrrd,original_glcm_Id.nrrd,-0.158093438
1657,original_glcm_ClusterShade.nrrd,original_glcm_Idm.nrrd,-0.13529616
1658,original_glcm_ClusterShade.nrrd,original_glcm_Idmn.nrrd,-0.215021965
1659,original_glcm_ClusterShade.nrrd,original_glcm_Idn.nrrd,-0.210703671
1660,original_glcm_ClusterShade.nrrd,original_glcm_Imc1.nrrd,0.24741055395273057
1661,original_glcm_ClusterShade.nrrd,original_glcm_Imc2.nrrd,-0.221866932
1662,original_glcm_ClusterShade.nrrd,original_glcm_InverseVariance.nrrd,-0.135035424
1663,original_glcm_ClusterShade.nrrd,original_glcm_JointAverage.nrrd,-0.223329981
1664,original_glcm_ClusterShade.nrrd,original_glcm_JointEnergy.nrrd,-0.09522175
1665,original_glcm_ClusterShade.nrrd,original_glcm_JointEntropy.nrrd,-0.229711334
1666,original_glcm_ClusterShade.nrrd,original_glcm_MaximumProbability.nrrd,-0.116476379
1667,original_glcm_ClusterShade.nrrd,original_glcm_MCC.nrrd,-0.201263929
1668,original_glcm_ClusterShade.nrrd,original_glcm_SumAverage.nrrd,-0.223329981
1669,original_glcm_ClusterShade.nrrd,original_glcm_SumEntropy.nrrd,-0.231688518
1670,original_glcm_ClusterShade.nrrd,original_glcm_SumSquares.nrrd,-0.366099807
1671,original_glcm_ClusterShade.nrrd,original_gldm_DependenceEntropy.nrrd,-0.219492469
1672,original_glcm_ClusterShade.nrrd,original_gldm_DependenceNonUniformity.nrrd,-0.258910469
1673,original_glcm_ClusterShade.nrrd,original_gldm_DependenceNonUniformityNormalized.nrrd,-0.273469156
1674,original_glcm_ClusterShade.nrrd,original_gldm_DependenceVariance.nrrd,-0.123422105
1675,original_glcm_ClusterShade.nrrd,original_gldm_GrayLevelNonUniformity.nrrd,-0.150649689
1676,original_glcm_ClusterShade.nrrd,original_gldm_GrayLevelVariance.nrrd,-0.363645634
1677,original_glcm_ClusterShade.nrrd,original_gldm_HighGrayLevelEmphasis.nrrd,-0.237677203
1678,original_glcm_ClusterShade.nrrd,original_gldm_LargeDependenceEmphasis.nrrd,-0.126958428
1679,original_glcm_ClusterShade.nrrd,original_gldm_LargeDependenceHighGrayLevelEmphasis.nrrd,-0.185252438
1680,original_glcm_ClusterShade.nrrd,original_gldm_LargeDependenceLowGrayLevelEmphasis.nrrd,-0.218391203
1681,original_glcm_ClusterShade.nrrd,original_gldm_LowGrayLevelEmphasis.nrrd,-0.441642422
1682,original_glcm_ClusterShade.nrrd,original_gldm_SmallDependenceEmphasis.nrrd,-0.268919701
1683,original_glcm_ClusterShade.nrrd,original_gldm_SmallDependenceHighGrayLevelEmphasis.nrrd,-0.261253077
1684,original_glcm_ClusterShade.nrrd,original_gldm_SmallDependenceLowGrayLevelEmphasis.nrrd,-0.490883141
1685,original_glcm_ClusterShade.nrrd,original_glrlm_GrayLevelNonUniformity.nrrd,-0.154232877
1686,original_glcm_ClusterShade.nrrd,original_glrlm_GrayLevelNonUniformityNormalized.nrrd,-0.147168232
1687,original_glcm_ClusterShade.nrrd,original_glrlm_GrayLevelVariance.nrrd,-0.364533551
1688,original_glcm_ClusterShade.nrrd,original_glrlm_HighGrayLevelRunEmphasis.nrrd,-0.236164891
1689,original_glcm_ClusterShade.nrrd,original_glrlm_LongRunEmphasis.nrrd,-0.206138133
1690,original_glcm_ClusterShade.nrrd,original_glrlm_LongRunHighGrayLevelEmphasis.nrrd,-0.2306117
1691,original_glcm_ClusterShade.nrrd,original_glrlm_LongRunLowGrayLevelEmphasis.nrrd,-0.427924849
1692,original_glcm_ClusterShade.nrrd,original_glrlm_LowGrayLevelRunEmphasis.nrrd,-0.443971964
1693,original_glcm_ClusterShade.nrrd,original_glrlm_RunEntropy.nrrd,-0.231218955
1694,original_glcm_ClusterShade.nrrd,original_glrlm_RunLengthNonUniformity.nrrd,-0.219837861
1695,original_glcm_ClusterShade.nrrd,original_glrlm_RunLengthNonUniformityNormalized.nrrd,-0.223744036
1696,original_glcm_ClusterShade.nrrd,original_glrlm_RunPercentage.nrrd,-0.220520528
1697,original_glcm_ClusterShade.nrrd,original_glrlm_RunVariance.nrrd,-0.12314966
1698,original_glcm_ClusterShade.nrrd,original_glrlm_ShortRunEmphasis.nrrd,-0.219647277
1699,original_glcm_ClusterShade.nrrd,original_glrlm_ShortRunHighGrayLevelEmphasis.nrrd,-0.237516265
1700,original_glcm_ClusterShade.nrrd,original_glrlm_ShortRunLowGrayLevelEmphasis.nrrd,-0.447756082
1701,original_glcm_ClusterShade.nrrd,original_glszm_GrayLevelNonUniformity.nrrd,-0.196064306
1702,original_glcm_ClusterShade.nrrd,original_glszm_GrayLevelNonUniformityNormalized.nrrd,-0.150433654
1703,original_glcm_ClusterShade.nrrd,original_glszm_GrayLevelVariance.nrrd,-0.366997855
1704,original_glcm_ClusterShade.nrrd,original_glszm_HighGrayLevelZoneEmphasis.nrrd,-0.216373657
1705,original_glcm_ClusterShade.nrrd,original_glszm_LargeAreaEmphasis.nrrd,-0.057321062
1706,original_glcm_ClusterShade.nrrd,original_glszm_LargeAreaHighGrayLevelEmphasis.nrrd,-0.11289396
1707,original_glcm_ClusterShade.nrrd,original_glszm_LargeAreaLowGrayLevelEmphasis.nrrd,-0.13263842
1708,original_glcm_ClusterShade.nrrd,original_glszm_LowGrayLevelZoneEmphasis.nrrd,-0.461329223
1709,original_glcm_ClusterShade.nrrd,original_glszm_SizeZoneNonUniformity.nrrd,-0.281905058
1710,original_glcm_ClusterShade.nrrd,original_glszm_SizeZoneNonUniformityNormalized.nrrd,-0.26037811
1711,original_glcm_ClusterShade.nrrd,original_glszm_SmallAreaEmphasis.nrrd,-0.238838791
1712,original_glcm_ClusterShade.nrrd,original_glszm_SmallAreaHighGrayLevelEmphasis.nrrd,-0.226856772
1713,original_glcm_ClusterShade.nrrd,original_glszm_SmallAreaLowGrayLevelEmphasis.nrrd,-0.473044748
1714,original_glcm_ClusterShade.nrrd,original_glszm_ZoneEntropy.nrrd,-0.221608865
1715,original_glcm_ClusterShade.nrrd,original_glszm_ZonePercentage.nrrd,-0.263372824
1716,original_glcm_ClusterShade.nrrd,original_glszm_ZoneVariance.nrrd,-0.022591306
1717,original_glcm_ClusterShade.nrrd,original_ngtdm_Busyness.nrrd,-0.13403034
1718,original_glcm_ClusterShade.nrrd,original_ngtdm_Coarseness.nrrd,-0.138683786
1719,original_glcm_ClusterShade.nrrd,original_ngtdm_Complexity.nrrd,-0.422411581
1720,original_glcm_ClusterShade.nrrd,original_ngtdm_Contrast.nrrd,-0.354300731
1721,original_glcm_ClusterShade.nrrd,original_ngtdm_Strength.nrrd,-0.339018919
1722,original_glcm_ClusterTendency.nrrd,original_glcm_Contrast.nrrd,0.9430326936776005
1723,original_glcm_ClusterTendency.nrrd,original_glcm_Correlation.nrrd,0.8767592128814643
1724,original_glcm_ClusterTendency.nrrd,original_glcm_DifferenceAverage.nrrd,0.9306452299929319
1725,original_glcm_ClusterTendency.nrrd,original_glcm_DifferenceEntropy.nrrd,0.8883601487734888
1726,original_glcm_ClusterTendency.nrrd,original_glcm_DifferenceVariance.nrrd,0.9326895865501348
1727,original_glcm_ClusterTendency.nrrd,original_glcm_Id.nrrd,0.7803504737626589
1728,original_glcm_ClusterTendency.nrrd,original_glcm_Idm.nrrd,0.7435379490423075
1729,original_glcm_ClusterTendency.nrrd,original_glcm_Idmn.nrrd,0.8532362436780272
1730,original_glcm_ClusterTendency.nrrd,original_glcm_Idn.nrrd,0.8486995005942766
1731,original_glcm_ClusterTendency.nrrd,original_glcm_Imc1.nrrd,-0.894508584
1732,original_glcm_ClusterTendency.nrrd,original_glcm_Imc2.nrrd,0.8653523295144251
1733,original_glcm_ClusterTendency.nrrd,original_glcm_InverseVariance.nrrd,0.7430593580450461
1734,original_glcm_ClusterTendency.nrrd,original_glcm_JointAverage.nrrd,0.882141806381795
1735,original_glcm_ClusterTendency.nrrd,original_glcm_JointEnergy.nrrd,0.5209648018337321
1736,original_glcm_ClusterTendency.nrrd,original_glcm_JointEntropy.nrrd,0.8809812040434448
1737,original_glcm_ClusterTendency.nrrd,original_glcm_MaximumProbability.nrrd,0.6071708858897059
1738,original_glcm_ClusterTendency.nrrd,original_glcm_MCC.nrrd,0.8645183850900364
1739,original_glcm_ClusterTendency.nrrd,original_glcm_SumAverage.nrrd,0.8821418063817948
1740,original_glcm_ClusterTendency.nrrd,original_glcm_SumEntropy.nrrd,0.8860317104829314
1741,original_glcm_ClusterTendency.nrrd,original_glcm_SumSquares.nrrd,0.9978003148268437
1742,original_glcm_ClusterTendency.nrrd,original_gldm_DependenceEntropy.nrrd,0.8703458756417313
1743,original_glcm_ClusterTendency.nrrd,original_gldm_DependenceNonUniformity.nrrd,0.9262196116247953
1744,original_glcm_ClusterTendency.nrrd,original_gldm_DependenceNonUniformityNormalized.nrrd,0.9017232992724338
1745,original_glcm_ClusterTendency.nrrd,original_gldm_DependenceVariance.nrrd,0.7125853823116134
1746,original_glcm_ClusterTendency.nrrd,original_gldm_GrayLevelNonUniformity.nrrd,0.768647090766285
1747,original_glcm_ClusterTendency.nrrd,original_gldm_GrayLevelVariance.nrrd,0.9962086723085081
1748,original_glcm_ClusterTendency.nrrd,original_gldm_HighGrayLevelEmphasis.nrrd,0.904722780221087
1749,original_glcm_ClusterTendency.nrrd,original_gldm_LargeDependenceEmphasis.nrrd,0.7309425334367191
1750,original_glcm_ClusterTendency.nrrd,original_gldm_LargeDependenceHighGrayLevelEmphasis.nrrd,0.8031005316518293
1751,original_glcm_ClusterTendency.nrrd,original_gldm_LargeDependenceLowGrayLevelEmphasis.nrrd,0.6939215278041109
1752,original_glcm_ClusterTendency.nrrd,original_gldm_LowGrayLevelEmphasis.nrrd,0.7269567119529374
1753,original_glcm_ClusterTendency.nrrd,original_gldm_SmallDependenceEmphasis.nrrd,0.8992974834576207
1754,original_glcm_ClusterTendency.nrrd,original_gldm_SmallDependenceHighGrayLevelEmphasis.nrrd,0.9342324206177883
1755,original_glcm_ClusterTendency.nrrd,original_gldm_SmallDependenceLowGrayLevelEmphasis.nrrd,0.6604208641452083
1756,original_glcm_ClusterTendency.nrrd,original_glrlm_GrayLevelNonUniformity.nrrd,0.7751387942884229
1757,original_glcm_ClusterTendency.nrrd,original_glrlm_GrayLevelNonUniformityNormalized.nrrd,0.698759890340111
1758,original_glcm_ClusterTendency.nrrd,original_glrlm_GrayLevelVariance.nrrd,0.9957049676300946
1759,original_glcm_ClusterTendency.nrrd,original_glrlm_HighGrayLevelRunEmphasis.nrrd,0.9045664077296107
1760,original_glcm_ClusterTendency.nrrd,original_glrlm_LongRunEmphasis.nrrd,0.8431158771386199
1761,original_glcm_ClusterTendency.nrrd,original_glrlm_LongRunHighGrayLevelEmphasis.nrrd,0.8960313943316057
1762,original_glcm_ClusterTendency.nrrd,original_glrlm_LongRunLowGrayLevelEmphasis.nrrd,0.7302420674729103
1763,original_glcm_ClusterTendency.nrrd,original_glrlm_LowGrayLevelRunEmphasis.nrrd,0.7234234105005078
1764,original_glcm_ClusterTendency.nrrd,original_glrlm_RunEntropy.nrrd,0.8827589008575479
1765,original_glcm_ClusterTendency.nrrd,original_glrlm_RunLengthNonUniformity.nrrd,0.9010917059670679
1766,original_glcm_ClusterTendency.nrrd,original_glrlm_RunLengthNonUniformityNormalized.nrrd,0.861827411336964
1767,original_glcm_ClusterTendency.nrrd,original_glrlm_RunPercentage.nrrd,0.8585927374256864
1768,original_glcm_ClusterTendency.nrrd,original_glrlm_RunVariance.nrrd,0.7297647105404899
1769,original_glcm_ClusterTendency.nrrd,original_glrlm_ShortRunEmphasis.nrrd,0.8576962801575958
1770,original_glcm_ClusterTendency.nrrd,original_glrlm_ShortRunHighGrayLevelEmphasis.nrrd,0.9065767111604949
1771,original_glcm_ClusterTendency.nrrd,original_glrlm_ShortRunLowGrayLevelEmphasis.nrrd,0.7212669734974616
1772,original_glcm_ClusterTendency.nrrd,original_glszm_GrayLevelNonUniformity.nrrd,0.8376968996343699
1773,original_glcm_ClusterTendency.nrrd,original_glszm_GrayLevelNonUniformityNormalized.nrrd,0.7144103367141319
1774,original_glcm_ClusterTendency.nrrd,original_glszm_GrayLevelVariance.nrrd,0.984388660038378
1775,original_glcm_ClusterTendency.nrrd,original_glszm_HighGrayLevelZoneEmphasis.nrrd,0.9019564100153791
1776,original_glcm_ClusterTendency.nrrd,original_glszm_LargeAreaEmphasis.nrrd,0.5220472367649692
1777,original_glcm_ClusterTendency.nrrd,original_glszm_LargeAreaHighGrayLevelEmphasis.nrrd,0.589273883669451
1778,original_glcm_ClusterTendency.nrrd,original_glszm_LargeAreaLowGrayLevelEmphasis.nrrd,0.5272170058702433
1779,original_glcm_ClusterTendency.nrrd,original_glszm_LowGrayLevelZoneEmphasis.nrrd,0.6732765001615635
1780,original_glcm_ClusterTendency.nrrd,original_glszm_SizeZoneNonUniformity.nrrd,0.9352803611252261
1781,original_glcm_ClusterTendency.nrrd,original_glszm_SizeZoneNonUniformityNormalized.nrrd,0.891339404524795
1782,original_glcm_ClusterTendency.nrrd,original_glszm_SmallAreaEmphasis.nrrd,0.8746663412162166
1783,original_glcm_ClusterTendency.nrrd,original_glszm_SmallAreaHighGrayLevelEmphasis.nrrd,0.9155733366005071
1784,original_glcm_ClusterTendency.nrrd,original_glszm_SmallAreaLowGrayLevelEmphasis.nrrd,0.6376158425006435
1785,original_glcm_ClusterTendency.nrrd,original_glszm_ZoneEntropy.nrrd,0.8706604983911176
1786,original_glcm_ClusterTendency.nrrd,original_glszm_ZonePercentage.nrrd,0.8957311391865002
1787,original_glcm_ClusterTendency.nrrd,original_glszm_ZoneVariance.nrrd,0.38707227911109
1788,original_glcm_ClusterTendency.nrrd,original_ngtdm_Busyness.nrrd,0.7576829468055979
1789,original_glcm_ClusterTendency.nrrd,original_ngtdm_Coarseness.nrrd,0.6863711230205427
1790,original_glcm_ClusterTendency.nrrd,original_ngtdm_Complexity.nrrd,0.9394556714477786
1791,original_glcm_ClusterTendency.nrrd,original_ngtdm_Contrast.nrrd,0.9514787455309721
1792,original_glcm_ClusterTendency.nrrd,original_ngtdm_Strength.nrrd,0.921424846891079
1793,original_glcm_Contrast.nrrd,original_glcm_Correlation.nrrd,0.8399144024648532
1794,original_glcm_Contrast.nrrd,original_glcm_DifferenceAverage.nrrd,0.9731201525964933
1795,original_glcm_Contrast.nrrd,original_glcm_DifferenceEntropy.nrrd,0.9202964681338177
1796,original_glcm_Contrast.nrrd,original_glcm_DifferenceVariance.nrrd,0.9970919616616287
1797,original_glcm_Contrast.nrrd,original_glcm_Id.nrrd,0.7930500114935826
1798,original_glcm_Contrast.nrrd,original_glcm_Idm.nrrd,0.7503798890314958
1799,original_glcm_Contrast.nrrd,original_glcm_Idmn.nrrd,0.8780472776381169
1800,original_glcm_Contrast.nrrd,original_glcm_Idn.nrrd,0.8727688509546684
1801,original_glcm_Contrast.nrrd,original_glcm_Imc1.nrrd,-0.896251517
1802,original_glcm_Contrast.nrrd,original_glcm_Imc2.nrrd,0.8874151409032354
1803,original_glcm_Contrast.nrrd,original_glcm_InverseVariance.nrrd,0.7497599680177388
1804,original_glcm_Contrast.nrrd,original_glcm_JointAverage.nrrd,0.8892748107852017
1805,original_glcm_Contrast.nrrd,original_glcm_JointEnergy.nrrd,0.5449671230918369
1806,original_glcm_Contrast.nrrd,original_glcm_JointEntropy.nrrd,0.9041617628177523
1807,original_glcm_Contrast.nrrd,original_glcm_MaximumProbability.nrrd,0.6267647071078895
1808,original_glcm_Contrast.nrrd,original_glcm_MCC.nrrd,0.8681857893518218
1809,original_glcm_Contrast.nrrd,original_glcm_SumAverage.nrrd,0.8892748107852015
1810,original_glcm_Contrast.nrrd,original_glcm_SumEntropy.nrrd,0.904399396335823
1811,original_glcm_Contrast.nrrd,original_glcm_SumSquares.nrrd,0.9630134271458787
1812,original_glcm_Contrast.nrrd,original_gldm_DependenceEntropy.nrrd,0.8896294403816186
1813,original_glcm_Contrast.nrrd,original_gldm_DependenceNonUniformity.nrrd,0.947579844525002
1814,original_glcm_Contrast.nrrd,original_gldm_DependenceNonUniformityNormalized.nrrd,0.9385006051586497
1815,original_glcm_Contrast.nrrd,original_gldm_DependenceVariance.nrrd,0.7100223832998476
1816,original_glcm_Contrast.nrrd,original_gldm_GrayLevelNonUniformity.nrrd,0.805525075916119
1817,original_glcm_Contrast.nrrd,original_gldm_GrayLevelVariance.nrrd,0.9631985506874938
1818,original_glcm_Contrast.nrrd,original_gldm_HighGrayLevelEmphasis.nrrd,0.8920664301256167
1819,original_glcm_Contrast.nrrd,original_gldm_LargeDependenceEmphasis.nrrd,0.732302075934149
1820,original_glcm_Contrast.nrrd,original_gldm_LargeDependenceHighGrayLevelEmphasis.nrrd,0.774116552001628
1821,original_glcm_Contrast.nrrd,original_gldm_LargeDependenceLowGrayLevelEmphasis.nrrd,0.7219632949283161
1822,original_glcm_Contrast.nrrd,original_gldm_LowGrayLevelEmphasis.nrrd,0.790628099396622
1823,original_glcm_Contrast.nrrd,original_gldm_SmallDependenceEmphasis.nrrd,0.9354838597289602
1824,original_glcm_Contrast.nrrd,original_gldm_SmallDependenceHighGrayLevelEmphasis.nrrd,0.9290365964561799
1825,original_glcm_Contrast.nrrd,original_gldm_SmallDependenceLowGrayLevelEmphasis.nrrd,0.7291920264083124
1826,original_glcm_Contrast.nrrd,original_glrlm_GrayLevelNonUniformity.nrrd,0.813144818573664
1827,original_glcm_Contrast.nrrd,original_glrlm_GrayLevelNonUniformityNormalized.nrrd,0.741530180368391
1828,original_glcm_Contrast.nrrd,original_glrlm_GrayLevelVariance.nrrd,0.9643457123628257
1829,original_glcm_Contrast.nrrd,original_glrlm_HighGrayLevelRunEmphasis.nrrd,0.8919178864618547
1830,original_glcm_Contrast.nrrd,original_glrlm_LongRunEmphasis.nrrd,0.865437731480515
1831,original_glcm_Contrast.nrrd,original_glrlm_LongRunHighGrayLevelEmphasis.nrrd,0.8814401709765101
1832,original_glcm_Contrast.nrrd,original_glrlm_LongRunLowGrayLevelEmphasis.nrrd,0.7914981105636746
1833,original_glcm_Contrast.nrrd,original_glrlm_LowGrayLevelRunEmphasis.nrrd,0.7871230337136162
1834,original_glcm_Contrast.nrrd,original_glrlm_RunEntropy.nrrd,0.9025371985464559
1835,original_glcm_Contrast.nrrd,original_glrlm_RunLengthNonUniformity.nrrd,0.9159524671222089
1836,original_glcm_Contrast.nrrd,original_glrlm_RunLengthNonUniformityNormalized.nrrd,0.8886128847020793
1837,original_glcm_Contrast.nrrd,original_glrlm_RunPercentage.nrrd,0.8846026248823016
1838,original_glcm_Contrast.nrrd,original_glrlm_RunVariance.nrrd,0.7314364210535136
1839,original_glcm_Contrast.nrrd,original_glrlm_ShortRunEmphasis.nrrd,0.8834785287691385
1840,original_glcm_Contrast.nrrd,original_glrlm_ShortRunHighGrayLevelEmphasis.nrrd,0.8944092564753926
1841,original_glcm_Contrast.nrrd,original_glrlm_ShortRunLowGrayLevelEmphasis.nrrd,0.7854971837605306
1842,original_glcm_Contrast.nrrd,original_glszm_GrayLevelNonUniformity.nrrd,0.882168116614939
1843,original_glcm_Contrast.nrrd,original_glszm_GrayLevelNonUniformityNormalized.nrrd,0.7549501672297684
1844,original_glcm_Contrast.nrrd,original_glszm_GrayLevelVariance.nrrd,0.9735768566621444
1845,original_glcm_Contrast.nrrd,original_glszm_HighGrayLevelZoneEmphasis.nrrd,0.8891968491788825
1846,original_glcm_Contrast.nrrd,original_glszm_LargeAreaEmphasis.nrrd,0.5045646338759641
1847,original_glcm_Contrast.nrrd,original_glszm_LargeAreaHighGrayLevelEmphasis.nrrd,0.5520035099187939
1848,original_glcm_Contrast.nrrd,original_glszm_LargeAreaLowGrayLevelEmphasis.nrrd,0.5290206670675605
1849,original_glcm_Contrast.nrrd,original_glszm_LowGrayLevelZoneEmphasis.nrrd,0.7364541269256822
1850,original_glcm_Contrast.nrrd,original_glszm_SizeZoneNonUniformity.nrrd,0.9599062225060666
1851,original_glcm_Contrast.nrrd,original_glszm_SizeZoneNonUniformityNormalized.nrrd,0.924460406531543
1852,original_glcm_Contrast.nrrd,original_glszm_SmallAreaEmphasis.nrrd,0.9039790914467231
1853,original_glcm_Contrast.nrrd,original_glszm_SmallAreaHighGrayLevelEmphasis.nrrd,0.9051954269864658
1854,original_glcm_Contrast.nrrd,original_glszm_SmallAreaLowGrayLevelEmphasis.nrrd,0.7017505600245716
1855,original_glcm_Contrast.nrrd,original_glszm_ZoneEntropy.nrrd,0.891654977125959
1856,original_glcm_Contrast.nrrd,original_glszm_ZonePercentage.nrrd,0.9313360146515435
1857,original_glcm_Contrast.nrrd,original_glszm_ZoneVariance.nrrd,0.36149036419509006
1858,original_glcm_Contrast.nrrd,original_ngtdm_Busyness.nrrd,0.7902569449473973
1859,original_glcm_Contrast.nrrd,original_ngtdm_Coarseness.nrrd,0.6861505299257005
1860,original_glcm_Contrast.nrrd,original_ngtdm_Complexity.nrrd,0.9793298830526438
1861,original_glcm_Contrast.nrrd,original_ngtdm_Contrast.nrrd,0.9533512278044404
1862,original_glcm_Contrast.nrrd,original_ngtdm_Strength.nrrd,0.9235922696170275
1863,original_glcm_Correlation.nrrd,original_glcm_DifferenceAverage.nrrd,0.9309777820344833
1864,original_glcm_Correlation.nrrd,original_glcm_DifferenceEntropy.nrrd,0.9694594109780428
1865,original_glcm_Correlation.nrrd,original_glcm_DifferenceVariance.nrrd,0.8254751057939635
1866,original_glcm_Correlation.nrrd,original_glcm_Id.nrrd,0.9730857152566078
1867,original_glcm_Correlation.nrrd,original_glcm_Idm.nrrd,0.961719080540036
1868,original_glcm_Correlation.nrrd,original_glcm_Idmn.nrrd,0.9791053797982668
1869,original_glcm_Correlation.nrrd,original_glcm_Idn.nrrd,0.9795200654483673
1870,original_glcm_Correlation.nrrd,original_glcm_Imc1.nrrd,-0.974950764
1871,original_glcm_Correlation.nrrd,original_glcm_Imc2.nrrd,0.9807334634591458
1872,original_glcm_Correlation.nrrd,original_glcm_InverseVariance.nrrd,0.9617518000169029
1873,original_glcm_Correlation.nrrd,original_glcm_JointAverage.nrrd,0.9787306750155037
1874,original_glcm_Correlation.nrrd,original_glcm_JointEnergy.nrrd,0.7692414842917982
1875,original_glcm_Correlation.nrrd,original_glcm_JointEntropy.nrrd,0.977783012468307
1876,original_glcm_Correlation.nrrd,original_glcm_MaximumProbability.nrrd,0.8564666060801578
1877,original_glcm_Correlation.nrrd,original_glcm_MCC.nrrd,0.9873596500871613
1878,original_glcm_Correlation.nrrd,original_glcm_SumAverage.nrrd,0.9787306750155039
1879,original_glcm_Correlation.nrrd,original_glcm_SumEntropy.nrrd,0.9809450843042302
1880,original_glcm_Correlation.nrrd,original_glcm_SumSquares.nrrd,0.877441182848885
1881,original_glcm_Correlation.nrrd,original_gldm_DependenceEntropy.nrrd,0.9821186139616407
1882,original_glcm_Correlation.nrrd,original_gldm_DependenceNonUniformity.nrrd,0.9156025036622933
1883,original_glcm_Correlation.nrrd,original_gldm_DependenceNonUniformityNormalized.nrrd,0.9567373824622688
1884,original_glcm_Correlation.nrrd,original_gldm_DependenceVariance.nrrd,0.9367067710955893
1885,original_glcm_Correlation.nrrd,original_gldm_GrayLevelNonUniformity.nrrd,0.9305894765279419
1886,original_glcm_Correlation.nrrd,original_gldm_GrayLevelVariance.nrrd,0.8873989341019616
1887,original_glcm_Correlation.nrrd,original_gldm_HighGrayLevelEmphasis.nrrd,0.961609482579869
1888,original_glcm_Correlation.nrrd,original_gldm_LargeDependenceEmphasis.nrrd,0.9536723031937592
1889,original_glcm_Correlation.nrrd,original_gldm_LargeDependenceHighGrayLevelEmphasis.nrrd,0.9570331897102593
1890,original_glcm_Correlation.nrrd,original_gldm_LargeDependenceLowGrayLevelEmphasis.nrrd,0.8983184250838008
1891,original_glcm_Correlation.nrrd,original_gldm_LowGrayLevelEmphasis.nrrd,0.7555528050672935
1892,original_glcm_Correlation.nrrd,original_gldm_SmallDependenceEmphasis.nrrd,0.9591583494645018
1893,original_glcm_Correlation.nrrd,original_gldm_SmallDependenceHighGrayLevelEmphasis.nrrd,0.9352191400225952
1894,original_glcm_Correlation.nrrd,original_gldm_SmallDependenceLowGrayLevelEmphasis.nrrd,0.6162734910976296
1895,original_glcm_Correlation.nrrd,original_glrlm_GrayLevelNonUniformity.nrrd,0.9320748312904177
1896,original_glcm_Correlation.nrrd,original_glrlm_GrayLevelNonUniformityNormalized.nrrd,0.9243759541098036
1897,original_glcm_Correlation.nrrd,original_glrlm_GrayLevelVariance.nrrd,0.8883925483108212
1898,original_glcm_Correlation.nrrd,original_glrlm_HighGrayLevelRunEmphasis.nrrd,0.961774755730402
1899,original_glcm_Correlation.nrrd,original_glrlm_LongRunEmphasis.nrrd,0.9804007953691857
1900,original_glcm_Correlation.nrrd,original_glrlm_LongRunHighGrayLevelEmphasis.nrrd,0.9654544726087761
1901,original_glcm_Correlation.nrrd,original_glrlm_LongRunLowGrayLevelEmphasis.nrrd,0.774417081032519
1902,original_glcm_Correlation.nrrd,original_glrlm_LowGrayLevelRunEmphasis.nrrd,0.7501120235329917
1903,original_glcm_Correlation.nrrd,original_glrlm_RunEntropy.nrrd,0.9804306395180373
1904,original_glcm_Correlation.nrrd,original_glrlm_RunLengthNonUniformity.nrrd,0.9423330123197683
1905,original_glcm_Correlation.nrrd,original_glrlm_RunLengthNonUniformityNormalized.nrrd,0.9774447694460837
1906,original_glcm_Correlation.nrrd,original_glrlm_RunPercentage.nrrd,0.9781862914975012
1907,original_glcm_Correlation.nrrd,original_glrlm_RunVariance.nrrd,0.9553820699768601
1908,original_glcm_Correlation.nrrd,original_glrlm_ShortRunEmphasis.nrrd,0.9783876144803734
1909,original_glcm_Correlation.nrrd,original_glrlm_ShortRunHighGrayLevelEmphasis.nrrd,0.9607181363187708
1910,original_glcm_Correlation.nrrd,original_glrlm_ShortRunLowGrayLevelEmphasis.nrrd,0.7436873658471866
1911,original_glcm_Correlation.nrrd,original_glszm_GrayLevelNonUniformity.nrrd,0.9344267129110247
1912,original_glcm_Correlation.nrrd,original_glszm_GrayLevelNonUniformityNormalized.nrrd,0.9325754208793585
1913,original_glcm_Correlation.nrrd,original_glszm_GrayLevelVariance.nrrd,0.8985402963766417
1914,original_glcm_Correlation.nrrd,original_glszm_HighGrayLevelZoneEmphasis.nrrd,0.9635750582396085
1915,original_glcm_Correlation.nrrd,original_glszm_LargeAreaEmphasis.nrrd,0.7921360836515982
1916,original_glcm_Correlation.nrrd,original_glszm_LargeAreaHighGrayLevelEmphasis.nrrd,0.8099074076627938
1917,original_glcm_Correlation.nrrd,original_glszm_LargeAreaLowGrayLevelEmphasis.nrrd,0.7818086891073274
1918,original_glcm_Correlation.nrrd,original_glszm_LowGrayLevelZoneEmphasis.nrrd,0.67925513058313
1919,original_glcm_Correlation.nrrd,original_glszm_SizeZoneNonUniformity.nrrd,0.8928967665307863
1920,original_glcm_Correlation.nrrd,original_glszm_SizeZoneNonUniformityNormalized.nrrd,0.9657209727182484
1921,original_glcm_Correlation.nrrd,original_glszm_SmallAreaEmphasis.nrrd,0.9738868052046421
1922,original_glcm_Correlation.nrrd,original_glszm_SmallAreaHighGrayLevelEmphasis.nrrd,0.9551421863671553
1923,original_glcm_Correlation.nrrd,original_glszm_SmallAreaLowGrayLevelEmphasis.nrrd,0.6152202103249682
1924,original_glcm_Correlation.nrrd,original_glszm_ZoneEntropy.nrrd,0.9809663492563105
1925,original_glcm_Correlation.nrrd,original_glszm_ZonePercentage.nrrd,0.9611414605337432
1926,original_glcm_Correlation.nrrd,original_glszm_ZoneVariance.nrrd,0.6587845550705216
1927,original_glcm_Correlation.nrrd,original_ngtdm_Busyness.nrrd,0.935975924033272
1928,original_glcm_Correlation.nrrd,original_ngtdm_Coarseness.nrrd,0.8848878157549811
1929,original_glcm_Correlation.nrrd,original_ngtdm_Complexity.nrrd,0.794929419888682
1930,original_glcm_Correlation.nrrd,original_ngtdm_Contrast.nrrd,0.9213902968176135
1931,original_glcm_Correlation.nrrd,original_ngtdm_Strength.nrrd,0.9215045933962707
1932,original_glcm_DifferenceAverage.nrrd,original_glcm_DifferenceEntropy.nrrd,0.9847801138264042
1933,original_glcm_DifferenceAverage.nrrd,original_glcm_DifferenceVariance.nrrd,0.9644486734396377
1934,original_glcm_DifferenceAverage.nrrd,original_glcm_Id.nrrd,0.9052701923560212
1935,original_glcm_DifferenceAverage.nrrd,original_glcm_Idm.nrrd,0.8724324697507742
1936,original_glcm_DifferenceAverage.nrrd,original_glcm_Idmn.nrrd,0.9624877514970809
1937,original_glcm_DifferenceAverage.nrrd,original_glcm_Idn.nrrd,0.9593705058274344
1938,original_glcm_DifferenceAverage.nrrd,original_glcm_Imc1.nrrd,-0.96224756
1939,original_glcm_DifferenceAverage.nrrd,original_glcm_Imc2.nrrd,0.9675174355764968
1940,original_glcm_DifferenceAverage.nrrd,original_glcm_InverseVariance.nrrd,0.8721167733929375
1941,original_glcm_DifferenceAverage.nrrd,original_glcm_JointAverage.nrrd,0.9656081994577584
1942,original_glcm_DifferenceAverage.nrrd,original_glcm_JointEnergy.nrrd,0.672662918400839
1943,original_glcm_DifferenceAverage.nrrd,original_glcm_JointEntropy.nrrd,0.9770161848843227
1944,original_glcm_DifferenceAverage.nrrd,original_glcm_MaximumProbability.nrrd,0.7555328184232621
1945,original_glcm_DifferenceAverage.nrrd,original_glcm_MCC.nrrd,0.9538081045937462
1946,original_glcm_DifferenceAverage.nrrd,original_glcm_SumAverage.nrrd,0.9656081994577586
1947,original_glcm_DifferenceAverage.nrrd,original_glcm_SumEntropy.nrrd,0.9767468991238379
1948,original_glcm_DifferenceAverage.nrrd,original_glcm_SumSquares.nrrd,0.9476249623045924
1949,original_glcm_DifferenceAverage.nrrd,original_gldm_DependenceEntropy.nrrd,0.968860860653959
1950,original_glcm_DifferenceAverage.nrrd,original_gldm_DependenceNonUniformity.nrrd,0.9763514756974594
1951,original_glcm_DifferenceAverage.nrrd,original_gldm_DependenceNonUniformityNormalized.nrrd,0.9918127611794831
1952,original_glcm_DifferenceAverage.nrrd,original_gldm_DependenceVariance.nrrd,0.832303797720602
1953,original_glcm_DifferenceAverage.nrrd,original_gldm_GrayLevelNonUniformity.nrrd,0.9023440495883134
1954,original_glcm_DifferenceAverage.nrrd,original_gldm_GrayLevelVariance.nrrd,0.9529275504413759
1955,original_glcm_DifferenceAverage.nrrd,original_gldm_HighGrayLevelEmphasis.nrrd,0.9556085282356513
1956,original_glcm_DifferenceAverage.nrrd,original_gldm_LargeDependenceEmphasis.nrrd,0.8551436244868456
1957,original_glcm_DifferenceAverage.nrrd,original_gldm_LargeDependenceHighGrayLevelEmphasis.nrrd,0.8763161193079543
1958,original_glcm_DifferenceAverage.nrrd,original_gldm_LargeDependenceLowGrayLevelEmphasis.nrrd,0.824206708894343
1959,original_glcm_DifferenceAverage.nrrd,original_gldm_LowGrayLevelEmphasis.nrrd,0.804839377885299
1960,original_glcm_DifferenceAverage.nrrd,original_gldm_SmallDependenceEmphasis.nrrd,0.9910289369464959
1961,original_glcm_DifferenceAverage.nrrd,original_gldm_SmallDependenceHighGrayLevelEmphasis.nrrd,0.9682258809425758
1962,original_glcm_DifferenceAverage.nrrd,original_gldm_SmallDependenceLowGrayLevelEmphasis.nrrd,0.7051965422184852
1963,original_glcm_DifferenceAverage.nrrd,original_glrlm_GrayLevelNonUniformity.nrrd,0.9081218164332837
1964,original_glcm_DifferenceAverage.nrrd,original_glrlm_GrayLevelNonUniformityNormalized.nrrd,0.8623437673135557
1965,original_glcm_DifferenceAverage.nrrd,original_glrlm_GrayLevelVariance.nrrd,0.9543367636378352
1966,original_glcm_DifferenceAverage.nrrd,original_glrlm_HighGrayLevelRunEmphasis.nrrd,0.9555973638636115
1967,original_glcm_DifferenceAverage.nrrd,original_glrlm_LongRunEmphasis.nrrd,0.9545211710396763
1968,original_glcm_DifferenceAverage.nrrd,original_glrlm_LongRunHighGrayLevelEmphasis.nrrd,0.9502097315081841
1969,original_glcm_DifferenceAverage.nrrd,original_glrlm_LongRunLowGrayLevelEmphasis.nrrd,0.8134463888104672
1970,original_glcm_DifferenceAverage.nrrd,original_glrlm_LowGrayLevelRunEmphasis.nrrd,0.8002015290358205
1971,original_glcm_DifferenceAverage.nrrd,original_glrlm_RunEntropy.nrrd,0.9758389610658922
1972,original_glcm_DifferenceAverage.nrrd,original_glrlm_RunLengthNonUniformity.nrrd,0.9679499230962039
1973,original_glcm_DifferenceAverage.nrrd,original_glrlm_RunLengthNonUniformityNormalized.nrrd,0.9686514971071293
1974,original_glcm_DifferenceAverage.nrrd,original_glrlm_RunPercentage.nrrd,0.9663212975343571
1975,original_glcm_DifferenceAverage.nrrd,original_glrlm_RunVariance.nrrd,0.8559306843622394
1976,original_glcm_DifferenceAverage.nrrd,original_glrlm_ShortRunEmphasis.nrrd,0.9656567275269227
1977,original_glcm_DifferenceAverage.nrrd,original_glrlm_ShortRunHighGrayLevelEmphasis.nrrd,0.9567977945126918
1978,original_glcm_DifferenceAverage.nrrd,original_glrlm_ShortRunLowGrayLevelEmphasis.nrrd,0.7963941758249129
1979,original_glcm_DifferenceAverage.nrrd,original_glszm_GrayLevelNonUniformity.nrrd,0.9538126014520094
1980,original_glcm_DifferenceAverage.nrrd,original_glszm_GrayLevelNonUniformityNormalized.nrrd,0.8746422474898775
1981,original_glcm_DifferenceAverage.nrrd,original_glszm_GrayLevelVariance.nrrd,0.9684330095824757
1982,original_glcm_DifferenceAverage.nrrd,original_glszm_HighGrayLevelZoneEmphasis.nrrd,0.954771829503484
1983,original_glcm_DifferenceAverage.nrrd,original_glszm_LargeAreaEmphasis.nrrd,0.6373846749045307
1984,original_glcm_DifferenceAverage.nrrd,original_glszm_LargeAreaHighGrayLevelEmphasis.nrrd,0.6711044566572858
1985,original_glcm_DifferenceAverage.nrrd,original_glszm_LargeAreaLowGrayLevelEmphasis.nrrd,0.6464090150883961
1986,original_glcm_DifferenceAverage.nrrd,original_glszm_LowGrayLevelZoneEmphasis.nrrd,0.7373076552895451
1987,original_glcm_DifferenceAverage.nrrd,original_glszm_SizeZoneNonUniformity.nrrd,0.9738573678070613
1988,original_glcm_DifferenceAverage.nrrd,original_glszm_SizeZoneNonUniformityNormalized.nrrd,0.9859487941044229
1989,original_glcm_DifferenceAverage.nrrd,original_glszm_SmallAreaEmphasis.nrrd,0.9766286176845935
1990,original_glcm_DifferenceAverage.nrrd,original_glszm_SmallAreaHighGrayLevelEmphasis.nrrd,0.9612371394933975
1991,original_glcm_DifferenceAverage.nrrd,original_glszm_SmallAreaLowGrayLevelEmphasis.nrrd,0.6876218074102595
1992,original_glcm_DifferenceAverage.nrrd,original_glszm_ZoneEntropy.nrrd,0.9700529314346005
1993,original_glcm_DifferenceAverage.nrrd,original_glszm_ZonePercentage.nrrd,0.9895292946422924
1994,original_glcm_DifferenceAverage.nrrd,original_glszm_ZoneVariance.nrrd,0.488730635489987
1995,original_glcm_DifferenceAverage.nrrd,original_ngtdm_Busyness.nrrd,0.8969751973634724
1996,original_glcm_DifferenceAverage.nrrd,original_ngtdm_Coarseness.nrrd,0.8005184500808191
1997,original_glcm_DifferenceAverage.nrrd,original_ngtdm_Complexity.nrrd,0.9364452950108684
1998,original_glcm_DifferenceAverage.nrrd,original_ngtdm_Contrast.nrrd,0.972809369240537
1999,original_glcm_DifferenceAverage.nrrd,original_ngtdm_Strength.nrrd,0.9507517660062965
2000,original_glcm_DifferenceEntropy.nrrd,original_glcm_DifferenceVariance.nrrd,0.9106137291390322
2001,original_glcm_DifferenceEntropy.nrrd,original_glcm_Id.nrrd,0.9641806211187611
2002,original_glcm_DifferenceEntropy.nrrd,original_glcm_Idm.nrrd,0.9419133234529924
2003,original_glcm_DifferenceEntropy.nrrd,original_glcm_Idmn.nrrd,0.9947873133076077
2004,original_glcm_DifferenceEntropy.nrrd,original_glcm_Idn.nrrd,0.9935805244353897
2005,original_glcm_DifferenceEntropy.nrrd,original_glcm_Imc1.nrrd,-0.981220633
2006,original_glcm_DifferenceEntropy.nrrd,original_glcm_Imc2.nrrd,0.9962290500772251
2007,original_glcm_DifferenceEntropy.nrrd,original_glcm_InverseVariance.nrrd,0.9417334674545188
2008,original_glcm_DifferenceEntropy.nrrd,original_glcm_JointAverage.nrrd,0.9906454729625442
2009,original_glcm_DifferenceEntropy.nrrd,original_glcm_JointEnergy.nrrd,0.7561364980091735
2010,original_glcm_DifferenceEntropy.nrrd,original_glcm_JointEntropy.nrrd,0.998800893807853
2011,original_glcm_DifferenceEntropy.nrrd,original_glcm_MaximumProbability.nrrd,0.8381436335004043
2012,original_glcm_DifferenceEntropy.nrrd,original_glcm_MCC.nrrd,0.987848237394924
2013,original_glcm_DifferenceEntropy.nrrd,original_glcm_SumAverage.nrrd,0.9906454729625442
2014,original_glcm_DifferenceEntropy.nrrd,original_glcm_SumEntropy.nrrd,0.9984747450325717
2015,original_glcm_DifferenceEntropy.nrrd,original_glcm_SumSquares.nrrd,0.9028530813182731
2016,original_glcm_DifferenceEntropy.nrrd,original_gldm_DependenceEntropy.nrrd,0.9967804206905341
2017,original_glcm_DifferenceEntropy.nrrd,original_gldm_DependenceNonUniformity.nrrd,0.9599968467170322
2018,original_glcm_DifferenceEntropy.nrrd,original_gldm_DependenceNonUniformityNormalized.nrrd,0.9961664040786437
2019,original_glcm_DifferenceEntropy.nrrd,original_gldm_DependenceVariance.nrrd,0.9071469439321914
2020,original_glcm_DifferenceEntropy.nrrd,original_gldm_GrayLevelNonUniformity.nrrd,0.9477309709799219
2021,original_glcm_DifferenceEntropy.nrrd,original_gldm_GrayLevelVariance.nrrd,0.9116596552343333
2022,original_glcm_DifferenceEntropy.nrrd,original_gldm_HighGrayLevelEmphasis.nrrd,0.9702660740613392
2023,original_glcm_DifferenceEntropy.nrrd,original_gldm_LargeDependenceEmphasis.nrrd,0.9277369557878629
2024,original_glcm_DifferenceEntropy.nrrd,original_gldm_LargeDependenceHighGrayLevelEmphasis.nrrd,0.9303752230159144
2025,original_glcm_DifferenceEntropy.nrrd,original_gldm_LargeDependenceLowGrayLevelEmphasis.nrrd,0.8855558122766398
2026,original_glcm_DifferenceEntropy.nrrd,original_gldm_LowGrayLevelEmphasis.nrrd,0.7989247777802644
2027,original_glcm_DifferenceEntropy.nrrd,original_gldm_SmallDependenceEmphasis.nrrd,0.9975710083660795
2028,original_glcm_DifferenceEntropy.nrrd,original_gldm_SmallDependenceHighGrayLevelEmphasis.nrrd,0.9612011868909046
2029,original_glcm_DifferenceEntropy.nrrd,original_gldm_SmallDependenceLowGrayLevelEmphasis.nrrd,0.6741242112199625
2030,original_glcm_DifferenceEntropy.nrrd,original_glrlm_GrayLevelNonUniformity.nrrd,0.951355890830927
2031,original_glcm_DifferenceEntropy.nrrd,original_glrlm_GrayLevelNonUniformityNormalized.nrrd,0.9306620509947141
2032,original_glcm_DifferenceEntropy.nrrd,original_glrlm_GrayLevelVariance.nrrd,0.9133716433313471
2033,original_glcm_DifferenceEntropy.nrrd,original_glrlm_HighGrayLevelRunEmphasis.nrrd,0.9703416101538102
2034,original_glcm_DifferenceEntropy.nrrd,original_glrlm_LongRunEmphasis.nrrd,0.991467963459128
2035,original_glcm_DifferenceEntropy.nrrd,original_glrlm_LongRunHighGrayLevelEmphasis.nrrd,0.9698213247549694
2036,original_glcm_DifferenceEntropy.nrrd,original_glrlm_LongRunLowGrayLevelEmphasis.nrrd,0.8133541242447254
2037,original_glcm_DifferenceEntropy.nrrd,original_glrlm_LowGrayLevelRunEmphasis.nrrd,0.7937163859255684
2038,original_glcm_DifferenceEntropy.nrrd,original_glrlm_RunEntropy.nrrd,0.9984906234736308
2039,original_glcm_DifferenceEntropy.nrrd,original_glrlm_RunLengthNonUniformity.nrrd,0.9716800609351068
2040,original_glcm_DifferenceEntropy.nrrd,original_glrlm_RunLengthNonUniformityNormalized.nrrd,0.9968760124191761
2041,original_glcm_DifferenceEntropy.nrrd,original_glrlm_RunPercentage.nrrd,0.9961386951904235
2042,original_glcm_DifferenceEntropy.nrrd,original_glrlm_RunVariance.nrrd,0.9292101755263222
2043,original_glcm_DifferenceEntropy.nrrd,original_glrlm_ShortRunEmphasis.nrrd,0.9959159244623257
2044,original_glcm_DifferenceEntropy.nrrd,original_glrlm_ShortRunHighGrayLevelEmphasis.nrrd,0.970321263758132
2045,original_glcm_DifferenceEntropy.nrrd,original_glrlm_ShortRunLowGrayLevelEmphasis.nrrd,0.7883646797235253
2046,original_glcm_DifferenceEntropy.nrrd,original_glszm_GrayLevelNonUniformity.nrrd,0.9728401280823123
2047,original_glcm_DifferenceEntropy.nrrd,original_glszm_GrayLevelNonUniformityNormalized.nrrd,0.9397254609294926
2048,original_glcm_DifferenceEntropy.nrrd,original_glszm_GrayLevelVariance.nrrd,0.9321412055284414
2049,original_glcm_DifferenceEntropy.nrrd,original_glszm_HighGrayLevelZoneEmphasis.nrrd,0.9707643540351195
2050,original_glcm_DifferenceEntropy.nrrd,original_glszm_LargeAreaEmphasis.nrrd,0.7331181661392837
2051,original_glcm_DifferenceEntropy.nrrd,original_glszm_LargeAreaHighGrayLevelEmphasis.nrrd,0.7534218423455247
2052,original_glcm_DifferenceEntropy.nrrd,original_glszm_LargeAreaLowGrayLevelEmphasis.nrrd,0.7326910224260931
2053,original_glcm_DifferenceEntropy.nrrd,original_glszm_LowGrayLevelZoneEmphasis.nrrd,0.7249057285429763
2054,original_glcm_DifferenceEntropy.nrrd,original_glszm_SizeZoneNonUniformity.nrrd,0.9460811119325492
2055,original_glcm_DifferenceEntropy.nrrd,original_glszm_SizeZoneNonUniformityNormalized.nrrd,0.9986032560536624
2056,original_glcm_DifferenceEntropy.nrrd,original_glszm_SmallAreaEmphasis.nrrd,0.9987207531496717
2057,original_glcm_DifferenceEntropy.nrrd,original_glszm_SmallAreaHighGrayLevelEmphasis.nrrd,0.9689750705416227
2058,original_glcm_DifferenceEntropy.nrrd,original_glszm_SmallAreaLowGrayLevelEmphasis.nrrd,0.6657477608893799
2059,original_glcm_DifferenceEntropy.nrrd,original_glszm_ZoneEntropy.nrrd,0.9972064573389327
2060,original_glcm_DifferenceEntropy.nrrd,original_glszm_ZonePercentage.nrrd,0.9980631417843452
2061,original_glcm_DifferenceEntropy.nrrd,original_glszm_ZoneVariance.nrrd,0.5885148754570368
2062,original_glcm_DifferenceEntropy.nrrd,original_ngtdm_Busyness.nrrd,0.9459417290714236
2063,original_glcm_DifferenceEntropy.nrrd,original_ngtdm_Coarseness.nrrd,0.863776151291071
2064,original_glcm_DifferenceEntropy.nrrd,original_ngtdm_Complexity.nrrd,0.8719842878258044
2065,original_glcm_DifferenceEntropy.nrrd,original_ngtdm_Contrast.nrrd,0.9528490521818616
2066,original_glcm_DifferenceEntropy.nrrd,original_ngtdm_Strength.nrrd,0.9429062099205873
2067,original_glcm_DifferenceVariance.nrrd,original_glcm_Id.nrrd,0.7831270772865353
2068,original_glcm_DifferenceVariance.nrrd,original_glcm_Idm.nrrd,0.7411011637956844
2069,original_glcm_DifferenceVariance.nrrd,original_glcm_Idmn.nrrd,0.8674322673917634
2070,original_glcm_DifferenceVariance.nrrd,original_glcm_Idn.nrrd,0.8621415073031891
2071,original_glcm_DifferenceVariance.nrrd,original_glcm_Imc1.nrrd,-0.886522675
2072,original_glcm_DifferenceVariance.nrrd,original_glcm_Imc2.nrrd,0.8770058240589678
2073,original_glcm_DifferenceVariance.nrrd,original_glcm_InverseVariance.nrrd,0.7403284908495473
2074,original_glcm_DifferenceVariance.nrrd,original_glcm_JointAverage.nrrd,0.878060350214704
2075,original_glcm_DifferenceVariance.nrrd,original_glcm_JointEnergy.nrrd,0.5363423856056698
2076,original_glcm_DifferenceVariance.nrrd,original_glcm_JointEntropy.nrrd,0.8933633561853037
2077,original_glcm_DifferenceVariance.nrrd,original_glcm_MaximumProbability.nrrd,0.6194282774086807
2078,original_glcm_DifferenceVariance.nrrd,original_glcm_MCC.nrrd,0.8576150009516248
2079,original_glcm_DifferenceVariance.nrrd,original_glcm_SumAverage.nrrd,0.878060350214704
2080,original_glcm_DifferenceVariance.nrrd,original_glcm_SumEntropy.nrrd,0.8936497003388439
2081,original_glcm_DifferenceVariance.nrrd,original_glcm_SumSquares.nrrd,0.9540571231206014
2082,original_glcm_DifferenceVariance.nrrd,original_gldm_DependenceEntropy.nrrd,0.8791599108991365
2083,original_glcm_DifferenceVariance.nrrd,original_gldm_DependenceNonUniformity.nrrd,0.9347091921609211
2084,original_glcm_DifferenceVariance.nrrd,original_gldm_DependenceNonUniformityNormalized.nrrd,0.9265746373555035
2085,original_glcm_DifferenceVariance.nrrd,original_gldm_DependenceVariance.nrrd,0.7044132317967507
2086,original_glcm_DifferenceVariance.nrrd,original_gldm_GrayLevelNonUniformity.nrrd,0.7972938462766198
2087,original_glcm_DifferenceVariance.nrrd,original_gldm_GrayLevelVariance.nrrd,0.9538449642799893
2088,original_glcm_DifferenceVariance.nrrd,original_gldm_HighGrayLevelEmphasis.nrrd,0.8805078148485528
2089,original_glcm_DifferenceVariance.nrrd,original_gldm_LargeDependenceEmphasis.nrrd,0.7243746314586397
2090,original_glcm_DifferenceVariance.nrrd,original_gldm_LargeDependenceHighGrayLevelEmphasis.nrrd,0.7658812699428343
2091,original_glcm_DifferenceVariance.nrrd,original_gldm_LargeDependenceLowGrayLevelEmphasis.nrrd,0.7179453243776354
2092,original_glcm_DifferenceVariance.nrrd,original_gldm_LowGrayLevelEmphasis.nrrd,0.7938366464082676
2093,original_glcm_DifferenceVariance.nrrd,original_gldm_SmallDependenceEmphasis.nrrd,0.9245716911976135
2094,original_glcm_DifferenceVariance.nrrd,original_gldm_SmallDependenceHighGrayLevelEmphasis.nrrd,0.916539070869419
2095,original_glcm_DifferenceVariance.nrrd,original_gldm_SmallDependenceLowGrayLevelEmphasis.nrrd,0.7364417808818556
2096,original_glcm_DifferenceVariance.nrrd,original_glrlm_GrayLevelNonUniformity.nrrd,0.8046005275386569
2097,original_glcm_DifferenceVariance.nrrd,original_glrlm_GrayLevelNonUniformityNormalized.nrrd,0.732747502042521
2098,original_glcm_DifferenceVariance.nrrd,original_glrlm_GrayLevelVariance.nrrd,0.9552821844566873
2099,original_glcm_DifferenceVariance.nrrd,original_glrlm_HighGrayLevelRunEmphasis.nrrd,0.8803406615460339
2100,original_glcm_DifferenceVariance.nrrd,original_glrlm_LongRunEmphasis.nrrd,0.8550930214428306
2101,original_glcm_DifferenceVariance.nrrd,original_glrlm_LongRunHighGrayLevelEmphasis.nrrd,0.8701764661279072
2102,original_glcm_DifferenceVariance.nrrd,original_glrlm_LongRunLowGrayLevelEmphasis.nrrd,0.794253511829083
2103,original_glcm_DifferenceVariance.nrrd,original_glrlm_LowGrayLevelRunEmphasis.nrrd,0.7906450620851307
2104,original_glcm_DifferenceVariance.nrrd,original_glrlm_RunEntropy.nrrd,0.8919572103846881
2105,original_glcm_DifferenceVariance.nrrd,original_glrlm_RunLengthNonUniformity.nrrd,0.9046445924237005
2106,original_glcm_DifferenceVariance.nrrd,original_glrlm_RunLengthNonUniformityNormalized.nrrd,0.877910033868945
2107,original_glcm_DifferenceVariance.nrrd,original_glrlm_RunPercentage.nrrd,0.8739637818414173
2108,original_glcm_DifferenceVariance.nrrd,original_glrlm_RunVariance.nrrd,0.7231046841485088
2109,original_glcm_DifferenceVariance.nrrd,original_glrlm_ShortRunEmphasis.nrrd,0.8728601369872235
2110,original_glcm_DifferenceVariance.nrrd,original_glrlm_ShortRunHighGrayLevelEmphasis.nrrd,0.882754317941588
2111,original_glcm_DifferenceVariance.nrrd,original_glrlm_ShortRunLowGrayLevelEmphasis.nrrd,0.7892168711984453
2112,original_glcm_DifferenceVariance.nrrd,original_glszm_GrayLevelNonUniformity.nrrd,0.8706405773662194
2113,original_glcm_DifferenceVariance.nrrd,original_glszm_GrayLevelNonUniformityNormalized.nrrd,0.744051506985038
2114,original_glcm_DifferenceVariance.nrrd,original_glszm_GrayLevelVariance.nrrd,0.9676405437015322
2115,original_glcm_DifferenceVariance.nrrd,original_glszm_HighGrayLevelZoneEmphasis.nrrd,0.8773511217473555
2116,original_glcm_DifferenceVariance.nrrd,original_glszm_LargeAreaEmphasis.nrrd,0.4991875895068963
2117,original_glcm_DifferenceVariance.nrrd,original_glszm_LargeAreaHighGrayLevelEmphasis.nrrd,0.5469639861220974
2118,original_glcm_DifferenceVariance.nrrd,original_glszm_LargeAreaLowGrayLevelEmphasis.nrrd,0.5265176230640441
2119,original_glcm_DifferenceVariance.nrrd,original_glszm_LowGrayLevelZoneEmphasis.nrrd,0.7435329950213005
2120,original_glcm_DifferenceVariance.nrrd,original_glszm_SizeZoneNonUniformity.nrrd,0.9479822648813975
2121,original_glcm_DifferenceVariance.nrrd,original_glszm_SizeZoneNonUniformityNormalized.nrrd,0.9143873487564116
2122,original_glcm_DifferenceVariance.nrrd,original_glszm_SmallAreaEmphasis.nrrd,0.8936812166530865
2123,original_glcm_DifferenceVariance.nrrd,original_glszm_SmallAreaHighGrayLevelEmphasis.nrrd,0.8933430860701708
2124,original_glcm_DifferenceVariance.nrrd,original_glszm_SmallAreaLowGrayLevelEmphasis.nrrd,0.7107138633534746
2125,original_glcm_DifferenceVariance.nrrd,original_glszm_ZoneEntropy.nrrd,0.8813381521373855
2126,original_glcm_DifferenceVariance.nrrd,original_glszm_ZonePercentage.nrrd,0.9202640286396405
2127,original_glcm_DifferenceVariance.nrrd,original_glszm_ZoneVariance.nrrd,0.3587186701954972
2128,original_glcm_DifferenceVariance.nrrd,original_ngtdm_Busyness.nrrd,0.7731557578586608
2129,original_glcm_DifferenceVariance.nrrd,original_ngtdm_Coarseness.nrrd,0.6734097714136896
2130,original_glcm_DifferenceVariance.nrrd,original_ngtdm_Complexity.nrrd,0.97604758335503
2131,original_glcm_DifferenceVariance.nrrd,original_ngtdm_Contrast.nrrd,0.941010912540943
2132,original_glcm_DifferenceVariance.nrrd,original_ngtdm_Strength.nrrd,0.9222501711950081
2133,original_glcm_Id.nrrd,original_glcm_Idm.nrrd,0.997081367130179
2134,original_glcm_Id.nrrd,original_glcm_Idmn.nrrd,0.9858879295233212
2135,original_glcm_Id.nrrd,original_glcm_Idn.nrrd,0.9876835769126221
2136,original_glcm_Id.nrrd,original_glcm_Imc1.nrrd,-0.958589113
2137,original_glcm_Id.nrrd,original_glcm_Imc2.nrrd,0.9821962153603662
2138,original_glcm_Id.nrrd,original_glcm_InverseVariance.nrrd,0.9969907576022077
2139,original_glcm_Id.nrrd,original_glcm_JointAverage.nrrd,0.9704583176294661
2140,original_glcm_Id.nrrd,original_glcm_JointEnergy.nrrd,0.8593537408226727
2141,original_glcm_Id.nrrd,original_glcm_JointEntropy.nrrd,0.9723958847068047
2142,original_glcm_Id.nrrd,original_glcm_MaximumProbability.nrrd,0.9312441913922387
2143,original_glcm_Id.nrrd,original_glcm_MCC.nrrd,0.9833312859010609
2144,original_glcm_Id.nrrd,original_glcm_SumAverage.nrrd,0.9704583176294663
2145,original_glcm_Id.nrrd,original_glcm_SumEntropy.nrrd,0.9728345492318409
2146,original_glcm_Id.nrrd,original_glcm_SumSquares.nrrd,0.7900220164369802
2147,original_glcm_Id.nrrd,original_gldm_DependenceEntropy.nrrd,0.9807379545034102
2148,original_glcm_Id.nrrd,original_gldm_DependenceNonUniformity.nrrd,0.8750333177052771
2149,original_glcm_Id.nrrd,original_gldm_DependenceNonUniformityNormalized.nrrd,0.9445242172811047
2150,original_glcm_Id.nrrd,original_gldm_DependenceVariance.nrrd,0.9751277524267322
2151,original_glcm_Id.nrrd,original_gldm_GrayLevelNonUniformity.nrrd,0.9566928741427614
2152,original_glcm_Id.nrrd,original_gldm_GrayLevelVariance.nrrd,0.8030289056256467
2153,original_glcm_Id.nrrd,original_gldm_HighGrayLevelEmphasis.nrrd,0.9353997924564651
2154,original_glcm_Id.nrrd,original_gldm_LargeDependenceEmphasis.nrrd,0.989691182690469
2155,original_glcm_Id.nrrd,original_gldm_LargeDependenceHighGrayLevelEmphasis.nrrd,0.9625120017866008
2156,original_glcm_Id.nrrd,original_gldm_LargeDependenceLowGrayLevelEmphasis.nrrd,0.938849415788312
2157,original_glcm_Id.nrrd,original_gldm_LowGrayLevelEmphasis.nrrd,0.7570261913567374
2158,original_glcm_Id.nrrd,original_gldm_SmallDependenceEmphasis.nrrd,0.94874812688824
2159,original_glcm_Id.nrrd,original_gldm_SmallDependenceHighGrayLevelEmphasis.nrrd,0.893327703618011
2160,original_glcm_Id.nrrd,original_gldm_SmallDependenceLowGrayLevelEmphasis.nrrd,0.603165987323162
2161,original_glcm_Id.nrrd,original_glrlm_GrayLevelNonUniformity.nrrd,0.9563495410803066
2162,original_glcm_Id.nrrd,original_glrlm_GrayLevelNonUniformityNormalized.nrrd,0.9851624110759782
2163,original_glcm_Id.nrrd,original_glrlm_GrayLevelVariance.nrrd,0.8050521889825453
2164,original_glcm_Id.nrrd,original_glrlm_HighGrayLevelRunEmphasis.nrrd,0.9355635785796448
2165,original_glcm_Id.nrrd,original_glrlm_LongRunEmphasis.nrrd,0.9904549525667843
2166,original_glcm_Id.nrrd,original_glrlm_LongRunHighGrayLevelEmphasis.nrrd,0.9429445509001472
2167,original_glcm_Id.nrrd,original_glrlm_LongRunLowGrayLevelEmphasis.nrrd,0.7793818883706127
2168,original_glcm_Id.nrrd,original_glrlm_LowGrayLevelRunEmphasis.nrrd,0.7513499315048172
2169,original_glcm_Id.nrrd,original_glrlm_RunEntropy.nrrd,0.974415954888544
2170,original_glcm_Id.nrrd,original_glrlm_RunLengthNonUniformity.nrrd,0.9153992274332842
2171,original_glcm_Id.nrrd,original_glrlm_RunLengthNonUniformityNormalized.nrrd,0.9814146082124753
2172,original_glcm_Id.nrrd,original_glrlm_RunPercentage.nrrd,0.9832697486620249
2173,original_glcm_Id.nrrd,original_glrlm_RunVariance.nrrd,0.9912363802392623
2174,original_glcm_Id.nrrd,original_glrlm_ShortRunEmphasis.nrrd,0.9837727358327184
2175,original_glcm_Id.nrrd,original_glrlm_ShortRunHighGrayLevelEmphasis.nrrd,0.9335831187325007
2176,original_glcm_Id.nrrd,original_glrlm_ShortRunLowGrayLevelEmphasis.nrrd,0.7440185400247666
2177,original_glcm_Id.nrrd,original_glszm_GrayLevelNonUniformity.nrrd,0.9371529023175008
2178,original_glcm_Id.nrrd,original_glszm_GrayLevelNonUniformityNormalized.nrrd,0.9873795082631639
2179,original_glcm_Id.nrrd,original_glszm_GrayLevelVariance.nrrd,0.8286239422974945
2180,original_glcm_Id.nrrd,original_glszm_HighGrayLevelZoneEmphasis.nrrd,0.9373706718573491
2181,original_glcm_Id.nrrd,original_glszm_LargeAreaEmphasis.nrrd,0.8534177750715117
2182,original_glcm_Id.nrrd,original_glszm_LargeAreaHighGrayLevelEmphasis.nrrd,0.8491978378700721
2183,original_glcm_Id.nrrd,original_glszm_LargeAreaLowGrayLevelEmphasis.nrrd,0.8440952571610219
2184,original_glcm_Id.nrrd,original_glszm_LowGrayLevelZoneEmphasis.nrrd,0.6781319449215928
2185,original_glcm_Id.nrrd,original_glszm_SizeZoneNonUniformity.nrrd,0.8456395908792447
2186,original_glcm_Id.nrrd,original_glszm_SizeZoneNonUniformityNormalized.nrrd,0.9599631392571009
2187,original_glcm_Id.nrrd,original_glszm_SmallAreaEmphasis.nrrd,0.9741122977502454
2188,original_glcm_Id.nrrd,original_glszm_SmallAreaHighGrayLevelEmphasis.nrrd,0.9230611416274866
2189,original_glcm_Id.nrrd,original_glszm_SmallAreaLowGrayLevelEmphasis.nrrd,0.6085988000748087
2190,original_glcm_Id.nrrd,original_glszm_ZoneEntropy.nrrd,0.9797136734474133
2191,original_glcm_Id.nrrd,original_glszm_ZonePercentage.nrrd,0.9518761314399737
2192,original_glcm_Id.nrrd,original_glszm_ZoneVariance.nrrd,0.7278617087041017
2193,original_glcm_Id.nrrd,original_ngtdm_Busyness.nrrd,0.9615088663135636
2194,original_glcm_Id.nrrd,original_ngtdm_Coarseness.nrrd,0.922205184146781
2195,original_glcm_Id.nrrd,original_ngtdm_Complexity.nrrd,0.7299884530471249
2196,original_glcm_Id.nrrd,original_ngtdm_Contrast.nrrd,0.8741588863947399
2197,original_glcm_Id.nrrd,original_ngtdm_Strength.nrrd,0.8816660912827496
2198,original_glcm_Idm.nrrd,original_glcm_Idmn.nrrd,0.970492438253874
2199,original_glcm_Idm.nrrd,original_glcm_Idn.nrrd,0.9730691616169486
2200,original_glcm_Idm.nrrd,original_glcm_Imc1.nrrd,-0.940471939
2201,original_glcm_Idm.nrrd,original_glcm_Imc2.nrrd,0.9655276171841387
2202,original_glcm_Idm.nrrd,original_glcm_InverseVariance.nrrd,0.9998054560528985
2203,original_glcm_Idm.nrrd,original_glcm_JointAverage.nrrd,0.9522806755585067
2204,original_glcm_Idm.nrrd,original_glcm_JointEnergy.nrrd,0.878382097663677
2205,original_glcm_Idm.nrrd,original_glcm_JointEntropy.nrrd,0.9523884574691014
2206,original_glcm_Idm.nrrd,original_glcm_MaximumProbability.nrrd,0.9472503058348082
2207,original_glcm_Idm.nrrd,original_glcm_MCC.nrrd,0.9693934177482707
2208,original_glcm_Idm.nrrd,original_glcm_SumAverage.nrrd,0.9522806755585069
2209,original_glcm_Idm.nrrd,original_glcm_SumEntropy.nrrd,0.9531516319833532
2210,original_glcm_Idm.nrrd,original_glcm_SumSquares.nrrd,0.7517054735646895
2211,original_glcm_Idm.nrrd,original_gldm_DependenceEntropy.nrrd,0.9636226883626364
2212,original_glcm_Idm.nrrd,original_gldm_DependenceNonUniformity.nrrd,0.8406581329309537
2213,original_glcm_Idm.nrrd,original_gldm_DependenceNonUniformityNormalized.nrrd,0.9176370392680084
2214,original_glcm_Idm.nrrd,original_gldm_DependenceVariance.nrrd,0.9838683027736167
2215,original_glcm_Idm.nrrd,original_gldm_GrayLevelNonUniformity.nrrd,0.9471869412771833
2216,original_glcm_Idm.nrrd,original_gldm_GrayLevelVariance.nrrd,0.7655453117003576
2217,original_glcm_Idm.nrrd,original_gldm_HighGrayLevelEmphasis.nrrd,0.913925482452568
2218,original_glcm_Idm.nrrd,original_gldm_LargeDependenceEmphasis.nrrd,0.9956635033259075
2219,original_glcm_Idm.nrrd,original_gldm_LargeDependenceHighGrayLevelEmphasis.nrrd,0.9608060011801728
2220,original_glcm_Idm.nrrd,original_gldm_LargeDependenceLowGrayLevelEmphasis.nrrd,0.943988019734923
2221,original_glcm_Idm.nrrd,original_gldm_LowGrayLevelEmphasis.nrrd,0.7384898656128103
2222,original_glcm_Idm.nrrd,original_gldm_SmallDependenceEmphasis.nrrd,0.9227391185960632
2223,original_glcm_Idm.nrrd,original_gldm_SmallDependenceHighGrayLevelEmphasis.nrrd,0.8631836910671107
2224,original_glcm_Idm.nrrd,original_gldm_SmallDependenceLowGrayLevelEmphasis.nrrd,0.5792315175678633
2225,original_glcm_Idm.nrrd,original_glrlm_GrayLevelNonUniformity.nrrd,0.9455661717836594
2226,original_glcm_Idm.nrrd,original_glrlm_GrayLevelNonUniformityNormalized.nrrd,0.987726790852432
2227,original_glcm_Idm.nrrd,original_glrlm_GrayLevelVariance.nrrd,0.7676449978114862
2228,original_glcm_Idm.nrrd,original_glrlm_HighGrayLevelRunEmphasis.nrrd,0.9141001266506201
2229,original_glcm_Idm.nrrd,original_glrlm_LongRunEmphasis.nrrd,0.9773733467027106
2230,original_glcm_Idm.nrrd,original_glrlm_LongRunHighGrayLevelEmphasis.nrrd,0.9237162413692611
2231,original_glcm_Idm.nrrd,original_glrlm_LongRunLowGrayLevelEmphasis.nrrd,0.7627413102782322
2232,original_glcm_Idm.nrrd,original_glrlm_LowGrayLevelRunEmphasis.nrrd,0.7328018460784697
2233,original_glcm_Idm.nrrd,original_glrlm_RunEntropy.nrrd,0.9551825658905481
2234,original_glcm_Idm.nrrd,original_glrlm_RunLengthNonUniformity.nrrd,0.888357176466939
2235,original_glcm_Idm.nrrd,original_glrlm_RunLengthNonUniformityNormalized.nrrd,0.9641973853276483
2236,original_glcm_Idm.nrrd,original_glrlm_RunPercentage.nrrd,0.966783635433513
2237,original_glcm_Idm.nrrd,original_glrlm_RunVariance.nrrd,0.9968365387263117
2238,original_glcm_Idm.nrrd,original_glrlm_ShortRunEmphasis.nrrd,0.9674942394807889
2239,original_glcm_Idm.nrrd,original_glrlm_ShortRunHighGrayLevelEmphasis.nrrd,0.9115702018689963
2240,original_glcm_Idm.nrrd,original_glrlm_ShortRunLowGrayLevelEmphasis.nrrd,0.7250349943015731
2241,original_glcm_Idm.nrrd,original_glszm_GrayLevelNonUniformity.nrrd,0.9142643530427871
2242,original_glcm_Idm.nrrd,original_glszm_GrayLevelNonUniformityNormalized.nrrd,0.9870706145597881
2243,original_glcm_Idm.nrrd,original_glszm_GrayLevelVariance.nrrd,0.792213145775994
2244,original_glcm_Idm.nrrd,original_glszm_HighGrayLevelZoneEmphasis.nrrd,0.9161191367247598
2245,original_glcm_Idm.nrrd,original_glszm_LargeAreaEmphasis.nrrd,0.8811207511297888
2246,original_glcm_Idm.nrrd,original_glszm_LargeAreaHighGrayLevelEmphasis.nrrd,0.8700397419259588
2247,original_glcm_Idm.nrrd,original_glszm_LargeAreaLowGrayLevelEmphasis.nrrd,0.8701776818423943
2248,original_glcm_Idm.nrrd,original_glszm_LowGrayLevelZoneEmphasis.nrrd,0.6597114399189015
2249,original_glcm_Idm.nrrd,original_glszm_SizeZoneNonUniformity.nrrd,0.8079250828209782
2250,original_glcm_Idm.nrrd,original_glszm_SizeZoneNonUniformityNormalized.nrrd,0.93707188015077
2251,original_glcm_Idm.nrrd,original_glszm_SmallAreaEmphasis.nrrd,0.9547110933621452
2252,original_glcm_Idm.nrrd,original_glszm_SmallAreaHighGrayLevelEmphasis.nrrd,0.8986692664770188
2253,original_glcm_Idm.nrrd,original_glszm_SmallAreaLowGrayLevelEmphasis.nrrd,0.588498629926805
2254,original_glcm_Idm.nrrd,original_glszm_ZoneEntropy.nrrd,0.9621687291682499
2255,original_glcm_Idm.nrrd,original_glszm_ZonePercentage.nrrd,0.9264013716338162
2256,original_glcm_Idm.nrrd,original_glszm_ZoneVariance.nrrd,0.7642379824323392
2257,original_glcm_Idm.nrrd,original_ngtdm_Busyness.nrrd,0.9521157189061484
2258,original_glcm_Idm.nrrd,original_ngtdm_Coarseness.nrrd,0.925487630308488
2259,original_glcm_Idm.nrrd,original_ngtdm_Complexity.nrrd,0.6847635512795691
2260,original_glcm_Idm.nrrd,original_ngtdm_Contrast.nrrd,0.8426407582067172
2261,original_glcm_Idm.nrrd,original_ngtdm_Strength.nrrd,0.8551211047941869
2262,original_glcm_Idmn.nrrd,original_glcm_Idn.nrrd,0.9999359381319042
2263,original_glcm_Idmn.nrrd,original_glcm_Imc1.nrrd,-0.981050098
2264,original_glcm_Idmn.nrrd,original_glcm_Imc2.nrrd,0.9994697246146413
2265,original_glcm_Idmn.nrrd,original_glcm_InverseVariance.nrrd,0.9704545838109988
2266,original_glcm_Idmn.nrrd,original_glcm_JointAverage.nrrd,0.991444534007082
2267,original_glcm_Idmn.nrrd,original_glcm_JointEnergy.nrrd,0.8022638177995872
2268,original_glcm_Idmn.nrrd,original_glcm_JointEntropy.nrrd,0.9973015743582014
2269,original_glcm_Idmn.nrrd,original_glcm_MaximumProbability.nrrd,0.8799527621952649
2270,original_glcm_Idmn.nrrd,original_glcm_MCC.nrrd,0.9945870740765951
2271,original_glcm_Idmn.nrrd,original_glcm_SumAverage.nrrd,0.9914445340070818
2272,original_glcm_Idmn.nrrd,original_glcm_SumEntropy.nrrd,0.9972260912758416
2273,original_glcm_Idmn.nrrd,original_glcm_SumSquares.nrrd,0.8659880212203552
2274,original_glcm_Idmn.nrrd,original_gldm_DependenceEntropy.nrrd,0.9991083983188491
2275,original_glcm_Idmn.nrrd,original_gldm_DependenceNonUniformity.nrrd,0.9355810215241175
2276,original_glcm_Idmn.nrrd,original_gldm_DependenceNonUniformityNormalized.nrrd,0.9855659567201969
2277,original_glcm_Idmn.nrrd,original_gldm_DependenceVariance.nrrd,0.9386445745113827
2278,original_glcm_Idmn.nrrd,original_gldm_GrayLevelNonUniformity.nrrd,0.9582376966673428
2279,original_glcm_Idmn.nrrd,original_gldm_GrayLevelVariance.nrrd,0.8765614211110287
2280,original_glcm_Idmn.nrrd,original_gldm_HighGrayLevelEmphasis.nrrd,0.9651169096011534
2281,original_glcm_Idmn.nrrd,original_gldm_LargeDependenceEmphasis.nrrd,0.9578687932825415
2282,original_glcm_Idmn.nrrd,original_gldm_LargeDependenceHighGrayLevelEmphasis.nrrd,0.9489737179853897
2283,original_glcm_Idmn.nrrd,original_gldm_LargeDependenceLowGrayLevelEmphasis.nrrd,0.91153935881683
2284,original_glcm_Idmn.nrrd,original_gldm_LowGrayLevelEmphasis.nrrd,0.7877023272518103
2285,original_glcm_Idmn.nrrd,original_gldm_SmallDependenceEmphasis.nrrd,0.9878406073098087
2286,original_glcm_Idmn.nrrd,original_gldm_SmallDependenceHighGrayLevelEmphasis.nrrd,0.9436845954313648
2287,original_glcm_Idmn.nrrd,original_gldm_SmallDependenceLowGrayLevelEmphasis.nrrd,0.6503276871421798
2288,original_glcm_Idmn.nrrd,original_glrlm_GrayLevelNonUniformity.nrrd,0.9605259435466941
2289,original_glcm_Idmn.nrrd,original_glrlm_GrayLevelNonUniformityNormalized.nrrd,0.9592753079734031
2290,original_glcm_Idmn.nrrd,original_glrlm_GrayLevelVariance.nrrd,0.8783703190576984
2291,original_glcm_Idmn.nrrd,original_glrlm_HighGrayLevelRunEmphasis.nrrd,0.9652340800726773
2292,original_glcm_Idmn.nrrd,original_glrlm_LongRunEmphasis.nrrd,0.9994949553598642
2293,original_glcm_Idmn.nrrd,original_glrlm_LongRunHighGrayLevelEmphasis.nrrd,0.9675768887020888
2294,original_glcm_Idmn.nrrd,original_glrlm_LongRunLowGrayLevelEmphasis.nrrd,0.8052657853535885
2295,original_glcm_Idmn.nrrd,original_glrlm_LowGrayLevelRunEmphasis.nrrd,0.7822277966154663
2296,original_glcm_Idmn.nrrd,original_glrlm_RunEntropy.nrrd,0.9978118880089911
2297,original_glcm_Idmn.nrrd,original_glrlm_RunLengthNonUniformity.nrrd,0.9580006353761117
2298,original_glcm_Idmn.nrrd,original_glrlm_RunLengthNonUniformityNormalized.nrrd,0.9996781238253984
2299,original_glcm_Idmn.nrrd,original_glrlm_RunPercentage.nrrd,0.9998839411874415
2300,original_glcm_Idmn.nrrd,original_glrlm_RunVariance.nrrd,0.9596266480742298
2301,original_glcm_Idmn.nrrd,original_glrlm_ShortRunEmphasis.nrrd,0.9999231559309045
2302,original_glcm_Idmn.nrrd,original_glrlm_ShortRunHighGrayLevelEmphasis.nrrd,0.9645008059558017
2303,original_glcm_Idmn.nrrd,original_glrlm_ShortRunLowGrayLevelEmphasis.nrrd,0.7760645460482076
2304,original_glcm_Idmn.nrrd,original_glszm_GrayLevelNonUniformity.nrrd,0.9677647784706138
2305,original_glcm_Idmn.nrrd,original_glszm_GrayLevelNonUniformityNormalized.nrrd,0.9665869140386318
2306,original_glcm_Idmn.nrrd,original_glszm_GrayLevelVariance.nrrd,0.8988387674246773
2307,original_glcm_Idmn.nrrd,original_glszm_HighGrayLevelZoneEmphasis.nrrd,0.9662828846486584
2308,original_glcm_Idmn.nrrd,original_glszm_LargeAreaEmphasis.nrrd,0.7814438249703459
2309,original_glcm_Idmn.nrrd,original_glszm_LargeAreaHighGrayLevelEmphasis.nrrd,0.7924539797234177
2310,original_glcm_Idmn.nrrd,original_glszm_LargeAreaLowGrayLevelEmphasis.nrrd,0.7773331662747593
2311,original_glcm_Idmn.nrrd,original_glszm_LowGrayLevelZoneEmphasis.nrrd,0.7107119823674205
2312,original_glcm_Idmn.nrrd,original_glszm_SizeZoneNonUniformity.nrrd,0.9153498117061023
2313,original_glcm_Idmn.nrrd,original_glszm_SizeZoneNonUniformityNormalized.nrrd,0.9923782262692652
2314,original_glcm_Idmn.nrrd,original_glszm_SmallAreaEmphasis.nrrd,0.997910861879955
2315,original_glcm_Idmn.nrrd,original_glszm_SmallAreaHighGrayLevelEmphasis.nrrd,0.959672471770844
2316,original_glcm_Idmn.nrrd,original_glszm_SmallAreaLowGrayLevelEmphasis.nrrd,0.6468770650290895
2317,original_glcm_Idmn.nrrd,original_glszm_ZoneEntropy.nrrd,0.9989936079547937
2318,original_glcm_Idmn.nrrd,original_glszm_ZonePercentage.nrrd,0.9894300042320978
2319,original_glcm_Idmn.nrrd,original_glszm_ZoneVariance.nrrd,0.641686139894712
2320,original_glcm_Idmn.nrrd,original_ngtdm_Busyness.nrrd,0.9608824348752031
2321,original_glcm_Idmn.nrrd,original_ngtdm_Coarseness.nrrd,0.8953416379653141
2322,original_glcm_Idmn.nrrd,original_ngtdm_Complexity.nrrd,0.8232204958974829
2323,original_glcm_Idmn.nrrd,original_ngtdm_Contrast.nrrd,0.9307492146785393
2324,original_glcm_Idmn.nrrd,original_ngtdm_Strength.nrrd,0.926289985348612
2325,original_glcm_Idn.nrrd,original_glcm_Imc1.nrrd,-0.980291971
2326,original_glcm_Idn.nrrd,original_glcm_Imc2.nrrd,0.9991787090486551
2327,original_glcm_Idn.nrrd,original_glcm_InverseVariance.nrrd,0.9730412491805178
2328,original_glcm_Idn.nrrd,original_glcm_JointAverage.nrrd,0.9908959545497867
2329,original_glcm_Idn.nrrd,original_glcm_JointEnergy.nrrd,0.8065428303391949
2330,original_glcm_Idn.nrrd,original_glcm_JointEntropy.nrrd,0.996508386405209
2331,original_glcm_Idn.nrrd,original_glcm_MaximumProbability.nrrd,0.8838838037607533
2332,original_glcm_Idn.nrrd,original_glcm_MCC.nrrd,0.9946816073590274
2333,original_glcm_Idn.nrrd,original_glcm_SumAverage.nrrd,0.9908959545497871
2334,original_glcm_Idn.nrrd,original_glcm_SumEntropy.nrrd,0.9964505364141453
2335,original_glcm_Idn.nrrd,original_glcm_SumSquares.nrrd,0.861261979384666
2336,original_glcm_Idn.nrrd,original_gldm_DependenceEntropy.nrrd,0.9987415817859211
2337,original_glcm_Idn.nrrd,original_gldm_DependenceNonUniformity.nrrd,0.9322909534304649
2338,original_glcm_Idn.nrrd,original_gldm_DependenceNonUniformityNormalized.nrrd,0.983679412361571
2339,original_glcm_Idn.nrrd,original_gldm_DependenceVariance.nrrd,0.9416780858738371
2340,original_glcm_Idn.nrrd,original_gldm_GrayLevelNonUniformity.nrrd,0.9589885894119278
2341,original_glcm_Idn.nrrd,original_gldm_GrayLevelVariance.nrrd,0.8720282348005103
2342,original_glcm_Idn.nrrd,original_gldm_HighGrayLevelEmphasis.nrrd,0.9639236832540432
2343,original_glcm_Idn.nrrd,original_gldm_LargeDependenceEmphasis.nrrd,0.9606892033742703
2344,original_glcm_Idn.nrrd,original_gldm_LargeDependenceHighGrayLevelEmphasis.nrrd,0.9505321466206579
2345,original_glcm_Idn.nrrd,original_gldm_LargeDependenceLowGrayLevelEmphasis.nrrd,0.913890825019118
2346,original_glcm_Idn.nrrd,original_gldm_LowGrayLevelEmphasis.nrrd,0.78596787142641
2347,original_glcm_Idn.nrrd,original_gldm_SmallDependenceEmphasis.nrrd,0.9860796710455715
2348,original_glcm_Idn.nrrd,original_gldm_SmallDependenceHighGrayLevelEmphasis.nrrd,0.9410836440630219
2349,original_glcm_Idn.nrrd,original_gldm_SmallDependenceLowGrayLevelEmphasis.nrrd,0.6472847362919522
2350,original_glcm_Idn.nrrd,original_glrlm_GrayLevelNonUniformity.nrrd,0.9611192673102591
2351,original_glcm_Idn.nrrd,original_glrlm_GrayLevelNonUniformityNormalized.nrrd,0.9618192107081739
2352,original_glcm_Idn.nrrd,original_glrlm_GrayLevelVariance.nrrd,0.8738526057118186
2353,original_glcm_Idn.nrrd,original_glrlm_HighGrayLevelRunEmphasis.nrrd,0.9640454508411839
2354,original_glcm_Idn.nrrd,original_glrlm_LongRunEmphasis.nrrd,0.9997538118920338
2355,original_glcm_Idn.nrrd,original_glrlm_LongRunHighGrayLevelEmphasis.nrrd,0.9667163999563164
2356,original_glcm_Idn.nrrd,original_glrlm_LongRunLowGrayLevelEmphasis.nrrd,0.8038732510624773
2357,original_glcm_Idn.nrrd,original_glrlm_LowGrayLevelRunEmphasis.nrrd,0.7804703671455767
2358,original_glcm_Idn.nrrd,original_glrlm_RunEntropy.nrrd,0.9971000616933673
2359,original_glcm_Idn.nrrd,original_glrlm_RunLengthNonUniformity.nrrd,0.9559649666724521
2360,original_glcm_Idn.nrrd,original_glrlm_RunLengthNonUniformityNormalized.nrrd,0.9993393424932147
2361,original_glcm_Idn.nrrd,original_glrlm_RunPercentage.nrrd,0.9996531123332334
2362,original_glcm_Idn.nrrd,original_glrlm_RunVariance.nrrd,0.9624719190637616
2363,original_glcm_Idn.nrrd,original_glrlm_ShortRunEmphasis.nrrd,0.9997224005149884
2364,original_glcm_Idn.nrrd,original_glrlm_ShortRunHighGrayLevelEmphasis.nrrd,0.9632304716252277
2365,original_glcm_Idn.nrrd,original_glrlm_ShortRunLowGrayLevelEmphasis.nrrd,0.7742205314419945
2366,original_glcm_Idn.nrrd,original_glszm_GrayLevelNonUniformity.nrrd,0.9666816190318064
2367,original_glcm_Idn.nrrd,original_glszm_GrayLevelNonUniformityNormalized.nrrd,0.9688796072189179
2368,original_glcm_Idn.nrrd,original_glszm_GrayLevelVariance.nrrd,0.8945649311310755
2369,original_glcm_Idn.nrrd,original_glszm_HighGrayLevelZoneEmphasis.nrrd,0.9651635907834045
2370,original_glcm_Idn.nrrd,original_glszm_LargeAreaEmphasis.nrrd,0.7864252729336348
2371,original_glcm_Idn.nrrd,original_glszm_LargeAreaHighGrayLevelEmphasis.nrrd,0.796440534287797
2372,original_glcm_Idn.nrrd,original_glszm_LargeAreaLowGrayLevelEmphasis.nrrd,0.7818545576435229
2373,original_glcm_Idn.nrrd,original_glszm_LowGrayLevelZoneEmphasis.nrrd,0.7087378210781766
2374,original_glcm_Idn.nrrd,original_glszm_SizeZoneNonUniformity.nrrd,0.9113651527960189
2375,original_glcm_Idn.nrrd,original_glszm_SizeZoneNonUniformityNormalized.nrrd,0.991030222826437
2376,original_glcm_Idn.nrrd,original_glszm_SmallAreaEmphasis.nrrd,0.9971720417560554
2377,original_glcm_Idn.nrrd,original_glszm_SmallAreaHighGrayLevelEmphasis.nrrd,0.9580141709358658
2378,original_glcm_Idn.nrrd,original_glszm_SmallAreaLowGrayLevelEmphasis.nrrd,0.6444315822842802
2379,original_glcm_Idn.nrrd,original_glszm_ZoneEntropy.nrrd,0.9985706260473124
2380,original_glcm_Idn.nrrd,original_glszm_ZonePercentage.nrrd,0.9877905531828949
2381,original_glcm_Idn.nrrd,original_glszm_ZoneVariance.nrrd,0.6473274168884288
2382,original_glcm_Idn.nrrd,original_ngtdm_Busyness.nrrd,0.9619066894414464
2383,original_glcm_Idn.nrrd,original_ngtdm_Coarseness.nrrd,0.8979188359663449
2384,original_glcm_Idn.nrrd,original_ngtdm_Complexity.nrrd,0.8172732315388209
2385,original_glcm_Idn.nrrd,original_ngtdm_Contrast.nrrd,0.9275309054352009
2386,original_glcm_Idn.nrrd,original_ngtdm_Strength.nrrd,0.9238776165879106
2387,original_glcm_Imc1.nrrd,original_glcm_Imc2.nrrd,-0.986003863
2388,original_glcm_Imc1.nrrd,original_glcm_InverseVariance.nrrd,-0.940463829
2389,original_glcm_Imc1.nrrd,original_glcm_JointAverage.nrrd,-0.975637465
2390,original_glcm_Imc1.nrrd,original_glcm_JointEnergy.nrrd,-0.790362403
2391,original_glcm_Imc1.nrrd,original_glcm_JointEntropy.nrrd,-0.980161847
2392,original_glcm_Imc1.nrrd,original_glcm_MaximumProbability.nrrd,-0.86150426
2393,original_glcm_Imc1.nrrd,original_glcm_MCC.nrrd,-0.986853672
2394,original_glcm_Imc1.nrrd,original_glcm_SumAverage.nrrd,-0.975637465
2395,original_glcm_Imc1.nrrd,original_glcm_SumEntropy.nrrd,-0.984323207
2396,original_glcm_Imc1.nrrd,original_glcm_SumSquares.nrrd,-0.903041679
2397,original_glcm_Imc1.nrrd,original_gldm_DependenceEntropy.nrrd,-0.982045283
2398,original_glcm_Imc1.nrrd,original_gldm_DependenceNonUniformity.nrrd,-0.913589339
2399,original_glcm_Imc1.nrrd,original_gldm_DependenceNonUniformityNormalized.nrrd,-0.979313951
2400,original_glcm_Imc1.nrrd,original_gldm_DependenceVariance.nrrd,-0.904708406
2401,original_glcm_Imc1.nrrd,original_gldm_GrayLevelNonUniformity.nrrd,-0.895849275
2402,original_glcm_Imc1.nrrd,original_gldm_GrayLevelVariance.nrrd,-0.912206354
2403,original_glcm_Imc1.nrrd,original_gldm_HighGrayLevelEmphasis.nrrd,-0.954431971
2404,original_glcm_Imc1.nrrd,original_gldm_LargeDependenceEmphasis.nrrd,-0.923142526
2405,original_glcm_Imc1.nrrd,original_gldm_LargeDependenceHighGrayLevelEmphasis.nrrd,-0.922480156
2406,original_glcm_Imc1.nrrd,original_gldm_LargeDependenceLowGrayLevelEmphasis.nrrd,-0.892982377
2407,original_glcm_Imc1.nrrd,original_gldm_LowGrayLevelEmphasis.nrrd,-0.804644877
2408,original_glcm_Imc1.nrrd,original_gldm_SmallDependenceEmphasis.nrrd,-0.980362845
2409,original_glcm_Imc1.nrrd,original_gldm_SmallDependenceHighGrayLevelEmphasis.nrrd,-0.942218735
2410,original_glcm_Imc1.nrrd,original_gldm_SmallDependenceLowGrayLevelEmphasis.nrrd,-0.680703255
2411,original_glcm_Imc1.nrrd,original_glrlm_GrayLevelNonUniformity.nrrd,-0.898873545
2412,original_glcm_Imc1.nrrd,original_glrlm_GrayLevelNonUniformityNormalized.nrrd,-0.91924364
2413,original_glcm_Imc1.nrrd,original_glrlm_GrayLevelVariance.nrrd,-0.913538142
2414,original_glcm_Imc1.nrrd,original_glrlm_HighGrayLevelRunEmphasis.nrrd,-0.954522162
2415,original_glcm_Imc1.nrrd,original_glrlm_LongRunEmphasis.nrrd,-0.978682412
2416,original_glcm_Imc1.nrrd,original_glrlm_LongRunHighGrayLevelEmphasis.nrrd,-0.954891582
2417,original_glcm_Imc1.nrrd,original_glrlm_LongRunLowGrayLevelEmphasis.nrrd,-0.8193019
2418,original_glcm_Imc1.nrrd,original_glrlm_LowGrayLevelRunEmphasis.nrrd,-0.799530246
2419,original_glcm_Imc1.nrrd,original_glrlm_RunEntropy.nrrd,-0.98440527
2420,original_glcm_Imc1.nrrd,original_glrlm_RunLengthNonUniformity.nrrd,-0.926039187
2421,original_glcm_Imc1.nrrd,original_glrlm_RunLengthNonUniformityNormalized.nrrd,-0.982444879
2422,original_glcm_Imc1.nrrd,original_glrlm_RunPercentage.nrrd,-0.981971709
2423,original_glcm_Imc1.nrrd,original_glrlm_RunVariance.nrrd,-0.92439785
2424,original_glcm_Imc1.nrrd,original_glrlm_ShortRunEmphasis.nrrd,-0.981825055
2425,original_glcm_Imc1.nrrd,original_glrlm_ShortRunHighGrayLevelEmphasis.nrrd,-0.954290338
2426,original_glcm_Imc1.nrrd,original_glrlm_ShortRunLowGrayLevelEmphasis.nrrd,-0.794174513
2427,original_glcm_Imc1.nrrd,original_glszm_GrayLevelNonUniformity.nrrd,-0.918168202
2428,original_glcm_Imc1.nrrd,original_glszm_GrayLevelNonUniformityNormalized.nrrd,-0.929872671
2429,original_glcm_Imc1.nrrd,original_glszm_GrayLevelVariance.nrrd,-0.926837658
2430,original_glcm_Imc1.nrrd,original_glszm_HighGrayLevelZoneEmphasis.nrrd,-0.955155734
2431,original_glcm_Imc1.nrrd,original_glszm_LargeAreaEmphasis.nrrd,-0.730815885
2432,original_glcm_Imc1.nrrd,original_glszm_LargeAreaHighGrayLevelEmphasis.nrrd,-0.746560917
2433,original_glcm_Imc1.nrrd,original_glszm_LargeAreaLowGrayLevelEmphasis.nrrd,-0.741771808
2434,original_glcm_Imc1.nrrd,original_glszm_LowGrayLevelZoneEmphasis.nrrd,-0.731504729
2435,original_glcm_Imc1.nrrd,original_glszm_SizeZoneNonUniformity.nrrd,-0.89951872
2436,original_glcm_Imc1.nrrd,original_glszm_SizeZoneNonUniformityNormalized.nrrd,-0.982063809
2437,original_glcm_Imc1.nrrd,original_glszm_SmallAreaEmphasis.nrrd,-0.983302384
2438,original_glcm_Imc1.nrrd,original_glszm_SmallAreaHighGrayLevelEmphasis.nrrd,-0.951742362
2439,original_glcm_Imc1.nrrd,original_glszm_SmallAreaLowGrayLevelEmphasis.nrrd,-0.672553598
2440,original_glcm_Imc1.nrrd,original_glszm_ZoneEntropy.nrrd,-0.981603893
2441,original_glcm_Imc1.nrrd,original_glszm_ZonePercentage.nrrd,-0.981192861
2442,original_glcm_Imc1.nrrd,original_glszm_ZoneVariance.nrrd,-0.587583212
2443,original_glcm_Imc1.nrrd,original_ngtdm_Busyness.nrrd,-0.905495509
2444,original_glcm_Imc1.nrrd,original_ngtdm_Coarseness.nrrd,-0.91776042
2445,original_glcm_Imc1.nrrd,original_ngtdm_Complexity.nrrd,-0.842907005
2446,original_glcm_Imc1.nrrd,original_ngtdm_Contrast.nrrd,-0.956629452
2447,original_glcm_Imc1.nrrd,original_ngtdm_Strength.nrrd,-0.960858768
2448,original_glcm_Imc2.nrrd,original_glcm_InverseVariance.nrrd,0.9654785189324666
2449,original_glcm_Imc2.nrrd,original_glcm_JointAverage.nrrd,0.9920020742090148
2450,original_glcm_Imc2.nrrd,original_glcm_JointEnergy.nrrd,0.7947431325609365
2451,original_glcm_Imc2.nrrd,original_glcm_JointEntropy.nrrd,0.9980066786348761
2452,original_glcm_Imc2.nrrd,original_glcm_MaximumProbability.nrrd,0.8732052257592675
2453,original_glcm_Imc2.nrrd,original_glcm_MCC.nrrd,0.9955509339872752
2454,original_glcm_Imc2.nrrd,original_glcm_SumAverage.nrrd,0.9920020742090147
2455,original_glcm_Imc2.nrrd,original_glcm_SumEntropy.nrrd,0.9984684950786185
2456,original_glcm_Imc2.nrrd,original_glcm_SumSquares.nrrd,0.8776673938313874
2457,original_glcm_Imc2.nrrd,original_gldm_DependenceEntropy.nrrd,0.9993322884122651
2458,original_glcm_Imc2.nrrd,original_gldm_DependenceNonUniformity.nrrd,0.938499702531369
2459,original_glcm_Imc2.nrrd,original_gldm_DependenceNonUniformityNormalized.nrrd,0.9884276141031372
2460,original_glcm_Imc2.nrrd,original_gldm_DependenceVariance.nrrd,0.9327417769287594
2461,original_glcm_Imc2.nrrd,original_gldm_GrayLevelNonUniformity.nrrd,0.9510313818397262
2462,original_glcm_Imc2.nrrd,original_gldm_GrayLevelVariance.nrrd,0.8878780569492117
2463,original_glcm_Imc2.nrrd,original_gldm_HighGrayLevelEmphasis.nrrd,0.9671472300942129
2464,original_glcm_Imc2.nrrd,original_gldm_LargeDependenceEmphasis.nrrd,0.9521058074532607
2465,original_glcm_Imc2.nrrd,original_gldm_LargeDependenceHighGrayLevelEmphasis.nrrd,0.9458366843917695
2466,original_glcm_Imc2.nrrd,original_gldm_LargeDependenceLowGrayLevelEmphasis.nrrd,0.9076843136475551
2467,original_glcm_Imc2.nrrd,original_gldm_LowGrayLevelEmphasis.nrrd,0.7919909141241921
2468,original_glcm_Imc2.nrrd,original_gldm_SmallDependenceEmphasis.nrrd,0.9904803613466168
2469,original_glcm_Imc2.nrrd,original_gldm_SmallDependenceHighGrayLevelEmphasis.nrrd,0.9483540967056596
2470,original_glcm_Imc2.nrrd,original_gldm_SmallDependenceLowGrayLevelEmphasis.nrrd,0.6573546696013619
2471,original_glcm_Imc2.nrrd,original_glrlm_GrayLevelNonUniformity.nrrd,0.9536188175638703
2472,original_glcm_Imc2.nrrd,original_glrlm_GrayLevelNonUniformityNormalized.nrrd,0.9521392569947347
2473,original_glcm_Imc2.nrrd,original_glrlm_GrayLevelVariance.nrrd,0.8896154837714558
2474,original_glcm_Imc2.nrrd,original_glrlm_HighGrayLevelRunEmphasis.nrrd,0.967261828407037
2475,original_glcm_Imc2.nrrd,original_glrlm_LongRunEmphasis.nrrd,0.9983778205350278
2476,original_glcm_Imc2.nrrd,original_glrlm_LongRunHighGrayLevelEmphasis.nrrd,0.9689906251084939
2477,original_glcm_Imc2.nrrd,original_glrlm_LongRunLowGrayLevelEmphasis.nrrd,0.8088875371797434
2478,original_glcm_Imc2.nrrd,original_glrlm_LowGrayLevelRunEmphasis.nrrd,0.7865768189018403
2479,original_glcm_Imc2.nrrd,original_glrlm_RunEntropy.nrrd,0.9988683680415068
2480,original_glcm_Imc2.nrrd,original_glrlm_RunLengthNonUniformity.nrrd,0.9584263586271604
2481,original_glcm_Imc2.nrrd,original_glrlm_RunLengthNonUniformityNormalized.nrrd,0.9996564069812414
2482,original_glcm_Imc2.nrrd,original_glrlm_RunPercentage.nrrd,0.9996619487126226
2483,original_glcm_Imc2.nrrd,original_glrlm_RunVariance.nrrd,0.9538239332000422
2484,original_glcm_Imc2.nrrd,original_glrlm_ShortRunEmphasis.nrrd,0.9996458359249463
2485,original_glcm_Imc2.nrrd,original_glrlm_ShortRunHighGrayLevelEmphasis.nrrd,0.9666819171469404
2486,original_glcm_Imc2.nrrd,original_glrlm_ShortRunLowGrayLevelEmphasis.nrrd,0.7805888918066392
2487,original_glcm_Imc2.nrrd,original_glszm_GrayLevelNonUniformity.nrrd,0.9644909525607916
2488,original_glcm_Imc2.nrrd,original_glszm_GrayLevelNonUniformityNormalized.nrrd,0.960246115280842
2489,original_glcm_Imc2.nrrd,original_glszm_GrayLevelVariance.nrrd,0.9089983679708417
2490,original_glcm_Imc2.nrrd,original_glszm_HighGrayLevelZoneEmphasis.nrrd,0.9682588339594271
2491,original_glcm_Imc2.nrrd,original_glszm_LargeAreaEmphasis.nrrd,0.7698738457615024
2492,original_glcm_Imc2.nrrd,original_glszm_LargeAreaHighGrayLevelEmphasis.nrrd,0.7827396632804041
2493,original_glcm_Imc2.nrrd,original_glszm_LargeAreaLowGrayLevelEmphasis.nrrd,0.767945909310945
2494,original_glcm_Imc2.nrrd,original_glszm_LowGrayLevelZoneEmphasis.nrrd,0.7156542735834566
2495,original_glcm_Imc2.nrrd,original_glszm_SizeZoneNonUniformity.nrrd,0.9197396884310677
2496,original_glcm_Imc2.nrrd,original_glszm_SizeZoneNonUniformityNormalized.nrrd,0.9942064144619933
2497,original_glcm_Imc2.nrrd,original_glszm_SmallAreaEmphasis.nrrd,0.9986096042925318
2498,original_glcm_Imc2.nrrd,original_glszm_SmallAreaHighGrayLevelEmphasis.nrrd,0.9626137049564464
2499,original_glcm_Imc2.nrrd,original_glszm_SmallAreaLowGrayLevelEmphasis.nrrd,0.6528238909724879
2500,original_glcm_Imc2.nrrd,original_glszm_ZoneEntropy.nrrd,0.9992288887015985
2501,original_glcm_Imc2.nrrd,original_glszm_ZonePercentage.nrrd,0.9918759408337774
2502,original_glcm_Imc2.nrrd,original_glszm_ZoneVariance.nrrd,0.628271624683463
2503,original_glcm_Imc2.nrrd,original_ngtdm_Busyness.nrrd,0.9539496309885186
2504,original_glcm_Imc2.nrrd,original_ngtdm_Coarseness.nrrd,0.8957845730683206
2505,original_glcm_Imc2.nrrd,original_ngtdm_Complexity.nrrd,0.8337591137428337
2506,original_glcm_Imc2.nrrd,original_ngtdm_Contrast.nrrd,0.938677247454649
2507,original_glcm_Imc2.nrrd,original_ngtdm_Strength.nrrd,0.9352999734571282
2508,original_glcm_InverseVariance.nrrd,original_glcm_JointAverage.nrrd,0.9521429783952411
2509,original_glcm_InverseVariance.nrrd,original_glcm_JointEnergy.nrrd,0.8793287506949171
2510,original_glcm_InverseVariance.nrrd,original_glcm_JointEntropy.nrrd,0.9522991507664774
2511,original_glcm_InverseVariance.nrrd,original_glcm_MaximumProbability.nrrd,0.9468612536378064
2512,original_glcm_InverseVariance.nrrd,original_glcm_MCC.nrrd,0.9693902361039526
2513,original_glcm_InverseVariance.nrrd,original_glcm_SumAverage.nrrd,0.9521429783952411
2514,original_glcm_InverseVariance.nrrd,original_glcm_SumEntropy.nrrd,0.9530513433729562
2515,original_glcm_InverseVariance.nrrd,original_glcm_SumSquares.nrrd,0.7511943425585773
2516,original_glcm_InverseVariance.nrrd,original_gldm_DependenceEntropy.nrrd,0.9634636426817897
2517,original_glcm_InverseVariance.nrrd,original_gldm_DependenceNonUniformity.nrrd,0.8407344760540654
2518,original_glcm_InverseVariance.nrrd,original_gldm_DependenceNonUniformityNormalized.nrrd,0.9180357328116978
2519,original_glcm_InverseVariance.nrrd,original_gldm_DependenceVariance.nrrd,0.9819275438894551
2520,original_glcm_InverseVariance.nrrd,original_gldm_GrayLevelNonUniformity.nrrd,0.9467590142450778
2521,original_glcm_InverseVariance.nrrd,original_gldm_GrayLevelVariance.nrrd,0.7650787260945079
2522,original_glcm_InverseVariance.nrrd,original_gldm_HighGrayLevelEmphasis.nrrd,0.9136894107163812
2523,original_glcm_InverseVariance.nrrd,original_gldm_LargeDependenceEmphasis.nrrd,0.9943921594643896
2524,original_glcm_InverseVariance.nrrd,original_gldm_LargeDependenceHighGrayLevelEmphasis.nrrd,0.9593565069789329
2525,original_glcm_InverseVariance.nrrd,original_gldm_LargeDependenceLowGrayLevelEmphasis.nrrd,0.9431846590313341
2526,original_glcm_InverseVariance.nrrd,original_gldm_LowGrayLevelEmphasis.nrrd,0.7384766241966694
2527,original_glcm_InverseVariance.nrrd,original_gldm_SmallDependenceEmphasis.nrrd,0.9229347138196385
2528,original_glcm_InverseVariance.nrrd,original_gldm_SmallDependenceHighGrayLevelEmphasis.nrrd,0.8632146744575858
2529,original_glcm_InverseVariance.nrrd,original_gldm_SmallDependenceLowGrayLevelEmphasis.nrrd,0.5790986656241295
2530,original_glcm_InverseVariance.nrrd,original_glrlm_GrayLevelNonUniformity.nrrd,0.9452325282240622
2531,original_glcm_InverseVariance.nrrd,original_glrlm_GrayLevelNonUniformityNormalized.nrrd,0.9877734742614115
2532,original_glcm_InverseVariance.nrrd,original_glrlm_GrayLevelVariance.nrrd,0.7671581553620237
2533,original_glcm_InverseVariance.nrrd,original_glrlm_HighGrayLevelRunEmphasis.nrrd,0.913868857657642
2534,original_glcm_InverseVariance.nrrd,original_glrlm_LongRunEmphasis.nrrd,0.9772064016476925
2535,original_glcm_InverseVariance.nrrd,original_glrlm_LongRunHighGrayLevelEmphasis.nrrd,0.9233625151012574
2536,original_glcm_InverseVariance.nrrd,original_glrlm_LongRunLowGrayLevelEmphasis.nrrd,0.7626645023577003
2537,original_glcm_InverseVariance.nrrd,original_glrlm_LowGrayLevelRunEmphasis.nrrd,0.7327673254879415
2538,original_glcm_InverseVariance.nrrd,original_glrlm_RunEntropy.nrrd,0.9550567712750461
2539,original_glcm_InverseVariance.nrrd,original_glrlm_RunLengthNonUniformity.nrrd,0.8881647656052735
2540,original_glcm_InverseVariance.nrrd,original_glrlm_RunLengthNonUniformityNormalized.nrrd,0.9642252536360779
2541,original_glcm_InverseVariance.nrrd,original_glrlm_RunPercentage.nrrd,0.9667802644132367
2542,original_glcm_InverseVariance.nrrd,original_glrlm_RunVariance.nrrd,0.9957352615770114
2543,original_glcm_InverseVariance.nrrd,original_glrlm_ShortRunEmphasis.nrrd,0.9674799984287997
2544,original_glcm_InverseVariance.nrrd,original_glrlm_ShortRunHighGrayLevelEmphasis.nrrd,0.9113674767434986
2545,original_glcm_InverseVariance.nrrd,original_glrlm_ShortRunLowGrayLevelEmphasis.nrrd,0.7250083757295684
2546,original_glcm_InverseVariance.nrrd,original_glszm_GrayLevelNonUniformity.nrrd,0.9145443092038376
2547,original_glcm_InverseVariance.nrrd,original_glszm_GrayLevelNonUniformityNormalized.nrrd,0.9875759142767726
2548,original_glcm_InverseVariance.nrrd,original_glszm_GrayLevelVariance.nrrd,0.7915486679031201
2549,original_glcm_InverseVariance.nrrd,original_glszm_HighGrayLevelZoneEmphasis.nrrd,0.9159484998609084
2550,original_glcm_InverseVariance.nrrd,original_glszm_LargeAreaEmphasis.nrrd,0.8785768839906274
2551,original_glcm_InverseVariance.nrrd,original_glszm_LargeAreaHighGrayLevelEmphasis.nrrd,0.867437533536954
2552,original_glcm_InverseVariance.nrrd,original_glszm_LargeAreaLowGrayLevelEmphasis.nrrd,0.8678982178981625
2553,original_glcm_InverseVariance.nrrd,original_glszm_LowGrayLevelZoneEmphasis.nrrd,0.659415580062189
2554,original_glcm_InverseVariance.nrrd,original_glszm_SizeZoneNonUniformity.nrrd,0.8077973797048491
2555,original_glcm_InverseVariance.nrrd,original_glszm_SizeZoneNonUniformityNormalized.nrrd,0.9370008631849318
2556,original_glcm_InverseVariance.nrrd,original_glszm_SmallAreaEmphasis.nrrd,0.9546539853406607
2557,original_glcm_InverseVariance.nrrd,original_glszm_SmallAreaHighGrayLevelEmphasis.nrrd,0.8985034526071849
2558,original_glcm_InverseVariance.nrrd,original_glszm_SmallAreaLowGrayLevelEmphasis.nrrd,0.5880837897379204
2559,original_glcm_InverseVariance.nrrd,original_glszm_ZoneEntropy.nrrd,0.9620349337266695
2560,original_glcm_InverseVariance.nrrd,original_glszm_ZonePercentage.nrrd,0.9266363542134288
2561,original_glcm_InverseVariance.nrrd,original_glszm_ZoneVariance.nrrd,0.7610011519285323
2562,original_glcm_InverseVariance.nrrd,original_ngtdm_Busyness.nrrd,0.9525876083920436
2563,original_glcm_InverseVariance.nrrd,original_ngtdm_Coarseness.nrrd,0.9265631143989408
2564,original_glcm_InverseVariance.nrrd,original_ngtdm_Complexity.nrrd,0.6841366690285794
2565,original_glcm_InverseVariance.nrrd,original_ngtdm_Contrast.nrrd,0.8424620927405917
2566,original_glcm_InverseVariance.nrrd,original_ngtdm_Strength.nrrd,0.8546101291058229
2567,original_glcm_JointAverage.nrrd,original_glcm_JointEnergy.nrrd,0.7716059181297814
2568,original_glcm_JointAverage.nrrd,original_glcm_JointEntropy.nrrd,0.9932791581089051
2569,original_glcm_JointAverage.nrrd,original_glcm_MaximumProbability.nrrd,0.8516172431770754
2570,original_glcm_JointAverage.nrrd,original_glcm_MCC.nrrd,0.9880517664540932
2571,original_glcm_JointAverage.nrrd,original_glcm_SumAverage.nrrd,0.9999999999999999
2572,original_glcm_JointAverage.nrrd,original_glcm_SumEntropy.nrrd,0.9933779962430603
2573,original_glcm_JointAverage.nrrd,original_glcm_SumSquares.nrrd,0.8916357154680762
2574,original_glcm_JointAverage.nrrd,original_gldm_DependenceEntropy.nrrd,0.9933185015477688
2575,original_glcm_JointAverage.nrrd,original_gldm_DependenceNonUniformity.nrrd,0.9501096677124432
2576,original_glcm_JointAverage.nrrd,original_gldm_DependenceNonUniformityNormalized.nrrd,0.9831869101450518
2577,original_glcm_JointAverage.nrrd,original_gldm_DependenceVariance.nrrd,0.9222177532172771
2578,original_glcm_JointAverage.nrrd,original_gldm_GrayLevelNonUniformity.nrrd,0.9502333047388607
2579,original_glcm_JointAverage.nrrd,original_gldm_GrayLevelVariance.nrrd,0.9007560958571195
2580,original_glcm_JointAverage.nrrd,original_gldm_HighGrayLevelEmphasis.nrrd,0.9908052938072198
2581,original_glcm_JointAverage.nrrd,original_gldm_LargeDependenceEmphasis.nrrd,0.940655076349661
2582,original_glcm_JointAverage.nrrd,original_gldm_LargeDependenceHighGrayLevelEmphasis.nrrd,0.9640657525114077
2583,original_glcm_JointAverage.nrrd,original_gldm_LargeDependenceLowGrayLevelEmphasis.nrrd,0.8643680631694817
2584,original_glcm_JointAverage.nrrd,original_gldm_LowGrayLevelEmphasis.nrrd,0.7459293210697518
2585,original_glcm_JointAverage.nrrd,original_gldm_SmallDependenceEmphasis.nrrd,0.9851224511605655
2586,original_glcm_JointAverage.nrrd,original_gldm_SmallDependenceHighGrayLevelEmphasis.nrrd,0.9742817351942277
2587,original_glcm_JointAverage.nrrd,original_gldm_SmallDependenceLowGrayLevelEmphasis.nrrd,0.6145365973332456
2588,original_glcm_JointAverage.nrrd,original_glrlm_GrayLevelNonUniformity.nrrd,0.9530101223224031
2589,original_glcm_JointAverage.nrrd,original_glrlm_GrayLevelNonUniformityNormalized.nrrd,0.9347913976077388
2590,original_glcm_JointAverage.nrrd,original_glrlm_GrayLevelVariance.nrrd,0.9021198007922698
2591,original_glcm_JointAverage.nrrd,original_glrlm_HighGrayLevelRunEmphasis.nrrd,0.9908685492767739
2592,original_glcm_JointAverage.nrrd,original_glrlm_LongRunEmphasis.nrrd,0.9898869800040604
2593,original_glcm_JointAverage.nrrd,original_glrlm_LongRunHighGrayLevelEmphasis.nrrd,0.9919973682623557
2594,original_glcm_JointAverage.nrrd,original_glrlm_LongRunLowGrayLevelEmphasis.nrrd,0.7624792820144615
2595,original_glcm_JointAverage.nrrd,original_glrlm_LowGrayLevelRunEmphasis.nrrd,0.7405510603593479
2596,original_glcm_JointAverage.nrrd,original_glrlm_RunEntropy.nrrd,0.9934096281468833
2597,original_glcm_JointAverage.nrrd,original_glrlm_RunLengthNonUniformity.nrrd,0.9679339990122577
2598,original_glcm_JointAverage.nrrd,original_glrlm_RunLengthNonUniformityNormalized.nrrd,0.9920333472560646
2599,original_glcm_JointAverage.nrrd,original_glrlm_RunPercentage.nrrd,0.9918905520690087
2600,original_glcm_JointAverage.nrrd,original_glrlm_RunVariance.nrrd,0.9417106236769839
2601,original_glcm_JointAverage.nrrd,original_glrlm_ShortRunEmphasis.nrrd,0.9918298896920988
2602,original_glcm_JointAverage.nrrd,original_glrlm_ShortRunHighGrayLevelEmphasis.nrrd,0.990427666144725
2603,original_glcm_JointAverage.nrrd,original_glrlm_ShortRunLowGrayLevelEmphasis.nrrd,0.7346619267220541
2604,original_glcm_JointAverage.nrrd,original_glszm_GrayLevelNonUniformity.nrrd,0.9668607496292771
2605,original_glcm_JointAverage.nrrd,original_glszm_GrayLevelNonUniformityNormalized.nrrd,0.943507299739787
2606,original_glcm_JointAverage.nrrd,original_glszm_GrayLevelVariance.nrrd,0.916666042652934
2607,original_glcm_JointAverage.nrrd,original_glszm_HighGrayLevelZoneEmphasis.nrrd,0.9911653022311213
2608,original_glcm_JointAverage.nrrd,original_glszm_LargeAreaEmphasis.nrrd,0.760183867482787
2609,original_glcm_JointAverage.nrrd,original_glszm_LargeAreaHighGrayLevelEmphasis.nrrd,0.7955279552495625
2610,original_glcm_JointAverage.nrrd,original_glszm_LargeAreaLowGrayLevelEmphasis.nrrd,0.7329272837955553
2611,original_glcm_JointAverage.nrrd,original_glszm_LowGrayLevelZoneEmphasis.nrrd,0.6706369948926888
2612,original_glcm_JointAverage.nrrd,original_glszm_SizeZoneNonUniformity.nrrd,0.9324561876091424
2613,original_glcm_JointAverage.nrrd,original_glszm_SizeZoneNonUniformityNormalized.nrrd,0.9884871883243939
2614,original_glcm_JointAverage.nrrd,original_glszm_SmallAreaEmphasis.nrrd,0.9918105130185868
2615,original_glcm_JointAverage.nrrd,original_glszm_SmallAreaHighGrayLevelEmphasis.nrrd,0.9866723789384468
2616,original_glcm_JointAverage.nrrd,original_glszm_SmallAreaLowGrayLevelEmphasis.nrrd,0.6097268779066444
2617,original_glcm_JointAverage.nrrd,original_glszm_ZoneEntropy.nrrd,0.9930999485878427
2618,original_glcm_JointAverage.nrrd,original_glszm_ZonePercentage.nrrd,0.9861609563373215
2619,original_glcm_JointAverage.nrrd,original_glszm_ZoneVariance.nrrd,0.620614918900165
2620,original_glcm_JointAverage.nrrd,original_ngtdm_Busyness.nrrd,0.9428966824936463
2621,original_glcm_JointAverage.nrrd,original_ngtdm_Coarseness.nrrd,0.872825660538292
2622,original_glcm_JointAverage.nrrd,original_ngtdm_Complexity.nrrd,0.8401672869286404
2623,original_glcm_JointAverage.nrrd,original_ngtdm_Contrast.nrrd,0.9419366914301427
2624,original_glcm_JointAverage.nrrd,original_ngtdm_Strength.nrrd,0.926689538576464
2625,original_glcm_JointEnergy.nrrd,original_glcm_JointEntropy.nrrd,0.7632577477999658
2626,original_glcm_JointEnergy.nrrd,original_glcm_MaximumProbability.nrrd,0.9721241764978131
2627,original_glcm_JointEnergy.nrrd,original_glcm_MCC.nrrd,0.8020684038254944
2628,original_glcm_JointEnergy.nrrd,original_glcm_SumAverage.nrrd,0.7716059181297815
2629,original_glcm_JointEnergy.nrrd,original_glcm_SumEntropy.nrrd,0.7652596345666675
2630,original_glcm_JointEnergy.nrrd,original_glcm_SumSquares.nrrd,0.5305147646244276
2631,original_glcm_JointEnergy.nrrd,original_gldm_DependenceEntropy.nrrd,0.7820328550855045
2632,original_glcm_JointEnergy.nrrd,original_gldm_DependenceNonUniformity.nrrd,0.6102781135880992
2633,original_glcm_JointEnergy.nrrd,original_gldm_DependenceNonUniformityNormalized.nrrd,0.7376636017860778
2634,original_glcm_JointEnergy.nrrd,original_gldm_DependenceVariance.nrrd,0.861084129053926
2635,original_glcm_JointEnergy.nrrd,original_gldm_GrayLevelNonUniformity.nrrd,0.7658479208268629
2636,original_glcm_JointEnergy.nrrd,original_gldm_GrayLevelVariance.nrrd,0.5453931519348238
2637,original_glcm_JointEnergy.nrrd,original_gldm_HighGrayLevelEmphasis.nrrd,0.7218158985741582
2638,original_glcm_JointEnergy.nrrd,original_gldm_LargeDependenceEmphasis.nrrd,0.866460831385141
2639,original_glcm_JointEnergy.nrrd,original_gldm_LargeDependenceHighGrayLevelEmphasis.nrrd,0.8042006095729386
2640,original_glcm_JointEnergy.nrrd,original_gldm_LargeDependenceLowGrayLevelEmphasis.nrrd,0.8345923320136347
2641,original_glcm_JointEnergy.nrrd,original_gldm_LowGrayLevelEmphasis.nrrd,0.6126601930898926
2642,original_glcm_JointEnergy.nrrd,original_gldm_SmallDependenceEmphasis.nrrd,0.742171720657688
2643,original_glcm_JointEnergy.nrrd,original_gldm_SmallDependenceHighGrayLevelEmphasis.nrrd,0.66151227804039
2644,original_glcm_JointEnergy.nrrd,original_gldm_SmallDependenceLowGrayLevelEmphasis.nrrd,0.4647047986793863
2645,original_glcm_JointEnergy.nrrd,original_glrlm_GrayLevelNonUniformity.nrrd,0.7613121197487762
2646,original_glcm_JointEnergy.nrrd,original_glrlm_GrayLevelNonUniformityNormalized.nrrd,0.9096283145495654
2647,original_glcm_JointEnergy.nrrd,original_glrlm_GrayLevelVariance.nrrd,0.5475971717634934
2648,original_glcm_JointEnergy.nrrd,original_glrlm_HighGrayLevelRunEmphasis.nrrd,0.721881925625402
2649,original_glcm_JointEnergy.nrrd,original_glrlm_LongRunEmphasis.nrrd,0.8126098261875573
2650,original_glcm_JointEnergy.nrrd,original_glrlm_LongRunHighGrayLevelEmphasis.nrrd,0.734791261098413
2651,original_glcm_JointEnergy.nrrd,original_glrlm_LongRunLowGrayLevelEmphasis.nrrd,0.6372225680766032
2652,original_glcm_JointEnergy.nrrd,original_glrlm_LowGrayLevelRunEmphasis.nrrd,0.6076639151332782
2653,original_glcm_JointEnergy.nrrd,original_glrlm_RunEntropy.nrrd,0.7707131835711232
2654,original_glcm_JointEnergy.nrrd,original_glrlm_RunLengthNonUniformity.nrrd,0.6611841691679526
2655,original_glcm_JointEnergy.nrrd,original_glrlm_RunLengthNonUniformityNormalized.nrrd,0.793218698253239
2656,original_glcm_JointEnergy.nrrd,original_glrlm_RunPercentage.nrrd,0.7968429724515886
2657,original_glcm_JointEnergy.nrrd,original_glrlm_RunVariance.nrrd,0.865476913709171
2658,original_glcm_JointEnergy.nrrd,original_glrlm_ShortRunEmphasis.nrrd,0.797823660061587
2659,original_glcm_JointEnergy.nrrd,original_glrlm_ShortRunHighGrayLevelEmphasis.nrrd,0.7185700690129851
2660,original_glcm_JointEnergy.nrrd,original_glrlm_ShortRunLowGrayLevelEmphasis.nrrd,0.6001045313808496
2661,original_glcm_JointEnergy.nrrd,original_glszm_GrayLevelNonUniformity.nrrd,0.7069295924004935
2662,original_glcm_JointEnergy.nrrd,original_glszm_GrayLevelNonUniformityNormalized.nrrd,0.9027237938456432
2663,original_glcm_JointEnergy.nrrd,original_glszm_GrayLevelVariance.nrrd,0.5733169604800195
2664,original_glcm_JointEnergy.nrrd,original_glszm_HighGrayLevelZoneEmphasis.nrrd,0.7225555743814367
2665,original_glcm_JointEnergy.nrrd,original_glszm_LargeAreaEmphasis.nrrd,0.8262971798490139
2666,original_glcm_JointEnergy.nrrd,original_glszm_LargeAreaHighGrayLevelEmphasis.nrrd,0.7880845137323732
2667,original_glcm_JointEnergy.nrrd,original_glszm_LargeAreaLowGrayLevelEmphasis.nrrd,0.8252638232644796
2668,original_glcm_JointEnergy.nrrd,original_glszm_LowGrayLevelZoneEmphasis.nrrd,0.5438603867837609
2669,original_glcm_JointEnergy.nrrd,original_glszm_SizeZoneNonUniformity.nrrd,0.5778886390892486
2670,original_glcm_JointEnergy.nrrd,original_glszm_SizeZoneNonUniformityNormalized.nrrd,0.7604492427285022
2671,original_glcm_JointEnergy.nrrd,original_glszm_SmallAreaEmphasis.nrrd,0.7812713916522758
2672,original_glcm_JointEnergy.nrrd,original_glszm_SmallAreaHighGrayLevelEmphasis.nrrd,0.7011636607242147
2673,original_glcm_JointEnergy.nrrd,original_glszm_SmallAreaLowGrayLevelEmphasis.nrrd,0.47860968982215324
2674,original_glcm_JointEnergy.nrrd,original_glszm_ZoneEntropy.nrrd,0.7797740162472652
2675,original_glcm_JointEnergy.nrrd,original_glszm_ZonePercentage.nrrd,0.7460043898090145
2676,original_glcm_JointEnergy.nrrd,original_glszm_ZoneVariance.nrrd,0.7482363646394663
2677,original_glcm_JointEnergy.nrrd,original_ngtdm_Busyness.nrrd,0.7862402219189671
2678,original_glcm_JointEnergy.nrrd,original_ngtdm_Coarseness.nrrd,0.9278788044554936
2679,original_glcm_JointEnergy.nrrd,original_ngtdm_Complexity.nrrd,0.47104863193229557
2680,original_glcm_JointEnergy.nrrd,original_ngtdm_Contrast.nrrd,0.6622192178112567
2681,original_glcm_JointEnergy.nrrd,original_ngtdm_Strength.nrrd,0.6703920468114182
2682,original_glcm_JointEntropy.nrrd,original_glcm_MaximumProbability.nrrd,0.8461257389971336
2683,original_glcm_JointEntropy.nrrd,original_glcm_MCC.nrrd,0.9915455909242907
2684,original_glcm_JointEntropy.nrrd,original_glcm_SumAverage.nrrd,0.9932791581089052
2685,original_glcm_JointEntropy.nrrd,original_glcm_SumEntropy.nrrd,0.9996908243339586
2686,original_glcm_JointEntropy.nrrd,original_glcm_SumSquares.nrrd,0.893662004825241
2687,original_glcm_JointEntropy.nrrd,original_gldm_DependenceEntropy.nrrd,0.9991338037547871
2688,original_glcm_JointEntropy.nrrd,original_gldm_DependenceNonUniformity.nrrd,0.9570826122650585
2689,original_glcm_JointEntropy.nrrd,original_gldm_DependenceNonUniformityNormalized.nrrd,0.9925052071906708
2690,original_glcm_JointEntropy.nrrd,original_gldm_DependenceVariance.nrrd,0.9188851350444104
2691,original_glcm_JointEntropy.nrrd,original_gldm_GrayLevelNonUniformity.nrrd,0.9553281185163951
2692,original_glcm_JointEntropy.nrrd,original_gldm_GrayLevelVariance.nrrd,0.9028705224127099
2693,original_glcm_JointEntropy.nrrd,original_gldm_HighGrayLevelEmphasis.nrrd,0.9724867697308576
2694,original_glcm_JointEntropy.nrrd,original_gldm_LargeDependenceEmphasis.nrrd,0.939408203984314
2695,original_glcm_JointEntropy.nrrd,original_gldm_LargeDependenceHighGrayLevelEmphasis.nrrd,0.9405255619695353
2696,original_glcm_JointEntropy.nrrd,original_gldm_LargeDependenceLowGrayLevelEmphasis.nrrd,0.8918656982782931
2697,original_glcm_JointEntropy.nrrd,original_gldm_LowGrayLevelEmphasis.nrrd,0.7886233129829049
2698,original_glcm_JointEntropy.nrrd,original_gldm_SmallDependenceEmphasis.nrrd,0.9941897373178332
2699,original_glcm_JointEntropy.nrrd,original_gldm_SmallDependenceHighGrayLevelEmphasis.nrrd,0.9589333488510582
2700,original_glcm_JointEntropy.nrrd,original_gldm_SmallDependenceLowGrayLevelEmphasis.nrrd,0.6584712985811519
2701,original_glcm_JointEntropy.nrrd,original_glrlm_GrayLevelNonUniformity.nrrd,0.9585545813523759
2702,original_glcm_JointEntropy.nrrd,original_glrlm_GrayLevelNonUniformityNormalized.nrrd,0.9376661871136869
2703,original_glcm_JointEntropy.nrrd,original_glrlm_GrayLevelVariance.nrrd,0.9045147803448891
2704,original_glcm_JointEntropy.nrrd,original_glrlm_HighGrayLevelRunEmphasis.nrrd,0.9725960670277363
2705,original_glcm_JointEntropy.nrrd,original_glrlm_LongRunEmphasis.nrrd,0.9950352020600957
2706,original_glcm_JointEntropy.nrrd,original_glrlm_LongRunHighGrayLevelEmphasis.nrrd,0.9730661239548362
2707,original_glcm_JointEntropy.nrrd,original_glrlm_LongRunLowGrayLevelEmphasis.nrrd,0.8043787479526662
2708,original_glcm_JointEntropy.nrrd,original_glrlm_LowGrayLevelRunEmphasis.nrrd,0.7832746637299804
2709,original_glcm_JointEntropy.nrrd,original_glrlm_RunEntropy.nrrd,0.9996763738541883
2710,original_glcm_JointEntropy.nrrd,original_glrlm_RunLengthNonUniformity.nrrd,0.9730703669114908
2711,original_glcm_JointEntropy.nrrd,original_glrlm_RunLengthNonUniformityNormalized.nrrd,0.9984729896757853
2712,original_glcm_JointEntropy.nrrd,original_glrlm_RunPercentage.nrrd,0.9980933572855364
2713,original_glcm_JointEntropy.nrrd,original_glrlm_RunVariance.nrrd,0.9411892464666981
2714,original_glcm_JointEntropy.nrrd,original_glrlm_ShortRunEmphasis.nrrd,0.997970703817013
2715,original_glcm_JointEntropy.nrrd,original_glrlm_ShortRunHighGrayLevelEmphasis.nrrd,0.9723284182062537
2716,original_glcm_JointEntropy.nrrd,original_glrlm_ShortRunLowGrayLevelEmphasis.nrrd,0.777572778413661
2717,original_glcm_JointEntropy.nrrd,original_glszm_GrayLevelNonUniformity.nrrd,0.9754537925107957
2718,original_glcm_JointEntropy.nrrd,original_glszm_GrayLevelNonUniformityNormalized.nrrd,0.9467369032331546
2719,original_glcm_JointEntropy.nrrd,original_glszm_GrayLevelVariance.nrrd,0.9227941264210631
2720,original_glcm_JointEntropy.nrrd,original_glszm_HighGrayLevelZoneEmphasis.nrrd,0.9734921783106243
2721,original_glcm_JointEntropy.nrrd,original_glszm_LargeAreaEmphasis.nrrd,0.7507473963233411
2722,original_glcm_JointEntropy.nrrd,original_glszm_LargeAreaHighGrayLevelEmphasis.nrrd,0.7694766185449646
2723,original_glcm_JointEntropy.nrrd,original_glszm_LargeAreaLowGrayLevelEmphasis.nrrd,0.7462961006887197
2724,original_glcm_JointEntropy.nrrd,original_glszm_LowGrayLevelZoneEmphasis.nrrd,0.7131062282119394
2725,original_glcm_JointEntropy.nrrd,original_glszm_SizeZoneNonUniformity.nrrd,0.9403462899132458
2726,original_glcm_JointEntropy.nrrd,original_glszm_SizeZoneNonUniformityNormalized.nrrd,0.9964554245985277
2727,original_glcm_JointEntropy.nrrd,original_glszm_SmallAreaEmphasis.nrrd,0.9988012345829692
2728,original_glcm_JointEntropy.nrrd,original_glszm_SmallAreaHighGrayLevelEmphasis.nrrd,0.9699274400107207
2729,original_glcm_JointEntropy.nrrd,original_glszm_SmallAreaLowGrayLevelEmphasis.nrrd,0.6520423497416581
2730,original_glcm_JointEntropy.nrrd,original_glszm_ZoneEntropy.nrrd,0.9993004270449303
2731,original_glcm_JointEntropy.nrrd,original_glszm_ZonePercentage.nrrd,0.9951481229367466
2732,original_glcm_JointEntropy.nrrd,original_glszm_ZoneVariance.nrrd,0.6073854176839125
2733,original_glcm_JointEntropy.nrrd,original_ngtdm_Busyness.nrrd,0.9546077771648029
2734,original_glcm_JointEntropy.nrrd,original_ngtdm_Coarseness.nrrd,0.8688819239141862
2735,original_glcm_JointEntropy.nrrd,original_ngtdm_Complexity.nrrd,0.855642893493567
2736,original_glcm_JointEntropy.nrrd,original_ngtdm_Contrast.nrrd,0.9446874526803846
2737,original_glcm_JointEntropy.nrrd,original_ngtdm_Strength.nrrd,0.9357891911670919
2738,original_glcm_MaximumProbability.nrrd,original_glcm_MCC.nrrd,0.8793304872950733
2739,original_glcm_MaximumProbability.nrrd,original_glcm_SumAverage.nrrd,0.8516172431770753
2740,original_glcm_MaximumProbability.nrrd,original_glcm_SumEntropy.nrrd,0.8481948866077947
2741,original_glcm_MaximumProbability.nrrd,original_glcm_SumSquares.nrrd,0.6166313324557781
2742,original_glcm_MaximumProbability.nrrd,original_gldm_DependenceEntropy.nrrd,0.8637223594598834
2743,original_glcm_MaximumProbability.nrrd,original_gldm_DependenceNonUniformity.nrrd,0.6959262461665325
2744,original_glcm_MaximumProbability.nrrd,original_gldm_DependenceNonUniformityNormalized.nrrd,0.8135333206888898
2745,original_glcm_MaximumProbability.nrrd,original_gldm_DependenceVariance.nrrd,0.9411482636008807
2746,original_glcm_MaximumProbability.nrrd,original_gldm_GrayLevelNonUniformity.nrrd,0.8471352519574553
2747,original_glcm_MaximumProbability.nrrd,original_gldm_GrayLevelVariance.nrrd,0.6320082055738776
2748,original_glcm_MaximumProbability.nrrd,original_gldm_HighGrayLevelEmphasis.nrrd,0.8030722099463694
2749,original_glcm_MaximumProbability.nrrd,original_gldm_LargeDependenceEmphasis.nrrd,0.943151203738194
2750,original_glcm_MaximumProbability.nrrd,original_gldm_LargeDependenceHighGrayLevelEmphasis.nrrd,0.8866816849923058
2751,original_glcm_MaximumProbability.nrrd,original_gldm_LargeDependenceLowGrayLevelEmphasis.nrrd,0.9042331892542956
2752,original_glcm_MaximumProbability.nrrd,original_gldm_LowGrayLevelEmphasis.nrrd,0.6772997547898478
2753,original_glcm_MaximumProbability.nrrd,original_gldm_SmallDependenceEmphasis.nrrd,0.8195732822742845
2754,original_glcm_MaximumProbability.nrrd,original_gldm_SmallDependenceHighGrayLevelEmphasis.nrrd,0.741332477
2755,original_glcm_MaximumProbability.nrrd,original_gldm_SmallDependenceLowGrayLevelEmphasis.nrrd,0.5213414290627559
2756,original_glcm_MaximumProbability.nrrd,original_glrlm_GrayLevelNonUniformity.nrrd,0.8426169843559597
2757,original_glcm_MaximumProbability.nrrd,original_glrlm_GrayLevelNonUniformityNormalized.nrrd,0.9625679990475907
2758,original_glcm_MaximumProbability.nrrd,original_glrlm_GrayLevelVariance.nrrd,0.634434563386836
2759,original_glcm_MaximumProbability.nrrd,original_glrlm_HighGrayLevelRunEmphasis.nrrd,0.8031326195258387
2760,original_glcm_MaximumProbability.nrrd,original_glrlm_LongRunEmphasis.nrrd,0.8904619750203523
2761,original_glcm_MaximumProbability.nrrd,original_glrlm_LongRunHighGrayLevelEmphasis.nrrd,0.8163861864657731
2762,original_glcm_MaximumProbability.nrrd,original_glrlm_LongRunLowGrayLevelEmphasis.nrrd,0.7028602751402737
2763,original_glcm_MaximumProbability.nrrd,original_glrlm_LowGrayLevelRunEmphasis.nrrd,0.6720547659668353
2764,original_glcm_MaximumProbability.nrrd,original_glrlm_RunEntropy.nrrd,0.8527026336835507
2765,original_glcm_MaximumProbability.nrrd,original_glrlm_RunLengthNonUniformity.nrrd,0.7487848723202539
2766,original_glcm_MaximumProbability.nrrd,original_glrlm_RunLengthNonUniformityNormalized.nrrd,0.8709477242450445
2767,original_glcm_MaximumProbability.nrrd,original_glrlm_RunPercentage.nrrd,0.8746017224799739
2768,original_glcm_MaximumProbability.nrrd,original_glrlm_RunVariance.nrrd,0.9414678212963659
2769,original_glcm_MaximumProbability.nrrd,original_glrlm_ShortRunEmphasis.nrrd,0.875612575692399
2770,original_glcm_MaximumProbability.nrrd,original_glrlm_ShortRunHighGrayLevelEmphasis.nrrd,0.7997313706240636
2771,original_glcm_MaximumProbability.nrrd,original_glrlm_ShortRunLowGrayLevelEmphasis.nrrd,0.6641607024233926
2772,original_glcm_MaximumProbability.nrrd,original_glszm_GrayLevelNonUniformity.nrrd,0.7888422529549498
2773,original_glcm_MaximumProbability.nrrd,original_glszm_GrayLevelNonUniformityNormalized.nrrd,0.9528961665468207
2774,original_glcm_MaximumProbability.nrrd,original_glszm_GrayLevelVariance.nrrd,0.6619539995473569
2775,original_glcm_MaximumProbability.nrrd,original_glszm_HighGrayLevelZoneEmphasis.nrrd,0.8038023162041901
2776,original_glcm_MaximumProbability.nrrd,original_glszm_LargeAreaEmphasis.nrrd,0.8859561241672185
2777,original_glcm_MaximumProbability.nrrd,original_glszm_LargeAreaHighGrayLevelEmphasis.nrrd,0.8547751836461668
2778,original_glcm_MaximumProbability.nrrd,original_glszm_LargeAreaLowGrayLevelEmphasis.nrrd,0.8811015121626284
2779,original_glcm_MaximumProbability.nrrd,original_glszm_LowGrayLevelZoneEmphasis.nrrd,0.6043668036233691
2780,original_glcm_MaximumProbability.nrrd,original_glszm_SizeZoneNonUniformity.nrrd,0.6636979321620609
2781,original_glcm_MaximumProbability.nrrd,original_glszm_SizeZoneNonUniformityNormalized.nrrd,0.8391107461453745
2782,original_glcm_MaximumProbability.nrrd,original_glszm_SmallAreaEmphasis.nrrd,0.859747734952688
2783,original_glcm_MaximumProbability.nrrd,original_glszm_SmallAreaHighGrayLevelEmphasis.nrrd,0.7825824443247528
2784,original_glcm_MaximumProbability.nrrd,original_glszm_SmallAreaLowGrayLevelEmphasis.nrrd,0.5353872999872272
2785,original_glcm_MaximumProbability.nrrd,original_glszm_ZoneEntropy.nrrd,0.8616041848154578
2786,original_glcm_MaximumProbability.nrrd,original_glszm_ZonePercentage.nrrd,0.8232477989760737
2787,original_glcm_MaximumProbability.nrrd,original_glszm_ZoneVariance.nrrd,0.797990248331105
2788,original_glcm_MaximumProbability.nrrd,original_ngtdm_Busyness.nrrd,0.8577925577804101
2789,original_glcm_MaximumProbability.nrrd,original_ngtdm_Coarseness.nrrd,0.9434192220164002
2790,original_glcm_MaximumProbability.nrrd,original_ngtdm_Complexity.nrrd,0.5529046515591776
2791,original_glcm_MaximumProbability.nrrd,original_ngtdm_Contrast.nrrd,0.7390749092447327
2792,original_glcm_MaximumProbability.nrrd,original_ngtdm_Strength.nrrd,0.7535100217460925
2793,original_glcm_MCC.nrrd,original_glcm_SumAverage.nrrd,0.9880517664540932
2794,original_glcm_MCC.nrrd,original_glcm_SumEntropy.nrrd,0.9931598495098972
2795,original_glcm_MCC.nrrd,original_glcm_SumSquares.nrrd,0.873160490119185
2796,original_glcm_MCC.nrrd,original_gldm_DependenceEntropy.nrrd,0.994764320222599
2797,original_glcm_MCC.nrrd,original_gldm_DependenceNonUniformity.nrrd,0.9256242247555456
2798,original_glcm_MCC.nrrd,original_gldm_DependenceNonUniformityNormalized.nrrd,0.9779540666133113
2799,original_glcm_MCC.nrrd,original_gldm_DependenceVariance.nrrd,0.9398351066431876
2800,original_glcm_MCC.nrrd,original_gldm_GrayLevelNonUniformity.nrrd,0.945078383357079
2801,original_glcm_MCC.nrrd,original_gldm_GrayLevelVariance.nrrd,0.8844110526916377
2802,original_glcm_MCC.nrrd,original_gldm_HighGrayLevelEmphasis.nrrd,0.9640596847543252
2803,original_glcm_MCC.nrrd,original_gldm_LargeDependenceEmphasis.nrrd,0.9574583789045864
2804,original_glcm_MCC.nrrd,original_gldm_LargeDependenceHighGrayLevelEmphasis.nrrd,0.9514986561772184
2805,original_glcm_MCC.nrrd,original_gldm_LargeDependenceLowGrayLevelEmphasis.nrrd,0.9112022524839284
2806,original_glcm_MCC.nrrd,original_gldm_LowGrayLevelEmphasis.nrrd,0.7848893333732673
2807,original_glcm_MCC.nrrd,original_gldm_SmallDependenceEmphasis.nrrd,0.9805351727745271
2808,original_glcm_MCC.nrrd,original_gldm_SmallDependenceHighGrayLevelEmphasis.nrrd,0.9413390510262193
2809,original_glcm_MCC.nrrd,original_gldm_SmallDependenceLowGrayLevelEmphasis.nrrd,0.6482703889454704
2810,original_glcm_MCC.nrrd,original_glrlm_GrayLevelNonUniformity.nrrd,0.947039290371134
2811,original_glcm_MCC.nrrd,original_glrlm_GrayLevelNonUniformityNormalized.nrrd,0.9496248958699566
2812,original_glcm_MCC.nrrd,original_glrlm_GrayLevelVariance.nrrd,0.8860276621734174
2813,original_glcm_MCC.nrrd,original_glrlm_HighGrayLevelRunEmphasis.nrrd,0.9642064498962788
2814,original_glcm_MCC.nrrd,original_glrlm_LongRunEmphasis.nrrd,0.9946050957492875
2815,original_glcm_MCC.nrrd,original_glrlm_LongRunHighGrayLevelEmphasis.nrrd,0.9669502089651162
2816,original_glcm_MCC.nrrd,original_glrlm_LongRunLowGrayLevelEmphasis.nrrd,0.8026621150188963
2817,original_glcm_MCC.nrrd,original_glrlm_LowGrayLevelRunEmphasis.nrrd,0.7795177634968499
2818,original_glcm_MCC.nrrd,original_glrlm_RunEntropy.nrrd,0.9936682028153608
2819,original_glcm_MCC.nrrd,original_glrlm_RunLengthNonUniformity.nrrd,0.9494926634002108
2820,original_glcm_MCC.nrrd,original_glrlm_RunLengthNonUniformityNormalized.nrrd,0.9938888893997034
2821,original_glcm_MCC.nrrd,original_glrlm_RunPercentage.nrrd,0.9942455602039982
2822,original_glcm_MCC.nrrd,original_glrlm_RunVariance.nrrd,0.9589849296367714
2823,original_glcm_MCC.nrrd,original_glrlm_ShortRunEmphasis.nrrd,0.9943305453974276
2824,original_glcm_MCC.nrrd,original_glrlm_ShortRunHighGrayLevelEmphasis.nrrd,0.9633767297534223
2825,original_glcm_MCC.nrrd,original_glrlm_ShortRunLowGrayLevelEmphasis.nrrd,0.7733434763037708
2826,original_glcm_MCC.nrrd,original_glszm_GrayLevelNonUniformity.nrrd,0.9523110049439691
2827,original_glcm_MCC.nrrd,original_glszm_GrayLevelNonUniformityNormalized.nrrd,0.9568119280272722
2828,original_glcm_MCC.nrrd,original_glszm_GrayLevelVariance.nrrd,0.9039907311156191
2829,original_glcm_MCC.nrrd,original_glszm_HighGrayLevelZoneEmphasis.nrrd,0.9656785240876469
2830,original_glcm_MCC.nrrd,original_glszm_LargeAreaEmphasis.nrrd,0.7836391574402088
2831,original_glcm_MCC.nrrd,original_glszm_LargeAreaHighGrayLevelEmphasis.nrrd,0.796183397306895
2832,original_glcm_MCC.nrrd,original_glszm_LargeAreaLowGrayLevelEmphasis.nrrd,0.7802950720755241
2833,original_glcm_MCC.nrrd,original_glszm_LowGrayLevelZoneEmphasis.nrrd,0.7092664490464505
2834,original_glcm_MCC.nrrd,original_glszm_SizeZoneNonUniformity.nrrd,0.9051497589545732
2835,original_glcm_MCC.nrrd,original_glszm_SizeZoneNonUniformityNormalized.nrrd,0.9858106930111815
2836,original_glcm_MCC.nrrd,original_glszm_SmallAreaEmphasis.nrrd,0.9918479646769095
2837,original_glcm_MCC.nrrd,original_glszm_SmallAreaHighGrayLevelEmphasis.nrrd,0.9586636474545824
2838,original_glcm_MCC.nrrd,original_glszm_SmallAreaLowGrayLevelEmphasis.nrrd,0.6459648322563294
2839,original_glcm_MCC.nrrd,original_glszm_ZoneEntropy.nrrd,0.994349707651792
2840,original_glcm_MCC.nrrd,original_glszm_ZonePercentage.nrrd,0.9821699255296277
2841,original_glcm_MCC.nrrd,original_glszm_ZoneVariance.nrrd,0.6454075094455397
2842,original_glcm_MCC.nrrd,original_ngtdm_Busyness.nrrd,0.942712890554004
2843,original_glcm_MCC.nrrd,original_ngtdm_Coarseness.nrrd,0.9039566606468273
2844,original_glcm_MCC.nrrd,original_ngtdm_Complexity.nrrd,0.819593353160212
2845,original_glcm_MCC.nrrd,original_ngtdm_Contrast.nrrd,0.9290631878286428
2846,original_glcm_MCC.nrrd,original_ngtdm_Strength.nrrd,0.939968576332188
2847,original_glcm_SumAverage.nrrd,original_glcm_SumEntropy.nrrd,0.9933779962430603
2848,original_glcm_SumAverage.nrrd,original_glcm_SumSquares.nrrd,0.8916357154680763
2849,original_glcm_SumAverage.nrrd,original_gldm_DependenceEntropy.nrrd,0.9933185015477691
2850,original_glcm_SumAverage.nrrd,original_gldm_DependenceNonUniformity.nrrd,0.9501096677124437
2851,original_glcm_SumAverage.nrrd,original_gldm_DependenceNonUniformityNormalized.nrrd,0.9831869101450522
2852,original_glcm_SumAverage.nrrd,original_gldm_DependenceVariance.nrrd,0.922217753217277
2853,original_glcm_SumAverage.nrrd,original_gldm_GrayLevelNonUniformity.nrrd,0.9502333047388608
2854,original_glcm_SumAverage.nrrd,original_gldm_GrayLevelVariance.nrrd,0.9007560958571195
2855,original_glcm_SumAverage.nrrd,original_gldm_HighGrayLevelEmphasis.nrrd,0.9908052938072198
2856,original_glcm_SumAverage.nrrd,original_gldm_LargeDependenceEmphasis.nrrd,0.9406550763496607
2857,original_glcm_SumAverage.nrrd,original_gldm_LargeDependenceHighGrayLevelEmphasis.nrrd,0.9640657525114078
2858,original_glcm_SumAverage.nrrd,original_gldm_LargeDependenceLowGrayLevelEmphasis.nrrd,0.8643680631694814
2859,original_glcm_SumAverage.nrrd,original_gldm_LowGrayLevelEmphasis.nrrd,0.7459293210697522
2860,original_glcm_SumAverage.nrrd,original_gldm_SmallDependenceEmphasis.nrrd,0.9851224511605654
2861,original_glcm_SumAverage.nrrd,original_gldm_SmallDependenceHighGrayLevelEmphasis.nrrd,0.9742817351942279
2862,original_glcm_SumAverage.nrrd,original_gldm_SmallDependenceLowGrayLevelEmphasis.nrrd,0.6145365973332457
2863,original_glcm_SumAverage.nrrd,original_glrlm_GrayLevelNonUniformity.nrrd,0.9530101223224033
2864,original_glcm_SumAverage.nrrd,original_glrlm_GrayLevelNonUniformityNormalized.nrrd,0.9347913976077386
2865,original_glcm_SumAverage.nrrd,original_glrlm_GrayLevelVariance.nrrd,0.9021198007922697
2866,original_glcm_SumAverage.nrrd,original_glrlm_HighGrayLevelRunEmphasis.nrrd,0.990868549276774
2867,original_glcm_SumAverage.nrrd,original_glrlm_LongRunEmphasis.nrrd,0.9898869800040603
2868,original_glcm_SumAverage.nrrd,original_glrlm_LongRunHighGrayLevelEmphasis.nrrd,0.991997368262356
2869,original_glcm_SumAverage.nrrd,original_glrlm_LongRunLowGrayLevelEmphasis.nrrd,0.7624792820144615
2870,original_glcm_SumAverage.nrrd,original_glrlm_LowGrayLevelRunEmphasis.nrrd,0.7405510603593479
2871,original_glcm_SumAverage.nrrd,original_glrlm_RunEntropy.nrrd,0.9934096281468833
2872,original_glcm_SumAverage.nrrd,original_glrlm_RunLengthNonUniformity.nrrd,0.967933999012258
2873,original_glcm_SumAverage.nrrd,original_glrlm_RunLengthNonUniformityNormalized.nrrd,0.9920333472560645
2874,original_glcm_SumAverage.nrrd,original_glrlm_RunPercentage.nrrd,0.9918905520690086
2875,original_glcm_SumAverage.nrrd,original_glrlm_RunVariance.nrrd,0.9417106236769841
2876,original_glcm_SumAverage.nrrd,original_glrlm_ShortRunEmphasis.nrrd,0.9918298896920988
2877,original_glcm_SumAverage.nrrd,original_glrlm_ShortRunHighGrayLevelEmphasis.nrrd,0.9904276661447252
2878,original_glcm_SumAverage.nrrd,original_glrlm_ShortRunLowGrayLevelEmphasis.nrrd,0.734661926722054
2879,original_glcm_SumAverage.nrrd,original_glszm_GrayLevelNonUniformity.nrrd,0.9668607496292777
2880,original_glcm_SumAverage.nrrd,original_glszm_GrayLevelNonUniformityNormalized.nrrd,0.9435072997397873
2881,original_glcm_SumAverage.nrrd,original_glszm_GrayLevelVariance.nrrd,0.9166660426529343
2882,original_glcm_SumAverage.nrrd,original_glszm_HighGrayLevelZoneEmphasis.nrrd,0.9911653022311226
2883,original_glcm_SumAverage.nrrd,original_glszm_LargeAreaEmphasis.nrrd,0.7601838674827871
2884,original_glcm_SumAverage.nrrd,original_glszm_LargeAreaHighGrayLevelEmphasis.nrrd,0.7955279552495625
2885,original_glcm_SumAverage.nrrd,original_glszm_LargeAreaLowGrayLevelEmphasis.nrrd,0.7329272837955554
2886,original_glcm_SumAverage.nrrd,original_glszm_LowGrayLevelZoneEmphasis.nrrd,0.6706369948926887
2887,original_glcm_SumAverage.nrrd,original_glszm_SizeZoneNonUniformity.nrrd,0.9324561876091427
2888,original_glcm_SumAverage.nrrd,original_glszm_SizeZoneNonUniformityNormalized.nrrd,0.9884871883243944
2889,original_glcm_SumAverage.nrrd,original_glszm_SmallAreaEmphasis.nrrd,0.9918105130185871
2890,original_glcm_SumAverage.nrrd,original_glszm_SmallAreaHighGrayLevelEmphasis.nrrd,0.9866723789384468
2891,original_glcm_SumAverage.nrrd,original_glszm_SmallAreaLowGrayLevelEmphasis.nrrd,0.6097268779066447
2892,original_glcm_SumAverage.nrrd,original_glszm_ZoneEntropy.nrrd,0.9930999485878423
2893,original_glcm_SumAverage.nrrd,original_glszm_ZonePercentage.nrrd,0.9861609563373217
2894,original_glcm_SumAverage.nrrd,original_glszm_ZoneVariance.nrrd,0.620614918900165
2895,original_glcm_SumAverage.nrrd,original_ngtdm_Busyness.nrrd,0.9428966824936461
2896,original_glcm_SumAverage.nrrd,original_ngtdm_Coarseness.nrrd,0.8728256605382919
2897,original_glcm_SumAverage.nrrd,original_ngtdm_Complexity.nrrd,0.8401672869286414
2898,original_glcm_SumAverage.nrrd,original_ngtdm_Contrast.nrrd,0.9419366914301431
2899,original_glcm_SumAverage.nrrd,original_ngtdm_Strength.nrrd,0.9266895385764637
2900,original_glcm_SumEntropy.nrrd,original_glcm_SumSquares.nrrd,0.8977997532369291
2901,original_glcm_SumEntropy.nrrd,original_gldm_DependenceEntropy.nrrd,0.9992105625521752
2902,original_glcm_SumEntropy.nrrd,original_gldm_DependenceNonUniformity.nrrd,0.9541678110354949
2903,original_glcm_SumEntropy.nrrd,original_gldm_DependenceNonUniformityNormalized.nrrd,0.992354645301885
2904,original_glcm_SumEntropy.nrrd,original_gldm_DependenceVariance.nrrd,0.9198560402128434
2905,original_glcm_SumEntropy.nrrd,original_gldm_GrayLevelNonUniformity.nrrd,0.9504140027949954
2906,original_glcm_SumEntropy.nrrd,original_gldm_GrayLevelVariance.nrrd,0.906966694013597
2907,original_glcm_SumEntropy.nrrd,original_gldm_HighGrayLevelEmphasis.nrrd,0.972883645569708
2908,original_glcm_SumEntropy.nrrd,original_gldm_LargeDependenceEmphasis.nrrd,0.9400503536198315
2909,original_glcm_SumEntropy.nrrd,original_gldm_LargeDependenceHighGrayLevelEmphasis.nrrd,0.9414996035267734
2910,original_glcm_SumEntropy.nrrd,original_gldm_LargeDependenceLowGrayLevelEmphasis.nrrd,0.8940384757076251
2911,original_glcm_SumEntropy.nrrd,original_gldm_LowGrayLevelEmphasis.nrrd,0.7915688600787695
2912,original_glcm_SumEntropy.nrrd,original_gldm_SmallDependenceEmphasis.nrrd,0.9939976456819799
2913,original_glcm_SumEntropy.nrrd,original_gldm_SmallDependenceHighGrayLevelEmphasis.nrrd,0.959183756599138
2914,original_glcm_SumEntropy.nrrd,original_gldm_SmallDependenceLowGrayLevelEmphasis.nrrd,0.6618022138746662
2915,original_glcm_SumEntropy.nrrd,original_glrlm_GrayLevelNonUniformity.nrrd,0.953581061482924
2916,original_glcm_SumEntropy.nrrd,original_glrlm_GrayLevelNonUniformityNormalized.nrrd,0.9363633893865214
2917,original_glcm_SumEntropy.nrrd,original_glrlm_GrayLevelVariance.nrrd,0.9085513116270363
2918,original_glcm_SumEntropy.nrrd,original_glrlm_HighGrayLevelRunEmphasis.nrrd,0.972991050181383
2919,original_glcm_SumEntropy.nrrd,original_glrlm_LongRunEmphasis.nrrd,0.995038980383794
2920,original_glcm_SumEntropy.nrrd,original_glrlm_LongRunHighGrayLevelEmphasis.nrrd,0.9735254992630366
2921,original_glcm_SumEntropy.nrrd,original_glrlm_LongRunLowGrayLevelEmphasis.nrrd,0.8072890640774818
2922,original_glcm_SumEntropy.nrrd,original_glrlm_LowGrayLevelRunEmphasis.nrrd,0.7862425406342922
2923,original_glcm_SumEntropy.nrrd,original_glrlm_RunEntropy.nrrd,0.9999240823094762
2924,original_glcm_SumEntropy.nrrd,original_glrlm_RunLengthNonUniformity.nrrd,0.9700298911821631
2925,original_glcm_SumEntropy.nrrd,original_glrlm_RunLengthNonUniformityNormalized.nrrd,0.9983616790000056
2926,original_glcm_SumEntropy.nrrd,original_glrlm_RunPercentage.nrrd,0.9979976670416691
2927,original_glcm_SumEntropy.nrrd,original_glrlm_RunVariance.nrrd,0.9417693385478487
2928,original_glcm_SumEntropy.nrrd,original_glrlm_ShortRunEmphasis.nrrd,0.9978806499028353
2929,original_glcm_SumEntropy.nrrd,original_glrlm_ShortRunHighGrayLevelEmphasis.nrrd,0.9727088938120585
2930,original_glcm_SumEntropy.nrrd,original_glrlm_ShortRunLowGrayLevelEmphasis.nrrd,0.7805579579584216
2931,original_glcm_SumEntropy.nrrd,original_glszm_GrayLevelNonUniformity.nrrd,0.97047899976696
2932,original_glcm_SumEntropy.nrrd,original_glszm_GrayLevelNonUniformityNormalized.nrrd,0.9455873838911746
2933,original_glcm_SumEntropy.nrrd,original_glszm_GrayLevelVariance.nrrd,0.9259450311548216
2934,original_glcm_SumEntropy.nrrd,original_glszm_HighGrayLevelZoneEmphasis.nrrd,0.973867496725038
2935,original_glcm_SumEntropy.nrrd,original_glszm_LargeAreaEmphasis.nrrd,0.7514114824985593
2936,original_glcm_SumEntropy.nrrd,original_glszm_LargeAreaHighGrayLevelEmphasis.nrrd,0.7701385459046247
2937,original_glcm_SumEntropy.nrrd,original_glszm_LargeAreaLowGrayLevelEmphasis.nrrd,0.7484963518403729
2938,original_glcm_SumEntropy.nrrd,original_glszm_LowGrayLevelZoneEmphasis.nrrd,0.7162532660401703
2939,original_glcm_SumEntropy.nrrd,original_glszm_SizeZoneNonUniformity.nrrd,0.9375819245393618
2940,original_glcm_SumEntropy.nrrd,original_glszm_SizeZoneNonUniformityNormalized.nrrd,0.9963294397084522
2941,original_glcm_SumEntropy.nrrd,original_glszm_SmallAreaEmphasis.nrrd,0.998678094220901
2942,original_glcm_SumEntropy.nrrd,original_glszm_SmallAreaHighGrayLevelEmphasis.nrrd,0.970229072068339
2943,original_glcm_SumEntropy.nrrd,original_glszm_SmallAreaLowGrayLevelEmphasis.nrrd,0.6553080860743936
2944,original_glcm_SumEntropy.nrrd,original_glszm_ZoneEntropy.nrrd,0.9992697442969217
2945,original_glcm_SumEntropy.nrrd,original_glszm_ZonePercentage.nrrd,0.994953552961643
2946,original_glcm_SumEntropy.nrrd,original_glszm_ZoneVariance.nrrd,0.6080832075895263
2947,original_glcm_SumEntropy.nrrd,original_ngtdm_Busyness.nrrd,0.9507878970473642
2948,original_glcm_SumEntropy.nrrd,original_ngtdm_Coarseness.nrrd,0.8747530634036002
2949,original_glcm_SumEntropy.nrrd,original_ngtdm_Complexity.nrrd,0.8556927421109536
2950,original_glcm_SumEntropy.nrrd,original_ngtdm_Contrast.nrrd,0.9480075846203482
2951,original_glcm_SumEntropy.nrrd,original_ngtdm_Strength.nrrd,0.9409072285033007
2952,original_glcm_SumSquares.nrrd,original_gldm_DependenceEntropy.nrrd,0.8821528654473956
2953,original_glcm_SumSquares.nrrd,original_gldm_DependenceNonUniformity.nrrd,0.938951693195956
2954,original_glcm_SumSquares.nrrd,original_gldm_DependenceNonUniformityNormalized.nrrd,0.917303098295712
2955,original_glcm_SumSquares.nrrd,original_gldm_DependenceVariance.nrrd,0.7185956982245907
2956,original_glcm_SumSquares.nrrd,original_gldm_GrayLevelNonUniformity.nrrd,0.7830291455932733
2957,original_glcm_SumSquares.nrrd,original_gldm_GrayLevelVariance.nrrd,0.9987478168444799
2958,original_glcm_SumSquares.nrrd,original_gldm_HighGrayLevelEmphasis.nrrd,0.9104802569678785
2959,original_glcm_SumSquares.nrrd,original_gldm_LargeDependenceEmphasis.nrrd,0.7379024145347096
2960,original_glcm_SumSquares.nrrd,original_gldm_LargeDependenceHighGrayLevelEmphasis.nrrd,0.8046747263639717
2961,original_glcm_SumSquares.nrrd,original_gldm_LargeDependenceLowGrayLevelEmphasis.nrrd,0.7058591182893245
2962,original_glcm_SumSquares.nrrd,original_gldm_LowGrayLevelEmphasis.nrrd,0.7462958982864959
2963,original_glcm_SumSquares.nrrd,original_gldm_SmallDependenceEmphasis.nrrd,0.9147373392938526
2964,original_glcm_SumSquares.nrrd,original_gldm_SmallDependenceHighGrayLevelEmphasis.nrrd,0.9417464726588497
2965,original_glcm_SumSquares.nrrd,original_gldm_SmallDependenceLowGrayLevelEmphasis.nrrd,0.6801673107501173
2966,original_glcm_SumSquares.nrrd,original_glrlm_GrayLevelNonUniformity.nrrd,0.7898050203088611
2967,original_glcm_SumSquares.nrrd,original_glrlm_GrayLevelNonUniformityNormalized.nrrd,0.7136764500563415
2968,original_glcm_SumSquares.nrrd,original_glrlm_GrayLevelVariance.nrrd,0.9985684416377641
2969,original_glcm_SumSquares.nrrd,original_glrlm_HighGrayLevelRunEmphasis.nrrd,0.9103240133952101
2970,original_glcm_SumSquares.nrrd,original_glrlm_LongRunEmphasis.nrrd,0.8552790665161187
2971,original_glcm_SumSquares.nrrd,original_glrlm_LongRunHighGrayLevelEmphasis.nrrd,0.9013238066102204
2972,original_glcm_SumSquares.nrrd,original_glrlm_LongRunLowGrayLevelEmphasis.nrrd,0.7491300557097381
2973,original_glcm_SumSquares.nrrd,original_glrlm_LowGrayLevelRunEmphasis.nrrd,0.7427358889877081
2974,original_glcm_SumSquares.nrrd,original_glrlm_RunEntropy.nrrd,0.8947780612242532
2975,original_glcm_SumSquares.nrrd,original_glrlm_RunLengthNonUniformity.nrrd,0.9122988025868946
2976,original_glcm_SumSquares.nrrd,original_glrlm_RunLengthNonUniformityNormalized.nrrd,0.875051219878655
2977,original_glcm_SumSquares.nrrd,original_glrlm_RunPercentage.nrrd,0.8716324075751015
2978,original_glcm_SumSquares.nrrd,original_glrlm_RunVariance.nrrd,0.7367760133693777
2979,original_glcm_SumSquares.nrrd,original_glrlm_ShortRunEmphasis.nrrd,0.8706823890922553
2980,original_glcm_SumSquares.nrrd,original_glrlm_ShortRunHighGrayLevelEmphasis.nrrd,0.9124485671181938
2981,original_glcm_SumSquares.nrrd,original_glrlm_ShortRunLowGrayLevelEmphasis.nrrd,0.7406654387397579
2982,original_glcm_SumSquares.nrrd,original_glszm_GrayLevelNonUniformity.nrrd,0.8542238110431671
2983,original_glcm_SumSquares.nrrd,original_glszm_GrayLevelNonUniformityNormalized.nrrd,0.7290256922812912
2984,original_glcm_SumSquares.nrrd,original_glszm_GrayLevelVariance.nrrd,0.9912427040817927
2985,original_glcm_SumSquares.nrrd,original_glszm_HighGrayLevelZoneEmphasis.nrrd,0.9076680062209092
2986,original_glcm_SumSquares.nrrd,original_glszm_LargeAreaEmphasis.nrrd,0.5233411373689814
2987,original_glcm_SumSquares.nrrd,original_glszm_LargeAreaHighGrayLevelEmphasis.nrrd,0.5872402282141361
2988,original_glcm_SumSquares.nrrd,original_glszm_LargeAreaLowGrayLevelEmphasis.nrrd,0.5324010490122434
2989,original_glcm_SumSquares.nrrd,original_glszm_LowGrayLevelZoneEmphasis.nrrd,0.6920260660733234
2990,original_glcm_SumSquares.nrrd,original_glszm_SizeZoneNonUniformity.nrrd,0.9487460433555233
2991,original_glcm_SumSquares.nrrd,original_glszm_SizeZoneNonUniformityNormalized.nrrd,0.9060956515612191
2992,original_glcm_SumSquares.nrrd,original_glszm_SmallAreaEmphasis.nrrd,0.8885112069593543
2993,original_glcm_SumSquares.nrrd,original_glszm_SmallAreaHighGrayLevelEmphasis.nrrd,0.921884093349441
2994,original_glcm_SumSquares.nrrd,original_glszm_SmallAreaLowGrayLevelEmphasis.nrrd,0.6562297737610766
2995,original_glcm_SumSquares.nrrd,original_glszm_ZoneEntropy.nrrd,0.8828112709650874
2996,original_glcm_SumSquares.nrrd,original_glszm_ZonePercentage.nrrd,0.9110224933627461
2997,original_glcm_SumSquares.nrrd,original_glszm_ZoneVariance.nrrd,0.38551719235644827
2998,original_glcm_SumSquares.nrrd,original_ngtdm_Busyness.nrrd,0.7711070873071418
2999,original_glcm_SumSquares.nrrd,original_ngtdm_Coarseness.nrrd,0.6926082772762172
3000,original_glcm_SumSquares.nrrd,original_ngtdm_Complexity.nrrd,0.9559978320008341
3001,original_glcm_SumSquares.nrrd,original_ngtdm_Contrast.nrrd,0.9605589983701478
3002,original_glcm_SumSquares.nrrd,original_ngtdm_Strength.nrrd,0.9302888385675963
3003,original_gldm_DependenceEntropy.nrrd,original_gldm_DependenceNonUniformity.nrrd,0.9461425068047956
3004,original_gldm_DependenceEntropy.nrrd,original_gldm_DependenceNonUniformityNormalized.nrrd,0.9880420939275654
3005,original_gldm_DependenceEntropy.nrrd,original_gldm_DependenceVariance.nrrd,0.9327149219666916
3006,original_gldm_DependenceEntropy.nrrd,original_gldm_GrayLevelNonUniformity.nrrd,0.9576449024659729
3007,original_gldm_DependenceEntropy.nrrd,original_gldm_GrayLevelVariance.nrrd,0.8921235757532643
3008,original_gldm_DependenceEntropy.nrrd,original_gldm_HighGrayLevelEmphasis.nrrd,0.9702933589379201
3009,original_gldm_DependenceEntropy.nrrd,original_gldm_LargeDependenceEmphasis.nrrd,0.9518626639353777
3010,original_gldm_DependenceEntropy.nrrd,original_gldm_LargeDependenceHighGrayLevelEmphasis.nrrd,0.9486075124902502
3011,original_gldm_DependenceEntropy.nrrd,original_gldm_LargeDependenceLowGrayLevelEmphasis.nrrd,0.9041633913371613
3012,original_gldm_DependenceEntropy.nrrd,original_gldm_LowGrayLevelEmphasis.nrrd,0.7879910156985246
3013,original_gldm_DependenceEntropy.nrrd,original_gldm_SmallDependenceEmphasis.nrrd,0.9902790953103027
3014,original_gldm_DependenceEntropy.nrrd,original_gldm_SmallDependenceHighGrayLevelEmphasis.nrrd,0.9518615920355383
3015,original_gldm_DependenceEntropy.nrrd,original_gldm_SmallDependenceLowGrayLevelEmphasis.nrrd,0.653753287377324
3016,original_gldm_DependenceEntropy.nrrd,original_glrlm_GrayLevelNonUniformity.nrrd,0.9602218252935641
3017,original_gldm_DependenceEntropy.nrrd,original_glrlm_GrayLevelNonUniformityNormalized.nrrd,0.9481026426429109
3018,original_gldm_DependenceEntropy.nrrd,original_glrlm_GrayLevelVariance.nrrd,0.8938325844670784
3019,original_gldm_DependenceEntropy.nrrd,original_glrlm_HighGrayLevelRunEmphasis.nrrd,0.970412534004499
3020,original_gldm_DependenceEntropy.nrrd,original_glrlm_LongRunEmphasis.nrrd,0.9980329434967697
3021,original_gldm_DependenceEntropy.nrrd,original_glrlm_LongRunHighGrayLevelEmphasis.nrrd,0.9720911169524942
3022,original_gldm_DependenceEntropy.nrrd,original_glrlm_LongRunLowGrayLevelEmphasis.nrrd,0.8048761422746069
3023,original_gldm_DependenceEntropy.nrrd,original_glrlm_LowGrayLevelRunEmphasis.nrrd,0.7825914207001889
3024,original_gldm_DependenceEntropy.nrrd,original_glrlm_RunEntropy.nrrd,0.999466005478993
3025,original_gldm_DependenceEntropy.nrrd,original_glrlm_RunLengthNonUniformity.nrrd,0.9664179686790352
3026,original_gldm_DependenceEntropy.nrrd,original_glrlm_RunLengthNonUniformityNormalized.nrrd,0.9993190854321115
3027,original_gldm_DependenceEntropy.nrrd,original_glrlm_RunPercentage.nrrd,0.9993227534514207
3028,original_gldm_DependenceEntropy.nrrd,original_glrlm_RunVariance.nrrd,0.9535176051597193
3029,original_gldm_DependenceEntropy.nrrd,original_glrlm_ShortRunEmphasis.nrrd,0.9993088665661551
3030,original_gldm_DependenceEntropy.nrrd,original_glrlm_ShortRunHighGrayLevelEmphasis.nrrd,0.9698459709599233
3031,original_gldm_DependenceEntropy.nrrd,original_glrlm_ShortRunLowGrayLevelEmphasis.nrrd,0.7766113428485383
3032,original_gldm_DependenceEntropy.nrrd,original_glszm_GrayLevelNonUniformity.nrrd,0.9708008836630737
3033,original_gldm_DependenceEntropy.nrrd,original_glszm_GrayLevelNonUniformityNormalized.nrrd,0.9558842336031009
3034,original_gldm_DependenceEntropy.nrrd,original_glszm_GrayLevelVariance.nrrd,0.9128925580713938
3035,original_gldm_DependenceEntropy.nrrd,original_glszm_HighGrayLevelZoneEmphasis.nrrd,0.9714682813507213
3036,original_gldm_DependenceEntropy.nrrd,original_glszm_LargeAreaEmphasis.nrrd,0.771574898880559
3037,original_gldm_DependenceEntropy.nrrd,original_glszm_LargeAreaHighGrayLevelEmphasis.nrrd,0.7868681413383124
3038,original_gldm_DependenceEntropy.nrrd,original_glszm_LargeAreaLowGrayLevelEmphasis.nrrd,0.7666883860021187
3039,original_gldm_DependenceEntropy.nrrd,original_glszm_LowGrayLevelZoneEmphasis.nrrd,0.7118853271602112
3040,original_gldm_DependenceEntropy.nrrd,original_glszm_SizeZoneNonUniformity.nrrd,0.9274150999559152
3041,original_gldm_DependenceEntropy.nrrd,original_glszm_SizeZoneNonUniformityNormalized.nrrd,0.994202631359606
3042,original_gldm_DependenceEntropy.nrrd,original_glszm_SmallAreaEmphasis.nrrd,0.9984627679288783
3043,original_gldm_DependenceEntropy.nrrd,original_glszm_SmallAreaHighGrayLevelEmphasis.nrrd,0.9661409758765553
3044,original_gldm_DependenceEntropy.nrrd,original_glszm_SmallAreaLowGrayLevelEmphasis.nrrd,0.6493359598447942
3045,original_gldm_DependenceEntropy.nrrd,original_glszm_ZoneEntropy.nrrd,0.9999220130002828
3046,original_gldm_DependenceEntropy.nrrd,original_glszm_ZonePercentage.nrrd,0.9915612549320675
3047,original_gldm_DependenceEntropy.nrrd,original_glszm_ZoneVariance.nrrd,0.6309484626656834
3048,original_gldm_DependenceEntropy.nrrd,original_ngtdm_Busyness.nrrd,0.9572249165055298
3049,original_gldm_DependenceEntropy.nrrd,original_ngtdm_Coarseness.nrrd,0.8824388915222061
3050,original_gldm_DependenceEntropy.nrrd,original_ngtdm_Complexity.nrrd,0.8388088022884733
3051,original_gldm_DependenceEntropy.nrrd,original_ngtdm_Contrast.nrrd,0.9379165505632435
3052,original_gldm_DependenceEntropy.nrrd,original_ngtdm_Strength.nrrd,0.9333154031359441
3053,original_gldm_DependenceNonUniformity.nrrd,original_gldm_DependenceNonUniformityNormalized.nrrd,0.9650606532283406
3054,original_gldm_DependenceNonUniformity.nrrd,original_gldm_DependenceVariance.nrrd,0.8039829575395081
3055,original_gldm_DependenceNonUniformity.nrrd,original_gldm_GrayLevelNonUniformity.nrrd,0.9187764010556712
3056,original_gldm_DependenceNonUniformity.nrrd,original_gldm_GrayLevelVariance.nrrd,0.942296172108625
3057,original_gldm_DependenceNonUniformity.nrrd,original_gldm_HighGrayLevelEmphasis.nrrd,0.952284247945831
3058,original_gldm_DependenceNonUniformity.nrrd,original_gldm_LargeDependenceEmphasis.nrrd,0.8282402944503123
3059,original_gldm_DependenceNonUniformity.nrrd,original_gldm_LargeDependenceHighGrayLevelEmphasis.nrrd,0.8672747173202542
3060,original_gldm_DependenceNonUniformity.nrrd,original_gldm_LargeDependenceLowGrayLevelEmphasis.nrrd,0.769344220733397
3061,original_gldm_DependenceNonUniformity.nrrd,original_gldm_LowGrayLevelEmphasis.nrrd,0.7357681956128157
3062,original_gldm_DependenceNonUniformity.nrrd,original_gldm_SmallDependenceEmphasis.nrrd,0.9641875770312193
3063,original_gldm_DependenceNonUniformity.nrrd,original_gldm_SmallDependenceHighGrayLevelEmphasis.nrrd,0.9680139885651554
3064,original_gldm_DependenceNonUniformity.nrrd,original_gldm_SmallDependenceLowGrayLevelEmphasis.nrrd,0.6369273437744161
3065,original_gldm_DependenceNonUniformity.nrrd,original_glrlm_GrayLevelNonUniformity.nrrd,0.9248312966372328
3066,original_gldm_DependenceNonUniformity.nrrd,original_glrlm_GrayLevelNonUniformityNormalized.nrrd,0.8237516683399146
3067,original_gldm_DependenceNonUniformity.nrrd,original_glrlm_GrayLevelVariance.nrrd,0.9433051232625834
3068,original_gldm_DependenceNonUniformity.nrrd,original_glrlm_HighGrayLevelRunEmphasis.nrrd,0.9523675199806393
3069,original_gldm_DependenceNonUniformity.nrrd,original_glrlm_LongRunEmphasis.nrrd,0.9275199657939578
3070,original_gldm_DependenceNonUniformity.nrrd,original_glrlm_LongRunHighGrayLevelEmphasis.nrrd,0.9462690506823829
3071,original_gldm_DependenceNonUniformity.nrrd,original_glrlm_LongRunLowGrayLevelEmphasis.nrrd,0.7447813692603106
3072,original_gldm_DependenceNonUniformity.nrrd,original_glrlm_LowGrayLevelRunEmphasis.nrrd,0.7310617200988441
3073,original_gldm_DependenceNonUniformity.nrrd,original_glrlm_RunEntropy.nrrd,0.9524536427344654
3074,original_gldm_DependenceNonUniformity.nrrd,original_glrlm_RunLengthNonUniformity.nrrd,0.9920076128981394
3075,original_gldm_DependenceNonUniformity.nrrd,original_glrlm_RunLengthNonUniformityNormalized.nrrd,0.9417756105116247
3076,original_gldm_DependenceNonUniformity.nrrd,original_glrlm_RunPercentage.nrrd,0.9394281181992331
3077,original_gldm_DependenceNonUniformity.nrrd,original_glrlm_RunVariance.nrrd,0.8293094528997045
3078,original_gldm_DependenceNonUniformity.nrrd,original_glrlm_ShortRunEmphasis.nrrd,0.9387615497139105
3079,original_gldm_DependenceNonUniformity.nrrd,original_glrlm_ShortRunHighGrayLevelEmphasis.nrrd,0.9537474422969493
3080,original_gldm_DependenceNonUniformity.nrrd,original_glrlm_ShortRunLowGrayLevelEmphasis.nrrd,0.7271554770988262
3081,original_gldm_DependenceNonUniformity.nrrd,original_glszm_GrayLevelNonUniformity.nrrd,0.9713945251876975
3082,original_gldm_DependenceNonUniformity.nrrd,original_glszm_GrayLevelNonUniformityNormalized.nrrd,0.836188197512009
3083,original_gldm_DependenceNonUniformity.nrrd,original_glszm_GrayLevelVariance.nrrd,0.9534923606983312
3084,original_gldm_DependenceNonUniformity.nrrd,original_glszm_HighGrayLevelZoneEmphasis.nrrd,0.9527909824437234
3085,original_gldm_DependenceNonUniformity.nrrd,original_glszm_LargeAreaEmphasis.nrrd,0.6228394151370474
3086,original_gldm_DependenceNonUniformity.nrrd,original_glszm_LargeAreaHighGrayLevelEmphasis.nrrd,0.6687025416048641
3087,original_gldm_DependenceNonUniformity.nrrd,original_glszm_LargeAreaLowGrayLevelEmphasis.nrrd,0.6092693743916302
3088,original_gldm_DependenceNonUniformity.nrrd,original_glszm_LowGrayLevelZoneEmphasis.nrrd,0.6685204903581332
3089,original_gldm_DependenceNonUniformity.nrrd,original_glszm_SizeZoneNonUniformity.nrrd,0.9965040462502418
3090,original_gldm_DependenceNonUniformity.nrrd,original_glszm_SizeZoneNonUniformityNormalized.nrrd,0.9591963022560147
3091,original_gldm_DependenceNonUniformity.nrrd,original_glszm_SmallAreaEmphasis.nrrd,0.9498400975930942
3092,original_gldm_DependenceNonUniformity.nrrd,original_glszm_SmallAreaHighGrayLevelEmphasis.nrrd,0.9608195218560218
3093,original_gldm_DependenceNonUniformity.nrrd,original_glszm_SmallAreaLowGrayLevelEmphasis.nrrd,0.6203321604659934
3094,original_gldm_DependenceNonUniformity.nrrd,original_glszm_ZoneEntropy.nrrd,0.9474593646678692
3095,original_gldm_DependenceNonUniformity.nrrd,original_glszm_ZonePercentage.nrrd,0.9624096285868148
3096,original_gldm_DependenceNonUniformity.nrrd,original_glszm_ZoneVariance.nrrd,0.48045743186929724
3097,original_gldm_DependenceNonUniformity.nrrd,original_ngtdm_Busyness.nrrd,0.8972243053036124
3098,original_gldm_DependenceNonUniformity.nrrd,original_ngtdm_Coarseness.nrrd,0.7212460727136714
3099,original_gldm_DependenceNonUniformity.nrrd,original_ngtdm_Complexity.nrrd,0.9323132613062213
3100,original_gldm_DependenceNonUniformity.nrrd,original_ngtdm_Contrast.nrrd,0.9345875539641815
3101,original_gldm_DependenceNonUniformity.nrrd,original_ngtdm_Strength.nrrd,0.9014210947624117
3102,original_gldm_DependenceNonUniformityNormalized.nrrd,original_gldm_DependenceVariance.nrrd,0.8740462887591438
3103,original_gldm_DependenceNonUniformityNormalized.nrrd,original_gldm_GrayLevelNonUniformity.nrrd,0.9259113921778044
3104,original_gldm_DependenceNonUniformityNormalized.nrrd,original_gldm_GrayLevelVariance.nrrd,0.9251995076264924
3105,original_gldm_DependenceNonUniformityNormalized.nrrd,original_gldm_HighGrayLevelEmphasis.nrrd,0.9654357849490733
3106,original_gldm_DependenceNonUniformityNormalized.nrrd,original_gldm_LargeDependenceEmphasis.nrrd,0.8981574005652179
3107,original_gldm_DependenceNonUniformityNormalized.nrrd,original_gldm_LargeDependenceHighGrayLevelEmphasis.nrrd,0.9056009633077142
3108,original_gldm_DependenceNonUniformityNormalized.nrrd,original_gldm_LargeDependenceLowGrayLevelEmphasis.nrrd,0.861400939281967
3109,original_gldm_DependenceNonUniformityNormalized.nrrd,original_gldm_LowGrayLevelEmphasis.nrrd,0.8008277231823986
3110,original_gldm_DependenceNonUniformityNormalized.nrrd,original_gldm_SmallDependenceEmphasis.nrrd,0.9993721168985431
3111,original_gldm_DependenceNonUniformityNormalized.nrrd,original_gldm_SmallDependenceHighGrayLevelEmphasis.nrrd,0.9659454010797333
3112,original_gldm_DependenceNonUniformityNormalized.nrrd,original_gldm_SmallDependenceLowGrayLevelEmphasis.nrrd,0.6842452370438707
3113,original_gldm_DependenceNonUniformityNormalized.nrrd,original_glrlm_GrayLevelNonUniformity.nrrd,0.9307988997875356
3114,original_gldm_DependenceNonUniformityNormalized.nrrd,original_glrlm_GrayLevelNonUniformityNormalized.nrrd,0.9096223607305358
3115,original_gldm_DependenceNonUniformityNormalized.nrrd,original_glrlm_GrayLevelVariance.nrrd,0.9266643786465625
3116,original_gldm_DependenceNonUniformityNormalized.nrrd,original_glrlm_HighGrayLevelRunEmphasis.nrrd,0.9654924406204558
3117,original_gldm_DependenceNonUniformityNormalized.nrrd,original_glrlm_LongRunEmphasis.nrrd,0.9799338804127056
3118,original_gldm_DependenceNonUniformityNormalized.nrrd,original_glrlm_LongRunHighGrayLevelEmphasis.nrrd,0.9626126941497921
3119,original_gldm_DependenceNonUniformityNormalized.nrrd,original_glrlm_LongRunLowGrayLevelEmphasis.nrrd,0.8129574818568083
3120,original_gldm_DependenceNonUniformityNormalized.nrrd,original_glrlm_LowGrayLevelRunEmphasis.nrrd,0.7956786170642031
3121,original_gldm_DependenceNonUniformityNormalized.nrrd,original_glrlm_RunEntropy.nrrd,0.9920204087188689
3122,original_gldm_DependenceNonUniformityNormalized.nrrd,original_glrlm_RunLengthNonUniformity.nrrd,0.9669984277964551
3123,original_gldm_DependenceNonUniformityNormalized.nrrd,original_glrlm_RunLengthNonUniformityNormalized.nrrd,0.9894781471828966
3124,original_gldm_DependenceNonUniformityNormalized.nrrd,original_glrlm_RunPercentage.nrrd,0.9879926371804058
3125,original_gldm_DependenceNonUniformityNormalized.nrrd,original_glrlm_RunVariance.nrrd,0.9000060950726575
3126,original_gldm_DependenceNonUniformityNormalized.nrrd,original_glrlm_ShortRunEmphasis.nrrd,0.9875556479236033
3127,original_gldm_DependenceNonUniformityNormalized.nrrd,original_glrlm_ShortRunHighGrayLevelEmphasis.nrrd,0.9660606092313193
3128,original_gldm_DependenceNonUniformityNormalized.nrrd,original_glrlm_ShortRunLowGrayLevelEmphasis.nrrd,0.7908854858869788
3129,original_gldm_DependenceNonUniformityNormalized.nrrd,original_glszm_GrayLevelNonUniformity.nrrd,0.9652372879624855
3130,original_gldm_DependenceNonUniformityNormalized.nrrd,original_glszm_GrayLevelNonUniformityNormalized.nrrd,0.9224800121171549
3131,original_gldm_DependenceNonUniformityNormalized.nrrd,original_glszm_GrayLevelVariance.nrrd,0.9424136676307228
3132,original_gldm_DependenceNonUniformityNormalized.nrrd,original_glszm_HighGrayLevelZoneEmphasis.nrrd,0.9656226969067734
3133,original_gldm_DependenceNonUniformityNormalized.nrrd,original_glszm_LargeAreaEmphasis.nrrd,0.6887277250186141
3134,original_gldm_DependenceNonUniformityNormalized.nrrd,original_glszm_LargeAreaHighGrayLevelEmphasis.nrrd,0.7118511593281656
3135,original_gldm_DependenceNonUniformityNormalized.nrrd,original_glszm_LargeAreaLowGrayLevelEmphasis.nrrd,0.6936037429161734
3136,original_gldm_DependenceNonUniformityNormalized.nrrd,original_glszm_LowGrayLevelZoneEmphasis.nrrd,0.727318697988081
3137,original_gldm_DependenceNonUniformityNormalized.nrrd,original_glszm_SizeZoneNonUniformity.nrrd,0.9547394839292243
3138,original_gldm_DependenceNonUniformityNormalized.nrrd,original_glszm_SizeZoneNonUniformityNormalized.nrrd,0.996685355841009
3139,original_gldm_DependenceNonUniformityNormalized.nrrd,original_glszm_SmallAreaEmphasis.nrrd,0.9932381409787784
3140,original_gldm_DependenceNonUniformityNormalized.nrrd,original_glszm_SmallAreaHighGrayLevelEmphasis.nrrd,0.9668923099326466
3141,original_gldm_DependenceNonUniformityNormalized.nrrd,original_glszm_SmallAreaLowGrayLevelEmphasis.nrrd,0.6708958732595471
3142,original_gldm_DependenceNonUniformityNormalized.nrrd,original_glszm_ZoneEntropy.nrrd,0.9887532174664098
3143,original_gldm_DependenceNonUniformityNormalized.nrrd,original_glszm_ZonePercentage.nrrd,0.9993275976700856
3144,original_gldm_DependenceNonUniformityNormalized.nrrd,original_glszm_ZoneVariance.nrrd,0.5389989921419044
3145,original_gldm_DependenceNonUniformityNormalized.nrrd,original_ngtdm_Busyness.nrrd,0.9312224974791409
3146,original_gldm_DependenceNonUniformityNormalized.nrrd,original_ngtdm_Coarseness.nrrd,0.8560696336199894
3147,original_gldm_DependenceNonUniformityNormalized.nrrd,original_ngtdm_Complexity.nrrd,0.8924074093419317
3148,original_gldm_DependenceNonUniformityNormalized.nrrd,original_ngtdm_Contrast.nrrd,0.9644051681485223
3149,original_gldm_DependenceNonUniformityNormalized.nrrd,original_ngtdm_Strength.nrrd,0.945801277579231
3150,original_gldm_DependenceVariance.nrrd,original_gldm_GrayLevelNonUniformity.nrrd,0.9328973363173872
3151,original_gldm_DependenceVariance.nrrd,original_gldm_GrayLevelVariance.nrrd,0.73306487315288
3152,original_gldm_DependenceVariance.nrrd,original_gldm_HighGrayLevelEmphasis.nrrd,0.8853543851775286
3153,original_gldm_DependenceVariance.nrrd,original_gldm_LargeDependenceEmphasis.nrrd,0.9948675941537536
3154,original_gldm_DependenceVariance.nrrd,original_gldm_LargeDependenceHighGrayLevelEmphasis.nrrd,0.963194768497891
3155,original_gldm_DependenceVariance.nrrd,original_gldm_LargeDependenceLowGrayLevelEmphasis.nrrd,0.9328012770566251
3156,original_gldm_DependenceVariance.nrrd,original_gldm_LowGrayLevelEmphasis.nrrd,0.7108739812311657
3157,original_gldm_DependenceVariance.nrrd,original_gldm_SmallDependenceEmphasis.nrrd,0.8833008721849951
3158,original_gldm_DependenceVariance.nrrd,original_gldm_SmallDependenceHighGrayLevelEmphasis.nrrd,0.8272694973841447
3159,original_gldm_DependenceVariance.nrrd,original_gldm_SmallDependenceLowGrayLevelEmphasis.nrrd,0.555151506354815
3160,original_gldm_DependenceVariance.nrrd,original_glrlm_GrayLevelNonUniformity.nrrd,0.9290112241472039
3161,original_gldm_DependenceVariance.nrrd,original_glrlm_GrayLevelNonUniformityNormalized.nrrd,0.9656348596012044
3162,original_gldm_DependenceVariance.nrrd,original_glrlm_GrayLevelVariance.nrrd,0.7354426801623132
3163,original_gldm_DependenceVariance.nrrd,original_glrlm_HighGrayLevelRunEmphasis.nrrd,0.8854447475618095
3164,original_gldm_DependenceVariance.nrrd,original_glrlm_LongRunEmphasis.nrrd,0.94849525574838
3165,original_gldm_DependenceVariance.nrrd,original_glrlm_LongRunHighGrayLevelEmphasis.nrrd,0.8980745951418376
3166,original_gldm_DependenceVariance.nrrd,original_glrlm_LongRunLowGrayLevelEmphasis.nrrd,0.7361787797543202
3167,original_gldm_DependenceVariance.nrrd,original_glrlm_LowGrayLevelRunEmphasis.nrrd,0.7056524606553708
3168,original_gldm_DependenceVariance.nrrd,original_glrlm_RunEntropy.nrrd,0.9225125622036412
3169,original_gldm_DependenceVariance.nrrd,original_glrlm_RunLengthNonUniformity.nrrd,0.8592824900783721
3170,original_gldm_DependenceVariance.nrrd,original_glrlm_RunLengthNonUniformityNormalized.nrrd,0.9304289946878982
3171,original_gldm_DependenceVariance.nrrd,original_glrlm_RunPercentage.nrrd,0.9338329070577915
3172,original_gldm_DependenceVariance.nrrd,original_glrlm_RunVariance.nrrd,0.99167285141186
3173,original_gldm_DependenceVariance.nrrd,original_glrlm_ShortRunEmphasis.nrrd,0.9348079304677991
3174,original_gldm_DependenceVariance.nrrd,original_glrlm_ShortRunHighGrayLevelEmphasis.nrrd,0.8821982710111262
3175,original_gldm_DependenceVariance.nrrd,original_glrlm_ShortRunLowGrayLevelEmphasis.nrrd,0.6978007291736243
3176,original_gldm_DependenceVariance.nrrd,original_glszm_GrayLevelNonUniformity.nrrd,0.8819941799389059
3177,original_gldm_DependenceVariance.nrrd,original_glszm_GrayLevelNonUniformityNormalized.nrrd,0.9571154831054886
3178,original_gldm_DependenceVariance.nrrd,original_glszm_GrayLevelVariance.nrrd,0.761759187973083
3179,original_gldm_DependenceVariance.nrrd,original_glszm_HighGrayLevelZoneEmphasis.nrrd,0.8865339036474437
3180,original_gldm_DependenceVariance.nrrd,original_glszm_LargeAreaEmphasis.nrrd,0.9130202235706536
3181,original_gldm_DependenceVariance.nrrd,original_glszm_LargeAreaHighGrayLevelEmphasis.nrrd,0.9068536168196145
3182,original_gldm_DependenceVariance.nrrd,original_glszm_LargeAreaLowGrayLevelEmphasis.nrrd,0.8879982139668634
3183,original_gldm_DependenceVariance.nrrd,original_glszm_LowGrayLevelZoneEmphasis.nrrd,0.6378114539013487
3184,original_gldm_DependenceVariance.nrrd,original_glszm_SizeZoneNonUniformity.nrrd,0.774002545096439
3185,original_gldm_DependenceVariance.nrrd,original_glszm_SizeZoneNonUniformityNormalized.nrrd,0.9039580307083751
3186,original_gldm_DependenceVariance.nrrd,original_glszm_SmallAreaEmphasis.nrrd,0.9221261684532194
3187,original_gldm_DependenceVariance.nrrd,original_glszm_SmallAreaHighGrayLevelEmphasis.nrrd,0.8683846541742506
3188,original_gldm_DependenceVariance.nrrd,original_glszm_SmallAreaLowGrayLevelEmphasis.nrrd,0.5693883967762646
3189,original_gldm_DependenceVariance.nrrd,original_glszm_ZoneEntropy.nrrd,0.9303480931945693
3190,original_gldm_DependenceVariance.nrrd,original_glszm_ZonePercentage.nrrd,0.8861080219306969
3191,original_gldm_DependenceVariance.nrrd,original_glszm_ZoneVariance.nrrd,0.816299604014414
3192,original_gldm_DependenceVariance.nrrd,original_ngtdm_Busyness.nrrd,0.9199158913443338
3193,original_gldm_DependenceVariance.nrrd,original_ngtdm_Coarseness.nrrd,0.8885109655429868
3194,original_gldm_DependenceVariance.nrrd,original_ngtdm_Complexity.nrrd,0.6500268609679162
3195,original_gldm_DependenceVariance.nrrd,original_ngtdm_Contrast.nrrd,0.8029323504318711
3196,original_gldm_DependenceVariance.nrrd,original_ngtdm_Strength.nrrd,0.8246859506080545
3197,original_gldm_GrayLevelNonUniformity.nrrd,original_gldm_GrayLevelVariance.nrrd,0.7937758766852889
3198,original_gldm_GrayLevelNonUniformity.nrrd,original_gldm_HighGrayLevelEmphasis.nrrd,0.9238170598508433
3199,original_gldm_GrayLevelNonUniformity.nrrd,original_gldm_LargeDependenceEmphasis.nrrd,0.9481975890006753
3200,original_gldm_GrayLevelNonUniformity.nrrd,original_gldm_LargeDependenceHighGrayLevelEmphasis.nrrd,0.9366087767778961
3201,original_gldm_GrayLevelNonUniformity.nrrd,original_gldm_LargeDependenceLowGrayLevelEmphasis.nrrd,0.8810466915704839
3202,original_gldm_GrayLevelNonUniformity.nrrd,original_gldm_LowGrayLevelEmphasis.nrrd,0.7203893164857124
3203,original_gldm_GrayLevelNonUniformity.nrrd,original_gldm_SmallDependenceEmphasis.nrrd,0.930980788426121
3204,original_gldm_GrayLevelNonUniformity.nrrd,original_gldm_SmallDependenceHighGrayLevelEmphasis.nrrd,0.8909619481086548
3205,original_gldm_GrayLevelNonUniformity.nrrd,original_gldm_SmallDependenceLowGrayLevelEmphasis.nrrd,0.5779298746656406
3206,original_gldm_GrayLevelNonUniformity.nrrd,original_glrlm_GrayLevelNonUniformity.nrrd,0.999804671465919
3207,original_gldm_GrayLevelNonUniformity.nrrd,original_glrlm_GrayLevelNonUniformityNormalized.nrrd,0.9439718402231643
3208,original_gldm_GrayLevelNonUniformity.nrrd,original_glrlm_GrayLevelVariance.nrrd,0.7962144105336267
3209,original_gldm_GrayLevelNonUniformity.nrrd,original_glrlm_HighGrayLevelRunEmphasis.nrrd,0.9240235037115316
3210,original_gldm_GrayLevelNonUniformity.nrrd,original_glrlm_LongRunEmphasis.nrrd,0.961131701553052
3211,original_gldm_GrayLevelNonUniformity.nrrd,original_glrlm_LongRunHighGrayLevelEmphasis.nrrd,0.9295115750799018
3212,original_gldm_GrayLevelNonUniformity.nrrd,original_glrlm_LongRunLowGrayLevelEmphasis.nrrd,0.7404770432258341
3213,original_gldm_GrayLevelNonUniformity.nrrd,original_glrlm_LowGrayLevelRunEmphasis.nrrd,0.7149976750367457
3214,original_gldm_GrayLevelNonUniformity.nrrd,original_glrlm_RunEntropy.nrrd,0.9517027609232404
3215,original_gldm_GrayLevelNonUniformity.nrrd,original_glrlm_RunLengthNonUniformity.nrrd,0.9569235327924925
3216,original_gldm_GrayLevelNonUniformity.nrrd,original_glrlm_RunLengthNonUniformityNormalized.nrrd,0.9552919343239734
3217,original_gldm_GrayLevelNonUniformity.nrrd,original_glrlm_RunPercentage.nrrd,0.9565831512984844
3218,original_gldm_GrayLevelNonUniformity.nrrd,original_glrlm_RunVariance.nrrd,0.9490479929095513
3219,original_gldm_GrayLevelNonUniformity.nrrd,original_glrlm_ShortRunEmphasis.nrrd,0.9569356295994025
3220,original_gldm_GrayLevelNonUniformity.nrrd,original_glrlm_ShortRunHighGrayLevelEmphasis.nrrd,0.9225173824514611
3221,original_gldm_GrayLevelNonUniformity.nrrd,original_glrlm_ShortRunLowGrayLevelEmphasis.nrrd,0.7082826216312829
3222,original_gldm_GrayLevelNonUniformity.nrrd,original_glszm_GrayLevelNonUniformity.nrrd,0.9788028862136217
3223,original_gldm_GrayLevelNonUniformity.nrrd,original_glszm_GrayLevelNonUniformityNormalized.nrrd,0.9396735815103519
3224,original_gldm_GrayLevelNonUniformity.nrrd,original_glszm_GrayLevelVariance.nrrd,0.8254141079601265
3225,original_gldm_GrayLevelNonUniformity.nrrd,original_glszm_HighGrayLevelZoneEmphasis.nrrd,0.9263262940632946
3226,original_gldm_GrayLevelNonUniformity.nrrd,original_glszm_LargeAreaEmphasis.nrrd,0.8331309249692541
3227,original_gldm_GrayLevelNonUniformity.nrrd,original_glszm_LargeAreaHighGrayLevelEmphasis.nrrd,0.8440385330187242
3228,original_gldm_GrayLevelNonUniformity.nrrd,original_glszm_LargeAreaLowGrayLevelEmphasis.nrrd,0.8030946417714523
3229,original_gldm_GrayLevelNonUniformity.nrrd,original_glszm_LowGrayLevelZoneEmphasis.nrrd,0.6455193814211144
3230,original_gldm_GrayLevelNonUniformity.nrrd,original_glszm_SizeZoneNonUniformity.nrrd,0.89265345641958
3231,original_gldm_GrayLevelNonUniformity.nrrd,original_glszm_SizeZoneNonUniformityNormalized.nrrd,0.9417733722865135
3232,original_gldm_GrayLevelNonUniformity.nrrd,original_glszm_SmallAreaEmphasis.nrrd,0.9516163496789519
3233,original_gldm_GrayLevelNonUniformity.nrrd,original_glszm_SmallAreaHighGrayLevelEmphasis.nrrd,0.916907360362259
3234,original_gldm_GrayLevelNonUniformity.nrrd,original_glszm_SmallAreaLowGrayLevelEmphasis.nrrd,0.5813614194077101
3235,original_gldm_GrayLevelNonUniformity.nrrd,original_glszm_ZoneEntropy.nrrd,0.9581384824541401
3236,original_gldm_GrayLevelNonUniformity.nrrd,original_glszm_ZonePercentage.nrrd,0.9325665717689833
3237,original_gldm_GrayLevelNonUniformity.nrrd,original_glszm_ZoneVariance.nrrd,0.7205561380713866
3238,original_gldm_GrayLevelNonUniformity.nrrd,original_ngtdm_Busyness.nrrd,0.9648171772002122
3239,original_gldm_GrayLevelNonUniformity.nrrd,original_ngtdm_Coarseness.nrrd,0.7920155891811346
3240,original_gldm_GrayLevelNonUniformity.nrrd,original_ngtdm_Complexity.nrrd,0.7644507715941466
3241,original_gldm_GrayLevelNonUniformity.nrrd,original_ngtdm_Contrast.nrrd,0.8365365032155336
3242,original_gldm_GrayLevelNonUniformity.nrrd,original_ngtdm_Strength.nrrd,0.8355785149403082
3243,original_gldm_GrayLevelVariance.nrrd,original_gldm_HighGrayLevelEmphasis.nrrd,0.9174901823476173
3244,original_gldm_GrayLevelVariance.nrrd,original_gldm_LargeDependenceEmphasis.nrrd,0.7519221937162449
3245,original_gldm_GrayLevelVariance.nrrd,original_gldm_LargeDependenceHighGrayLevelEmphasis.nrrd,0.815741055643455
3246,original_gldm_GrayLevelVariance.nrrd,original_gldm_LargeDependenceLowGrayLevelEmphasis.nrrd,0.7193347722762733
3247,original_gldm_GrayLevelVariance.nrrd,original_gldm_LowGrayLevelEmphasis.nrrd,0.7525190431801987
3248,original_gldm_GrayLevelVariance.nrrd,original_gldm_SmallDependenceEmphasis.nrrd,0.9229503091707029
3249,original_gldm_GrayLevelVariance.nrrd,original_gldm_SmallDependenceHighGrayLevelEmphasis.nrrd,0.9464506923993989
3250,original_gldm_GrayLevelVariance.nrrd,original_gldm_SmallDependenceLowGrayLevelEmphasis.nrrd,0.6827137155499645
3251,original_gldm_GrayLevelVariance.nrrd,original_glrlm_GrayLevelNonUniformity.nrrd,0.8002996437230282
3252,original_gldm_GrayLevelVariance.nrrd,original_glrlm_GrayLevelNonUniformityNormalized.nrrd,0.727736826581872
3253,original_gldm_GrayLevelVariance.nrrd,original_glrlm_GrayLevelVariance.nrrd,0.9999667631853455
3254,original_gldm_GrayLevelVariance.nrrd,original_glrlm_HighGrayLevelRunEmphasis.nrrd,0.9173396251228825
3255,original_gldm_GrayLevelVariance.nrrd,original_glrlm_LongRunEmphasis.nrrd,0.8662585736831492
3256,original_gldm_GrayLevelVariance.nrrd,original_glrlm_LongRunHighGrayLevelEmphasis.nrrd,0.90885422462465
3257,original_gldm_GrayLevelVariance.nrrd,original_glrlm_LongRunLowGrayLevelEmphasis.nrrd,0.7560182366623921
3258,original_gldm_GrayLevelVariance.nrrd,original_glrlm_LowGrayLevelRunEmphasis.nrrd,0.748839529789807
3259,original_gldm_GrayLevelVariance.nrrd,original_glrlm_RunEntropy.nrrd,0.9043016657669064
3260,original_gldm_GrayLevelVariance.nrrd,original_glrlm_RunLengthNonUniformity.nrrd,0.9178788231572238
3261,original_gldm_GrayLevelVariance.nrrd,original_glrlm_RunLengthNonUniformityNormalized.nrrd,0.8852392340317827
3262,original_gldm_GrayLevelVariance.nrrd,original_glrlm_RunPercentage.nrrd,0.8819650838304107
3263,original_gldm_GrayLevelVariance.nrrd,original_glrlm_RunVariance.nrrd,0.750796790549233
3264,original_gldm_GrayLevelVariance.nrrd,original_glrlm_ShortRunEmphasis.nrrd,0.8810563672138508
3265,original_gldm_GrayLevelVariance.nrrd,original_glrlm_ShortRunHighGrayLevelEmphasis.nrrd,0.9193345945890021
3266,original_gldm_GrayLevelVariance.nrrd,original_glrlm_ShortRunLowGrayLevelEmphasis.nrrd,0.7465705320985575
3267,original_gldm_GrayLevelVariance.nrrd,original_glszm_GrayLevelNonUniformity.nrrd,0.8617831510749472
3268,original_gldm_GrayLevelVariance.nrrd,original_glszm_GrayLevelNonUniformityNormalized.nrrd,0.7422156770428747
3269,original_gldm_GrayLevelVariance.nrrd,original_glszm_GrayLevelVariance.nrrd,0.9944096449481232
3270,original_gldm_GrayLevelVariance.nrrd,original_glszm_HighGrayLevelZoneEmphasis.nrrd,0.9147553539711654
3271,original_gldm_GrayLevelVariance.nrrd,original_glszm_LargeAreaEmphasis.nrrd,0.5384943915986913
3272,original_gldm_GrayLevelVariance.nrrd,original_glszm_LargeAreaHighGrayLevelEmphasis.nrrd,0.6008576446674523
3273,original_gldm_GrayLevelVariance.nrrd,original_glszm_LargeAreaLowGrayLevelEmphasis.nrrd,0.5465222344981223
3274,original_gldm_GrayLevelVariance.nrrd,original_glszm_LowGrayLevelZoneEmphasis.nrrd,0.6967517208368608
3275,original_gldm_GrayLevelVariance.nrrd,original_glszm_SizeZoneNonUniformity.nrrd,0.9509226691178593
3276,original_gldm_GrayLevelVariance.nrrd,original_glszm_SizeZoneNonUniformityNormalized.nrrd,0.9149997873846191
3277,original_gldm_GrayLevelVariance.nrrd,original_glszm_SmallAreaEmphasis.nrrd,0.898233734619308
3278,original_gldm_GrayLevelVariance.nrrd,original_glszm_SmallAreaHighGrayLevelEmphasis.nrrd,0.9281736000920691
3279,original_gldm_GrayLevelVariance.nrrd,original_glszm_SmallAreaLowGrayLevelEmphasis.nrrd,0.6593812671253811
3280,original_gldm_GrayLevelVariance.nrrd,original_glszm_ZoneEntropy.nrrd,0.8927983203263559
3281,original_gldm_GrayLevelVariance.nrrd,original_glszm_ZonePercentage.nrrd,0.9193892594556083
3282,original_gldm_GrayLevelVariance.nrrd,original_glszm_ZoneVariance.nrrd,0.40034619090069223
3283,original_gldm_GrayLevelVariance.nrrd,original_ngtdm_Busyness.nrrd,0.7809562510115295
3284,original_gldm_GrayLevelVariance.nrrd,original_ngtdm_Coarseness.nrrd,0.7060495639718795
3285,original_gldm_GrayLevelVariance.nrrd,original_ngtdm_Complexity.nrrd,0.9555866936762417
3286,original_gldm_GrayLevelVariance.nrrd,original_ngtdm_Contrast.nrrd,0.965559276544647
3287,original_gldm_GrayLevelVariance.nrrd,original_ngtdm_Strength.nrrd,0.9386544221240265
3288,original_gldm_HighGrayLevelEmphasis.nrrd,original_gldm_LargeDependenceEmphasis.nrrd,0.9031922396503042
3289,original_gldm_HighGrayLevelEmphasis.nrrd,original_gldm_LargeDependenceHighGrayLevelEmphasis.nrrd,0.9595999800305948
3290,original_gldm_HighGrayLevelEmphasis.nrrd,original_gldm_LargeDependenceLowGrayLevelEmphasis.nrrd,0.8023085413694181
3291,original_gldm_HighGrayLevelEmphasis.nrrd,original_gldm_LowGrayLevelEmphasis.nrrd,0.6967045913872465
3292,original_gldm_HighGrayLevelEmphasis.nrrd,original_gldm_SmallDependenceEmphasis.nrrd,0.9667999668687561
3293,original_gldm_HighGrayLevelEmphasis.nrrd,original_gldm_SmallDependenceHighGrayLevelEmphasis.nrrd,0.9905703646899777
3294,original_gldm_HighGrayLevelEmphasis.nrrd,original_gldm_SmallDependenceLowGrayLevelEmphasis.nrrd,0.5750264007425957
3295,original_gldm_HighGrayLevelEmphasis.nrrd,original_glrlm_GrayLevelNonUniformity.nrrd,0.9272114476588219
3296,original_gldm_HighGrayLevelEmphasis.nrrd,original_glrlm_GrayLevelNonUniformityNormalized.nrrd,0.8898623237026402
3297,original_gldm_HighGrayLevelEmphasis.nrrd,original_glrlm_GrayLevelVariance.nrrd,0.9183307690958391
3298,original_gldm_HighGrayLevelEmphasis.nrrd,original_glrlm_HighGrayLevelRunEmphasis.nrrd,0.9999967486653952
3299,original_gldm_HighGrayLevelEmphasis.nrrd,original_glrlm_LongRunEmphasis.nrrd,0.9621718094769607
3300,original_gldm_HighGrayLevelEmphasis.nrrd,original_glrlm_LongRunHighGrayLevelEmphasis.nrrd,0.9994686748625596
3301,original_gldm_HighGrayLevelEmphasis.nrrd,original_glrlm_LongRunLowGrayLevelEmphasis.nrrd,0.7115596974276127
3302,original_gldm_HighGrayLevelEmphasis.nrrd,original_glrlm_LowGrayLevelRunEmphasis.nrrd,0.6915488351051436
3303,original_gldm_HighGrayLevelEmphasis.nrrd,original_glrlm_RunEntropy.nrrd,0.9722371110301344
3304,original_gldm_HighGrayLevelEmphasis.nrrd,original_glrlm_RunLengthNonUniformity.nrrd,0.963540116043335
3305,original_gldm_HighGrayLevelEmphasis.nrrd,original_glrlm_RunLengthNonUniformityNormalized.nrrd,0.9669410324215553
3306,original_gldm_HighGrayLevelEmphasis.nrrd,original_glrlm_RunPercentage.nrrd,0.9663243333740698
3307,original_gldm_HighGrayLevelEmphasis.nrrd,original_glrlm_RunVariance.nrrd,0.9035475058845895
3308,original_gldm_HighGrayLevelEmphasis.nrrd,original_glrlm_ShortRunEmphasis.nrrd,0.9661295478924116
3309,original_gldm_HighGrayLevelEmphasis.nrrd,original_glrlm_ShortRunHighGrayLevelEmphasis.nrrd,0.9999613412593833
3310,original_gldm_HighGrayLevelEmphasis.nrrd,original_glrlm_ShortRunLowGrayLevelEmphasis.nrrd,0.6861408286159776
3311,original_gldm_HighGrayLevelEmphasis.nrrd,original_glszm_GrayLevelNonUniformity.nrrd,0.9492705321805849
3312,original_gldm_HighGrayLevelEmphasis.nrrd,original_glszm_GrayLevelNonUniformityNormalized.nrrd,0.8999630643307214
3313,original_gldm_HighGrayLevelEmphasis.nrrd,original_glszm_GrayLevelVariance.nrrd,0.9259420339800987
3314,original_gldm_HighGrayLevelEmphasis.nrrd,original_glszm_HighGrayLevelZoneEmphasis.nrrd,0.9993934566177385
3315,original_gldm_HighGrayLevelEmphasis.nrrd,original_glszm_LargeAreaEmphasis.nrrd,0.7198430105307754
3316,original_gldm_HighGrayLevelEmphasis.nrrd,original_glszm_LargeAreaHighGrayLevelEmphasis.nrrd,0.7793725832244576
3317,original_gldm_HighGrayLevelEmphasis.nrrd,original_glszm_LargeAreaLowGrayLevelEmphasis.nrrd,0.6734952476809745
3318,original_gldm_HighGrayLevelEmphasis.nrrd,original_glszm_LowGrayLevelZoneEmphasis.nrrd,0.6246854332911557
3319,original_gldm_HighGrayLevelEmphasis.nrrd,original_glszm_SizeZoneNonUniformity.nrrd,0.9384896248650272
3320,original_gldm_HighGrayLevelEmphasis.nrrd,original_glszm_SizeZoneNonUniformityNormalized.nrrd,0.9684806750336817
3321,original_gldm_HighGrayLevelEmphasis.nrrd,original_glszm_SmallAreaEmphasis.nrrd,0.9687650521813378
3322,original_gldm_HighGrayLevelEmphasis.nrrd,original_glszm_SmallAreaHighGrayLevelEmphasis.nrrd,0.9978736464339719
3323,original_gldm_HighGrayLevelEmphasis.nrrd,original_glszm_SmallAreaLowGrayLevelEmphasis.nrrd,0.5682149036379784
3324,original_gldm_HighGrayLevelEmphasis.nrrd,original_glszm_ZoneEntropy.nrrd,0.9700464541398736
3325,original_gldm_HighGrayLevelEmphasis.nrrd,original_glszm_ZonePercentage.nrrd,0.9670866360217745
3326,original_gldm_HighGrayLevelEmphasis.nrrd,original_glszm_ZoneVariance.nrrd,0.5822080022840608
3327,original_gldm_HighGrayLevelEmphasis.nrrd,original_ngtdm_Busyness.nrrd,0.9068443783790126
3328,original_gldm_HighGrayLevelEmphasis.nrrd,original_ngtdm_Coarseness.nrrd,0.8312525093970433
3329,original_gldm_HighGrayLevelEmphasis.nrrd,original_ngtdm_Complexity.nrrd,0.8512120107981079
3330,original_gldm_HighGrayLevelEmphasis.nrrd,original_ngtdm_Contrast.nrrd,0.9416224017106397
3331,original_gldm_HighGrayLevelEmphasis.nrrd,original_ngtdm_Strength.nrrd,0.9149782979725215
3332,original_gldm_LargeDependenceEmphasis.nrrd,original_gldm_LargeDependenceHighGrayLevelEmphasis.nrrd,0.9664027308488395
3333,original_gldm_LargeDependenceEmphasis.nrrd,original_gldm_LargeDependenceLowGrayLevelEmphasis.nrrd,0.9423535239571292
3334,original_gldm_LargeDependenceEmphasis.nrrd,original_gldm_LowGrayLevelEmphasis.nrrd,0.7247741070106
3335,original_gldm_LargeDependenceEmphasis.nrrd,original_gldm_SmallDependenceEmphasis.nrrd,0.9049457897918796
3336,original_gldm_LargeDependenceEmphasis.nrrd,original_gldm_SmallDependenceHighGrayLevelEmphasis.nrrd,0.8478387621438711
3337,original_gldm_LargeDependenceEmphasis.nrrd,original_gldm_SmallDependenceLowGrayLevelEmphasis.nrrd,0.5655909062291434
3338,original_gldm_LargeDependenceEmphasis.nrrd,original_glrlm_GrayLevelNonUniformity.nrrd,0.9453216998359109
3339,original_gldm_LargeDependenceEmphasis.nrrd,original_glrlm_GrayLevelNonUniformityNormalized.nrrd,0.9793901865595271
3340,original_gldm_LargeDependenceEmphasis.nrrd,original_glrlm_GrayLevelVariance.nrrd,0.7541370820517166
3341,original_gldm_LargeDependenceEmphasis.nrrd,original_glrlm_HighGrayLevelRunEmphasis.nrrd,0.903334211655491
3342,original_gldm_LargeDependenceEmphasis.nrrd,original_glrlm_LongRunEmphasis.nrrd,0.9664686438521907
3343,original_gldm_LargeDependenceEmphasis.nrrd,original_glrlm_LongRunHighGrayLevelEmphasis.nrrd,0.9146165738883762
3344,original_gldm_LargeDependenceEmphasis.nrrd,original_glrlm_LongRunLowGrayLevelEmphasis.nrrd,0.7498790413966774
3345,original_gldm_LargeDependenceEmphasis.nrrd,original_glrlm_LowGrayLevelRunEmphasis.nrrd,0.7192470025663354
3346,original_gldm_LargeDependenceEmphasis.nrrd,original_glrlm_RunEntropy.nrrd,0.9423110270967981
3347,original_gldm_LargeDependenceEmphasis.nrrd,original_glrlm_RunLengthNonUniformity.nrrd,0.880585423415672
3348,original_gldm_LargeDependenceEmphasis.nrrd,original_glrlm_RunLengthNonUniformityNormalized.nrrd,0.9504538925643019
3349,original_gldm_LargeDependenceEmphasis.nrrd,original_glrlm_RunPercentage.nrrd,0.9535216606441247
3350,original_gldm_LargeDependenceEmphasis.nrrd,original_glrlm_RunVariance.nrrd,0.9993248484751726
3351,original_gldm_LargeDependenceEmphasis.nrrd,original_glrlm_ShortRunEmphasis.nrrd,0.9543832920589083
3352,original_gldm_LargeDependenceEmphasis.nrrd,original_glrlm_ShortRunHighGrayLevelEmphasis.nrrd,0.9004055187782638
3353,original_gldm_LargeDependenceEmphasis.nrrd,original_glrlm_ShortRunLowGrayLevelEmphasis.nrrd,0.7113395535600949
3354,original_gldm_LargeDependenceEmphasis.nrrd,original_glszm_GrayLevelNonUniformity.nrrd,0.9043226994307859
3355,original_gldm_LargeDependenceEmphasis.nrrd,original_glszm_GrayLevelNonUniformityNormalized.nrrd,0.9742772999946117
3356,original_gldm_LargeDependenceEmphasis.nrrd,original_glszm_GrayLevelVariance.nrrd,0.7795301060329068
3357,original_gldm_LargeDependenceEmphasis.nrrd,original_glszm_HighGrayLevelZoneEmphasis.nrrd,0.9049915395911482
3358,original_gldm_LargeDependenceEmphasis.nrrd,original_glszm_LargeAreaEmphasis.nrrd,0.9075285022319334
3359,original_gldm_LargeDependenceEmphasis.nrrd,original_glszm_LargeAreaHighGrayLevelEmphasis.nrrd,0.8982723616984171
3360,original_gldm_LargeDependenceEmphasis.nrrd,original_glszm_LargeAreaLowGrayLevelEmphasis.nrrd,0.8885814349077181
3361,original_gldm_LargeDependenceEmphasis.nrrd,original_glszm_LowGrayLevelZoneEmphasis.nrrd,0.6480382875878946
3362,original_gldm_LargeDependenceEmphasis.nrrd,original_glszm_SizeZoneNonUniformity.nrrd,0.7956667695713002
3363,original_gldm_LargeDependenceEmphasis.nrrd,original_glszm_SizeZoneNonUniformityNormalized.nrrd,0.9225196505031772
3364,original_gldm_LargeDependenceEmphasis.nrrd,original_glszm_SmallAreaEmphasis.nrrd,0.9410482564392451
3365,original_gldm_LargeDependenceEmphasis.nrrd,original_glszm_SmallAreaHighGrayLevelEmphasis.nrrd,0.8867142069879063
3366,original_gldm_LargeDependenceEmphasis.nrrd,original_glszm_SmallAreaLowGrayLevelEmphasis.nrrd,0.5774840894383267
3367,original_gldm_LargeDependenceEmphasis.nrrd,original_glszm_ZoneEntropy.nrrd,0.9500721955746361
3368,original_gldm_LargeDependenceEmphasis.nrrd,original_glszm_ZonePercentage.nrrd,0.908311994400894
3369,original_gldm_LargeDependenceEmphasis.nrrd,original_glszm_ZoneVariance.nrrd,0.8019227846077748
3370,original_gldm_LargeDependenceEmphasis.nrrd,original_ngtdm_Busyness.nrrd,0.9429922798031753
3371,original_gldm_LargeDependenceEmphasis.nrrd,original_ngtdm_Coarseness.nrrd,0.9027579035001568
3372,original_gldm_LargeDependenceEmphasis.nrrd,original_ngtdm_Complexity.nrrd,0.6699949632059147
3373,original_gldm_LargeDependenceEmphasis.nrrd,original_ngtdm_Contrast.nrrd,0.8240821422189373
3374,original_gldm_LargeDependenceEmphasis.nrrd,original_ngtdm_Strength.nrrd,0.8396954878755141
3375,original_gldm_LargeDependenceHighGrayLevelEmphasis.nrrd,original_gldm_LargeDependenceLowGrayLevelEmphasis.nrrd,0.8561971644826111
3376,original_gldm_LargeDependenceHighGrayLevelEmphasis.nrrd,original_gldm_LowGrayLevelEmphasis.nrrd,0.6671272945612502
3377,original_gldm_LargeDependenceHighGrayLevelEmphasis.nrrd,original_gldm_SmallDependenceEmphasis.nrrd,0.911780279822318
3378,original_gldm_LargeDependenceHighGrayLevelEmphasis.nrrd,original_gldm_SmallDependenceHighGrayLevelEmphasis.nrrd,0.9148028534768781
3379,original_gldm_LargeDependenceHighGrayLevelEmphasis.nrrd,original_gldm_SmallDependenceLowGrayLevelEmphasis.nrrd,0.5232305394369651
3380,original_gldm_LargeDependenceHighGrayLevelEmphasis.nrrd,original_glrlm_GrayLevelNonUniformity.nrrd,0.9349977223430262
3381,original_gldm_LargeDependenceHighGrayLevelEmphasis.nrrd,original_glrlm_GrayLevelNonUniformityNormalized.nrrd,0.9337461679706006
3382,original_gldm_LargeDependenceHighGrayLevelEmphasis.nrrd,original_glrlm_GrayLevelVariance.nrrd,0.8170868753546203
3383,original_gldm_LargeDependenceHighGrayLevelEmphasis.nrrd,original_glrlm_HighGrayLevelRunEmphasis.nrrd,0.9595000363771344
3384,original_gldm_LargeDependenceHighGrayLevelEmphasis.nrrd,original_glrlm_LongRunEmphasis.nrrd,0.9546430019828311
3385,original_gldm_LargeDependenceHighGrayLevelEmphasis.nrrd,original_glrlm_LongRunHighGrayLevelEmphasis.nrrd,0.9681516429303954
3386,original_gldm_LargeDependenceHighGrayLevelEmphasis.nrrd,original_glrlm_LongRunLowGrayLevelEmphasis.nrrd,0.6890231399048035
3387,original_gldm_LargeDependenceHighGrayLevelEmphasis.nrrd,original_glrlm_LowGrayLevelRunEmphasis.nrrd,0.6619121601145082
3388,original_gldm_LargeDependenceHighGrayLevelEmphasis.nrrd,original_glrlm_RunEntropy.nrrd,0.942686124841839
3389,original_gldm_LargeDependenceHighGrayLevelEmphasis.nrrd,original_glrlm_RunLengthNonUniformity.nrrd,0.9084716311422836
3390,original_gldm_LargeDependenceHighGrayLevelEmphasis.nrrd,original_glrlm_RunLengthNonUniformityNormalized.nrrd,0.9440437134061517
3391,original_gldm_LargeDependenceHighGrayLevelEmphasis.nrrd,original_glrlm_RunPercentage.nrrd,0.9461548155027195
3392,original_gldm_LargeDependenceHighGrayLevelEmphasis.nrrd,original_glrlm_RunVariance.nrrd,0.9640040283006339
3393,original_gldm_LargeDependenceHighGrayLevelEmphasis.nrrd,original_glrlm_ShortRunEmphasis.nrrd,0.9467431952851522
3394,original_gldm_LargeDependenceHighGrayLevelEmphasis.nrrd,original_glrlm_ShortRunHighGrayLevelEmphasis.nrrd,0.9571996804282643
3395,original_gldm_LargeDependenceHighGrayLevelEmphasis.nrrd,original_glrlm_ShortRunLowGrayLevelEmphasis.nrrd,0.654855536248638
3396,original_gldm_LargeDependenceHighGrayLevelEmphasis.nrrd,original_glszm_GrayLevelNonUniformity.nrrd,0.9102925765439811
3397,original_gldm_LargeDependenceHighGrayLevelEmphasis.nrrd,original_glszm_GrayLevelNonUniformityNormalized.nrrd,0.9319178639284326
3398,original_gldm_LargeDependenceHighGrayLevelEmphasis.nrrd,original_glszm_GrayLevelVariance.nrrd,0.8305802763408735
3399,original_gldm_LargeDependenceHighGrayLevelEmphasis.nrrd,original_glszm_HighGrayLevelZoneEmphasis.nrrd,0.9579839227922703
3400,original_gldm_LargeDependenceHighGrayLevelEmphasis.nrrd,original_glszm_LargeAreaEmphasis.nrrd,0.8588177177934482
3401,original_gldm_LargeDependenceHighGrayLevelEmphasis.nrrd,original_glszm_LargeAreaHighGrayLevelEmphasis.nrrd,0.90382994917268
3402,original_gldm_LargeDependenceHighGrayLevelEmphasis.nrrd,original_glszm_LargeAreaLowGrayLevelEmphasis.nrrd,0.7961066277889841
3403,original_gldm_LargeDependenceHighGrayLevelEmphasis.nrrd,original_glszm_LowGrayLevelZoneEmphasis.nrrd,0.594643051502401
3404,original_gldm_LargeDependenceHighGrayLevelEmphasis.nrrd,original_glszm_SizeZoneNonUniformity.nrrd,0.8414177526459163
3405,original_gldm_LargeDependenceHighGrayLevelEmphasis.nrrd,original_glszm_SizeZoneNonUniformityNormalized.nrrd,0.9262002870591813
3406,original_gldm_LargeDependenceHighGrayLevelEmphasis.nrrd,original_glszm_SmallAreaEmphasis.nrrd,0.938808615021888
3407,original_gldm_LargeDependenceHighGrayLevelEmphasis.nrrd,original_glszm_SmallAreaHighGrayLevelEmphasis.nrrd,0.9444238454686261
3408,original_gldm_LargeDependenceHighGrayLevelEmphasis.nrrd,original_glszm_SmallAreaLowGrayLevelEmphasis.nrrd,0.5306336996860475
3409,original_gldm_LargeDependenceHighGrayLevelEmphasis.nrrd,original_glszm_ZoneEntropy.nrrd,0.9468305702306488
3410,original_gldm_LargeDependenceHighGrayLevelEmphasis.nrrd,original_glszm_ZonePercentage.nrrd,0.9137728355436812
3411,original_gldm_LargeDependenceHighGrayLevelEmphasis.nrrd,original_glszm_ZoneVariance.nrrd,0.7514672086023384
3412,original_gldm_LargeDependenceHighGrayLevelEmphasis.nrrd,original_ngtdm_Busyness.nrrd,0.911898248177714
3413,original_gldm_LargeDependenceHighGrayLevelEmphasis.nrrd,original_ngtdm_Coarseness.nrrd,0.8607618925497457
3414,original_gldm_LargeDependenceHighGrayLevelEmphasis.nrrd,original_ngtdm_Complexity.nrrd,0.7212620240116968
3415,original_gldm_LargeDependenceHighGrayLevelEmphasis.nrrd,original_ngtdm_Contrast.nrrd,0.8634287259611988
3416,original_gldm_LargeDependenceHighGrayLevelEmphasis.nrrd,original_ngtdm_Strength.nrrd,0.8540941953143039
3417,original_gldm_LargeDependenceLowGrayLevelEmphasis.nrrd,original_gldm_LowGrayLevelEmphasis.nrrd,0.8639100537133647
3418,original_gldm_LargeDependenceLowGrayLevelEmphasis.nrrd,original_gldm_SmallDependenceEmphasis.nrrd,0.8663014641578581
3419,original_gldm_LargeDependenceLowGrayLevelEmphasis.nrrd,original_gldm_SmallDependenceHighGrayLevelEmphasis.nrrd,0.7539448532492725
3420,original_gldm_LargeDependenceLowGrayLevelEmphasis.nrrd,original_gldm_SmallDependenceLowGrayLevelEmphasis.nrrd,0.7256505052729638
3421,original_gldm_LargeDependenceLowGrayLevelEmphasis.nrrd,original_glrlm_GrayLevelNonUniformity.nrrd,0.8787743201098388
3422,original_gldm_LargeDependenceLowGrayLevelEmphasis.nrrd,original_glrlm_GrayLevelNonUniformityNormalized.nrrd,0.9351896619342905
3423,original_gldm_LargeDependenceLowGrayLevelEmphasis.nrrd,original_glrlm_GrayLevelVariance.nrrd,0.72203186582283
3424,original_gldm_LargeDependenceLowGrayLevelEmphasis.nrrd,original_glrlm_HighGrayLevelRunEmphasis.nrrd,0.8025010542049176
3425,original_gldm_LargeDependenceLowGrayLevelEmphasis.nrrd,original_glrlm_LongRunEmphasis.nrrd,0.9189262420976931
3426,original_gldm_LargeDependenceLowGrayLevelEmphasis.nrrd,original_glrlm_LongRunHighGrayLevelEmphasis.nrrd,0.8123877846356349
3427,original_gldm_LargeDependenceLowGrayLevelEmphasis.nrrd,original_glrlm_LongRunLowGrayLevelEmphasis.nrrd,0.8841922941844839
3428,original_gldm_LargeDependenceLowGrayLevelEmphasis.nrrd,original_glrlm_LowGrayLevelRunEmphasis.nrrd,0.859509421910246
3429,original_gldm_LargeDependenceLowGrayLevelEmphasis.nrrd,original_glrlm_RunEntropy.nrrd,0.8963290372606187
3430,original_gldm_LargeDependenceLowGrayLevelEmphasis.nrrd,original_glrlm_RunLengthNonUniformity.nrrd,0.8145982755361768
3431,original_gldm_LargeDependenceLowGrayLevelEmphasis.nrrd,original_glrlm_RunLengthNonUniformityNormalized.nrrd,0.9054252530488355
3432,original_gldm_LargeDependenceLowGrayLevelEmphasis.nrrd,original_glrlm_RunPercentage.nrrd,0.9079754479030702
3433,original_gldm_LargeDependenceLowGrayLevelEmphasis.nrrd,original_glrlm_RunVariance.nrrd,0.9436374806761907
3434,original_gldm_LargeDependenceLowGrayLevelEmphasis.nrrd,original_glrlm_ShortRunEmphasis.nrrd,0.9087119827821358
3435,original_gldm_LargeDependenceLowGrayLevelEmphasis.nrrd,original_glrlm_ShortRunHighGrayLevelEmphasis.nrrd,0.7999570217286497
3436,original_gldm_LargeDependenceLowGrayLevelEmphasis.nrrd,original_glrlm_ShortRunLowGrayLevelEmphasis.nrrd,0.8531148769961411
3437,original_gldm_LargeDependenceLowGrayLevelEmphasis.nrrd,original_glszm_GrayLevelNonUniformity.nrrd,0.8425179972517899
3438,original_gldm_LargeDependenceLowGrayLevelEmphasis.nrrd,original_glszm_GrayLevelNonUniformityNormalized.nrrd,0.9299902968174153
3439,original_gldm_LargeDependenceLowGrayLevelEmphasis.nrrd,original_glszm_GrayLevelVariance.nrrd,0.7530290824218066
3440,original_gldm_LargeDependenceLowGrayLevelEmphasis.nrrd,original_glszm_HighGrayLevelZoneEmphasis.nrrd,0.8048757550999395
3441,original_gldm_LargeDependenceLowGrayLevelEmphasis.nrrd,original_glszm_LargeAreaEmphasis.nrrd,0.844982930886158
3442,original_gldm_LargeDependenceLowGrayLevelEmphasis.nrrd,original_glszm_LargeAreaHighGrayLevelEmphasis.nrrd,0.791665009825265
3443,original_gldm_LargeDependenceLowGrayLevelEmphasis.nrrd,original_glszm_LargeAreaLowGrayLevelEmphasis.nrrd,0.9193003945192705
3444,original_gldm_LargeDependenceLowGrayLevelEmphasis.nrrd,original_glszm_LowGrayLevelZoneEmphasis.nrrd,0.7982140994303745
3445,original_gldm_LargeDependenceLowGrayLevelEmphasis.nrrd,original_glszm_SizeZoneNonUniformity.nrrd,0.7402923229987775
3446,original_gldm_LargeDependenceLowGrayLevelEmphasis.nrrd,original_glszm_SizeZoneNonUniformityNormalized.nrrd,0.8811320461266389
3447,original_gldm_LargeDependenceLowGrayLevelEmphasis.nrrd,original_glszm_SmallAreaEmphasis.nrrd,0.8971056790705678
3448,original_gldm_LargeDependenceLowGrayLevelEmphasis.nrrd,original_glszm_SmallAreaHighGrayLevelEmphasis.nrrd,0.788374043214539
3449,original_gldm_LargeDependenceLowGrayLevelEmphasis.nrrd,original_glszm_SmallAreaLowGrayLevelEmphasis.nrrd,0.7335137940953522
3450,original_gldm_LargeDependenceLowGrayLevelEmphasis.nrrd,original_glszm_ZoneEntropy.nrrd,0.9031497806243595
3451,original_gldm_LargeDependenceLowGrayLevelEmphasis.nrrd,original_glszm_ZonePercentage.nrrd,0.8692793509704001
3452,original_gldm_LargeDependenceLowGrayLevelEmphasis.nrrd,original_glszm_ZoneVariance.nrrd,0.7388848699759488
3453,original_gldm_LargeDependenceLowGrayLevelEmphasis.nrrd,original_ngtdm_Busyness.nrrd,0.8975514897373282
3454,original_gldm_LargeDependenceLowGrayLevelEmphasis.nrrd,original_ngtdm_Coarseness.nrrd,0.8752666764880462
3455,original_gldm_LargeDependenceLowGrayLevelEmphasis.nrrd,original_ngtdm_Complexity.nrrd,0.6594004797764774
3456,original_gldm_LargeDependenceLowGrayLevelEmphasis.nrrd,original_ngtdm_Contrast.nrrd,0.794606504717492
3457,original_gldm_LargeDependenceLowGrayLevelEmphasis.nrrd,original_ngtdm_Strength.nrrd,0.8300726182362062
3458,original_gldm_LowGrayLevelEmphasis.nrrd,original_gldm_SmallDependenceEmphasis.nrrd,0.8008677571146371
3459,original_gldm_LowGrayLevelEmphasis.nrrd,original_gldm_SmallDependenceHighGrayLevelEmphasis.nrrd,0.6934253641214623
3460,original_gldm_LowGrayLevelEmphasis.nrrd,original_gldm_SmallDependenceLowGrayLevelEmphasis.nrrd,0.9703823341897247
3461,original_gldm_LowGrayLevelEmphasis.nrrd,original_glrlm_GrayLevelNonUniformity.nrrd,0.7231584237904004
3462,original_gldm_LowGrayLevelEmphasis.nrrd,original_glrlm_GrayLevelNonUniformityNormalized.nrrd,0.7390323705388231
3463,original_gldm_LowGrayLevelEmphasis.nrrd,original_glrlm_GrayLevelVariance.nrrd,0.7552068923606765
3464,original_gldm_LowGrayLevelEmphasis.nrrd,original_glrlm_HighGrayLevelRunEmphasis.nrrd,0.6966264417475392
3465,original_gldm_LowGrayLevelEmphasis.nrrd,original_glrlm_LongRunEmphasis.nrrd,0.7841292775445319
3466,original_gldm_LowGrayLevelEmphasis.nrrd,original_glrlm_LongRunHighGrayLevelEmphasis.nrrd,0.6960501064694096
3467,original_gldm_LowGrayLevelEmphasis.nrrd,original_glrlm_LongRunLowGrayLevelEmphasis.nrrd,0.999109435885659
3468,original_gldm_LowGrayLevelEmphasis.nrrd,original_glrlm_LowGrayLevelRunEmphasis.nrrd,0.9999287429757056
3469,original_gldm_LowGrayLevelEmphasis.nrrd,original_glrlm_RunEntropy.nrrd,0.7919398736197062
3470,original_gldm_LowGrayLevelEmphasis.nrrd,original_glrlm_RunLengthNonUniformity.nrrd,0.7370018561690342
3471,original_gldm_LowGrayLevelEmphasis.nrrd,original_glrlm_RunLengthNonUniformityNormalized.nrrd,0.7909815908707273
3472,original_gldm_LowGrayLevelEmphasis.nrrd,original_glrlm_RunPercentage.nrrd,0.7898183806928524
3473,original_gldm_LowGrayLevelEmphasis.nrrd,original_glrlm_RunVariance.nrrd,0.7258305866758579
3474,original_gldm_LowGrayLevelEmphasis.nrrd,original_glrlm_ShortRunEmphasis.nrrd,0.7895325730869657
3475,original_gldm_LowGrayLevelEmphasis.nrrd,original_glrlm_ShortRunHighGrayLevelEmphasis.nrrd,0.6967051163788425
3476,original_gldm_LowGrayLevelEmphasis.nrrd,original_glrlm_ShortRunLowGrayLevelEmphasis.nrrd,0.9997314738793376
3477,original_gldm_LowGrayLevelEmphasis.nrrd,original_glszm_GrayLevelNonUniformity.nrrd,0.7404306205910433
3478,original_gldm_LowGrayLevelEmphasis.nrrd,original_glszm_GrayLevelNonUniformityNormalized.nrrd,0.7419550343278427
3479,original_gldm_LowGrayLevelEmphasis.nrrd,original_glszm_GrayLevelVariance.nrrd,0.7838212355836073
3480,original_gldm_LowGrayLevelEmphasis.nrrd,original_glszm_HighGrayLevelZoneEmphasis.nrrd,0.6953921021717023
3481,original_gldm_LowGrayLevelEmphasis.nrrd,original_glszm_LargeAreaEmphasis.nrrd,0.5647662746916939
3482,original_gldm_LowGrayLevelEmphasis.nrrd,original_glszm_LargeAreaHighGrayLevelEmphasis.nrrd,0.5368476427673964
3483,original_gldm_LowGrayLevelEmphasis.nrrd,original_glszm_LargeAreaLowGrayLevelEmphasis.nrrd,0.7064534316056337
3484,original_gldm_LowGrayLevelEmphasis.nrrd,original_glszm_LowGrayLevelZoneEmphasis.nrrd,0.9872053187221035
3485,original_gldm_LowGrayLevelEmphasis.nrrd,original_glszm_SizeZoneNonUniformity.nrrd,0.7317067328516719
3486,original_gldm_LowGrayLevelEmphasis.nrrd,original_glszm_SizeZoneNonUniformityNormalized.nrrd,0.8007201225074289
3487,original_gldm_LowGrayLevelEmphasis.nrrd,original_glszm_SmallAreaEmphasis.nrrd,0.7958141515908137
3488,original_gldm_LowGrayLevelEmphasis.nrrd,original_glszm_SmallAreaHighGrayLevelEmphasis.nrrd,0.6953058976605621
3489,original_gldm_LowGrayLevelEmphasis.nrrd,original_glszm_SmallAreaLowGrayLevelEmphasis.nrrd,0.9656768412225157
3490,original_gldm_LowGrayLevelEmphasis.nrrd,original_glszm_ZoneEntropy.nrrd,0.7893232660256264
3491,original_gldm_LowGrayLevelEmphasis.nrrd,original_glszm_ZonePercentage.nrrd,0.7997358008481311
3492,original_gldm_LowGrayLevelEmphasis.nrrd,original_glszm_ZoneVariance.nrrd,0.4492216685605552
3493,original_gldm_LowGrayLevelEmphasis.nrrd,original_ngtdm_Busyness.nrrd,0.7299454954123702
3494,original_gldm_LowGrayLevelEmphasis.nrrd,original_ngtdm_Coarseness.nrrd,0.7013717280903244
3495,original_gldm_LowGrayLevelEmphasis.nrrd,original_ngtdm_Complexity.nrrd,0.7556560779297813
3496,original_gldm_LowGrayLevelEmphasis.nrrd,original_ngtdm_Contrast.nrrd,0.7829234921869733
3497,original_gldm_LowGrayLevelEmphasis.nrrd,original_ngtdm_Strength.nrrd,0.821458866048207
3498,original_gldm_SmallDependenceEmphasis.nrrd,original_gldm_SmallDependenceHighGrayLevelEmphasis.nrrd,0.9657021049813794
3499,original_gldm_SmallDependenceEmphasis.nrrd,original_gldm_SmallDependenceLowGrayLevelEmphasis.nrrd,0.6831830607099213
3500,original_gldm_SmallDependenceEmphasis.nrrd,original_glrlm_GrayLevelNonUniformity.nrrd,0.93555412437585
3501,original_gldm_SmallDependenceEmphasis.nrrd,original_glrlm_GrayLevelNonUniformityNormalized.nrrd,0.9141488102600663
3502,original_gldm_SmallDependenceEmphasis.nrrd,original_glrlm_GrayLevelVariance.nrrd,0.9245254390262477
3503,original_gldm_SmallDependenceEmphasis.nrrd,original_glrlm_HighGrayLevelRunEmphasis.nrrd,0.9668570187522448
3504,original_gldm_SmallDependenceEmphasis.nrrd,original_glrlm_LongRunEmphasis.nrrd,0.9826740976575682
3505,original_gldm_SmallDependenceEmphasis.nrrd,original_glrlm_LongRunHighGrayLevelEmphasis.nrrd,0.9644995405909691
3506,original_gldm_SmallDependenceEmphasis.nrrd,original_glrlm_LongRunLowGrayLevelEmphasis.nrrd,0.8134300708628285
3507,original_gldm_SmallDependenceEmphasis.nrrd,original_glrlm_LowGrayLevelRunEmphasis.nrrd,0.7957489897248435
3508,original_gldm_SmallDependenceEmphasis.nrrd,original_glrlm_RunEntropy.nrrd,0.9938031355574792
3509,original_gldm_SmallDependenceEmphasis.nrrd,original_glrlm_RunLengthNonUniformity.nrrd,0.968481622505492
3510,original_gldm_SmallDependenceEmphasis.nrrd,original_glrlm_RunLengthNonUniformityNormalized.nrrd,0.9913923959916662
3511,original_gldm_SmallDependenceEmphasis.nrrd,original_glrlm_RunPercentage.nrrd,0.9900536180686178
3512,original_gldm_SmallDependenceEmphasis.nrrd,original_glrlm_RunVariance.nrrd,0.9063590823819497
3513,original_gldm_SmallDependenceEmphasis.nrrd,original_glrlm_ShortRunEmphasis.nrrd,0.9896620366729344
3514,original_gldm_SmallDependenceEmphasis.nrrd,original_glrlm_ShortRunHighGrayLevelEmphasis.nrrd,0.9672965501765409
3515,original_gldm_SmallDependenceEmphasis.nrrd,original_glrlm_ShortRunLowGrayLevelEmphasis.nrrd,0.7908624694483891
3516,original_gldm_SmallDependenceEmphasis.nrrd,original_glszm_GrayLevelNonUniformity.nrrd,0.9673222025251297
3517,original_gldm_SmallDependenceEmphasis.nrrd,original_glszm_GrayLevelNonUniformityNormalized.nrrd,0.9257831011487011
3518,original_gldm_SmallDependenceEmphasis.nrrd,original_glszm_GrayLevelVariance.nrrd,0.9414176548176638
3519,original_gldm_SmallDependenceEmphasis.nrrd,original_glszm_HighGrayLevelZoneEmphasis.nrrd,0.9670164492127309
3520,original_gldm_SmallDependenceEmphasis.nrrd,original_glszm_LargeAreaEmphasis.nrrd,0.6971111958035748
3521,original_gldm_SmallDependenceEmphasis.nrrd,original_glszm_LargeAreaHighGrayLevelEmphasis.nrrd,0.7204527254606328
3522,original_gldm_SmallDependenceEmphasis.nrrd,original_glszm_LargeAreaLowGrayLevelEmphasis.nrrd,0.7001686093328436
3523,original_gldm_SmallDependenceEmphasis.nrrd,original_glszm_LowGrayLevelZoneEmphasis.nrrd,0.7277463680090435
3524,original_gldm_SmallDependenceEmphasis.nrrd,original_glszm_SizeZoneNonUniformity.nrrd,0.9542928420819924
3525,original_gldm_SmallDependenceEmphasis.nrrd,original_glszm_SizeZoneNonUniformityNormalized.nrrd,0.9986295813649302
3526,original_gldm_SmallDependenceEmphasis.nrrd,original_glszm_SmallAreaEmphasis.nrrd,0.9953825603699009
3527,original_gldm_SmallDependenceEmphasis.nrrd,original_glszm_SmallAreaHighGrayLevelEmphasis.nrrd,0.9681704608027405
3528,original_gldm_SmallDependenceEmphasis.nrrd,original_glszm_SmallAreaLowGrayLevelEmphasis.nrrd,0.6711857477213403
3529,original_gldm_SmallDependenceEmphasis.nrrd,original_glszm_ZoneEntropy.nrrd,0.9908122403248038
3530,original_gldm_SmallDependenceEmphasis.nrrd,original_glszm_ZonePercentage.nrrd,0.9998382667265403
3531,original_gldm_SmallDependenceEmphasis.nrrd,original_glszm_ZoneVariance.nrrd,0.5487428538633145
3532,original_gldm_SmallDependenceEmphasis.nrrd,original_ngtdm_Busyness.nrrd,0.9331554930312366
3533,original_gldm_SmallDependenceEmphasis.nrrd,original_ngtdm_Coarseness.nrrd,0.8578475776861009
3534,original_gldm_SmallDependenceEmphasis.nrrd,original_ngtdm_Complexity.nrrd,0.8892056487875535
3535,original_gldm_SmallDependenceEmphasis.nrrd,original_ngtdm_Contrast.nrrd,0.962142018678587
3536,original_gldm_SmallDependenceEmphasis.nrrd,original_ngtdm_Strength.nrrd,0.9470510836783782
3537,original_gldm_SmallDependenceHighGrayLevelEmphasis.nrrd,original_gldm_SmallDependenceLowGrayLevelEmphasis.nrrd,0.5882264500685943
3538,original_gldm_SmallDependenceHighGrayLevelEmphasis.nrrd,original_glrlm_GrayLevelNonUniformity.nrrd,0.8963364154199253
3539,original_gldm_SmallDependenceHighGrayLevelEmphasis.nrrd,original_glrlm_GrayLevelNonUniformityNormalized.nrrd,0.8409618595952256
3540,original_gldm_SmallDependenceHighGrayLevelEmphasis.nrrd,original_glrlm_GrayLevelVariance.nrrd,0.9470581568436675
3541,original_gldm_SmallDependenceHighGrayLevelEmphasis.nrrd,original_glrlm_HighGrayLevelRunEmphasis.nrrd,0.9905891628452428
3542,original_gldm_SmallDependenceHighGrayLevelEmphasis.nrrd,original_glrlm_LongRunEmphasis.nrrd,0.9368371954657433
3543,original_gldm_SmallDependenceHighGrayLevelEmphasis.nrrd,original_glrlm_LongRunHighGrayLevelEmphasis.nrrd,0.9857529375069672
3544,original_gldm_SmallDependenceHighGrayLevelEmphasis.nrrd,original_glrlm_LongRunLowGrayLevelEmphasis.nrrd,0.7042578919098071
3545,original_gldm_SmallDependenceHighGrayLevelEmphasis.nrrd,original_glrlm_LowGrayLevelRunEmphasis.nrrd,0.6885432841626811
3546,original_gldm_SmallDependenceHighGrayLevelEmphasis.nrrd,original_glrlm_RunEntropy.nrrd,0.9577817234255042
3547,original_gldm_SmallDependenceHighGrayLevelEmphasis.nrrd,original_glrlm_RunLengthNonUniformity.nrrd,0.9634351563099326
3548,original_gldm_SmallDependenceHighGrayLevelEmphasis.nrrd,original_glrlm_RunLengthNonUniformityNormalized.nrrd,0.9487469778707909
3549,original_gldm_SmallDependenceHighGrayLevelEmphasis.nrrd,original_glrlm_RunPercentage.nrrd,0.9468335009550718
3550,original_gldm_SmallDependenceHighGrayLevelEmphasis.nrrd,original_glrlm_RunVariance.nrrd,0.848181920469366
3551,original_gldm_SmallDependenceHighGrayLevelEmphasis.nrrd,original_glrlm_ShortRunEmphasis.nrrd,0.9462771914822018
3552,original_gldm_SmallDependenceHighGrayLevelEmphasis.nrrd,original_glrlm_ShortRunHighGrayLevelEmphasis.nrrd,0.9916334429309742
3553,original_gldm_SmallDependenceHighGrayLevelEmphasis.nrrd,original_glrlm_ShortRunLowGrayLevelEmphasis.nrrd,0.6841664954967563
3554,original_gldm_SmallDependenceHighGrayLevelEmphasis.nrrd,original_glszm_GrayLevelNonUniformity.nrrd,0.9393776172744086
3555,original_gldm_SmallDependenceHighGrayLevelEmphasis.nrrd,original_glszm_GrayLevelNonUniformityNormalized.nrrd,0.8547970554196602
3556,original_gldm_SmallDependenceHighGrayLevelEmphasis.nrrd,original_glszm_GrayLevelVariance.nrrd,0.9514779646916357
3557,original_gldm_SmallDependenceHighGrayLevelEmphasis.nrrd,original_glszm_HighGrayLevelZoneEmphasis.nrrd,0.9901800966776186
3558,original_gldm_SmallDependenceHighGrayLevelEmphasis.nrrd,original_glszm_LargeAreaEmphasis.nrrd,0.63950627681922
3559,original_gldm_SmallDependenceHighGrayLevelEmphasis.nrrd,original_glszm_LargeAreaHighGrayLevelEmphasis.nrrd,0.7055358193651972
3560,original_gldm_SmallDependenceHighGrayLevelEmphasis.nrrd,original_glszm_LargeAreaLowGrayLevelEmphasis.nrrd,0.6009679374726887
3561,original_gldm_SmallDependenceHighGrayLevelEmphasis.nrrd,original_glszm_LowGrayLevelZoneEmphasis.nrrd,0.6246647949311227
3562,original_gldm_SmallDependenceHighGrayLevelEmphasis.nrrd,original_glszm_SizeZoneNonUniformity.nrrd,0.9629968492719805
3563,original_gldm_SmallDependenceHighGrayLevelEmphasis.nrrd,original_glszm_SizeZoneNonUniformityNormalized.nrrd,0.9622402010742247
3564,original_gldm_SmallDependenceHighGrayLevelEmphasis.nrrd,original_glszm_SmallAreaEmphasis.nrrd,0.9552467882336254
3565,original_gldm_SmallDependenceHighGrayLevelEmphasis.nrrd,original_glszm_SmallAreaHighGrayLevelEmphasis.nrrd,0.9957942371901299
3566,original_gldm_SmallDependenceHighGrayLevelEmphasis.nrrd,original_glszm_SmallAreaLowGrayLevelEmphasis.nrrd,0.5745460180181733
3567,original_gldm_SmallDependenceHighGrayLevelEmphasis.nrrd,original_glszm_ZoneEntropy.nrrd,0.9521434447112743
3568,original_gldm_SmallDependenceHighGrayLevelEmphasis.nrrd,original_glszm_ZonePercentage.nrrd,0.9645390610011408
3569,original_gldm_SmallDependenceHighGrayLevelEmphasis.nrrd,original_glszm_ZoneVariance.nrrd,0.49543238303810805
3570,original_gldm_SmallDependenceHighGrayLevelEmphasis.nrrd,original_ngtdm_Busyness.nrrd,0.8746018498504886
3571,original_gldm_SmallDependenceHighGrayLevelEmphasis.nrrd,original_ngtdm_Coarseness.nrrd,0.7890249025186127
3572,original_gldm_SmallDependenceHighGrayLevelEmphasis.nrrd,original_ngtdm_Complexity.nrrd,0.8980835415910047
3573,original_gldm_SmallDependenceHighGrayLevelEmphasis.nrrd,original_ngtdm_Contrast.nrrd,0.9550332499540058
3574,original_gldm_SmallDependenceHighGrayLevelEmphasis.nrrd,original_ngtdm_Strength.nrrd,0.9211555662383006
3575,original_gldm_SmallDependenceLowGrayLevelEmphasis.nrrd,original_glrlm_GrayLevelNonUniformity.nrrd,0.5817678826946502
3576,original_gldm_SmallDependenceLowGrayLevelEmphasis.nrrd,original_glrlm_GrayLevelNonUniformityNormalized.nrrd,0.5823996137225914
3577,original_gldm_SmallDependenceLowGrayLevelEmphasis.nrrd,original_glrlm_GrayLevelVariance.nrrd,0.685294007069674
3578,original_gldm_SmallDependenceLowGrayLevelEmphasis.nrrd,original_glrlm_HighGrayLevelRunEmphasis.nrrd,0.5748456121331406
3579,original_gldm_SmallDependenceLowGrayLevelEmphasis.nrrd,original_glrlm_LongRunEmphasis.nrrd,0.6436857039867542
3580,original_gldm_SmallDependenceLowGrayLevelEmphasis.nrrd,original_glrlm_LongRunHighGrayLevelEmphasis.nrrd,0.570959446959825
3581,original_gldm_SmallDependenceLowGrayLevelEmphasis.nrrd,original_glrlm_LongRunLowGrayLevelEmphasis.nrrd,0.9601606393216361
3582,original_gldm_SmallDependenceLowGrayLevelEmphasis.nrrd,original_glrlm_LowGrayLevelRunEmphasis.nrrd,0.9728268269234521
3583,original_gldm_SmallDependenceLowGrayLevelEmphasis.nrrd,original_glrlm_RunEntropy.nrrd,0.6615061009661245
3584,original_gldm_SmallDependenceLowGrayLevelEmphasis.nrrd,original_glrlm_RunLengthNonUniformity.nrrd,0.6219531737932132
3585,original_gldm_SmallDependenceLowGrayLevelEmphasis.nrrd,original_glrlm_RunLengthNonUniformityNormalized.nrrd,0.6564641676904068
3586,original_gldm_SmallDependenceLowGrayLevelEmphasis.nrrd,original_glrlm_RunPercentage.nrrd,0.6541770693475828
3587,original_gldm_SmallDependenceLowGrayLevelEmphasis.nrrd,original_glrlm_RunVariance.nrrd,0.5655332186747075
3588,original_gldm_SmallDependenceLowGrayLevelEmphasis.nrrd,original_glrlm_ShortRunEmphasis.nrrd,0.6535929098950816
3589,original_gldm_SmallDependenceLowGrayLevelEmphasis.nrrd,original_glrlm_ShortRunHighGrayLevelEmphasis.nrrd,0.5757766399579443
3590,original_gldm_SmallDependenceLowGrayLevelEmphasis.nrrd,original_glrlm_ShortRunLowGrayLevelEmphasis.nrrd,0.975564648514825
3591,original_gldm_SmallDependenceLowGrayLevelEmphasis.nrrd,original_glszm_GrayLevelNonUniformity.nrrd,0.613812253737642
3592,original_gldm_SmallDependenceLowGrayLevelEmphasis.nrrd,original_glszm_GrayLevelNonUniformityNormalized.nrrd,0.5857700224431112
3593,original_gldm_SmallDependenceLowGrayLevelEmphasis.nrrd,original_glszm_GrayLevelVariance.nrrd,0.7117854697279544
3594,original_gldm_SmallDependenceLowGrayLevelEmphasis.nrrd,original_glszm_HighGrayLevelZoneEmphasis.nrrd,0.572267312410014
3595,original_gldm_SmallDependenceLowGrayLevelEmphasis.nrrd,original_glszm_LargeAreaEmphasis.nrrd,0.408417712650207
3596,original_gldm_SmallDependenceLowGrayLevelEmphasis.nrrd,original_glszm_LargeAreaHighGrayLevelEmphasis.nrrd,0.3911829584463455
3597,original_gldm_SmallDependenceLowGrayLevelEmphasis.nrrd,original_glszm_LargeAreaLowGrayLevelEmphasis.nrrd,0.5671846425036451
3598,original_gldm_SmallDependenceLowGrayLevelEmphasis.nrrd,original_glszm_LowGrayLevelZoneEmphasis.nrrd,0.9907224738016752
3599,original_gldm_SmallDependenceLowGrayLevelEmphasis.nrrd,original_glszm_SizeZoneNonUniformity.nrrd,0.6442201099703808
3600,original_gldm_SmallDependenceLowGrayLevelEmphasis.nrrd,original_glszm_SizeZoneNonUniformityNormalized.nrrd,0.6789323697060504
3601,original_gldm_SmallDependenceLowGrayLevelEmphasis.nrrd,original_glszm_SmallAreaEmphasis.nrrd,0.6663173241792985
3602,original_gldm_SmallDependenceLowGrayLevelEmphasis.nrrd,original_glszm_SmallAreaHighGrayLevelEmphasis.nrrd,0.578487839508235
3603,original_gldm_SmallDependenceLowGrayLevelEmphasis.nrrd,original_glszm_SmallAreaLowGrayLevelEmphasis.nrrd,0.9952113914899066
3604,original_gldm_SmallDependenceLowGrayLevelEmphasis.nrrd,original_glszm_ZoneEntropy.nrrd,0.6556367180999618
3605,original_gldm_SmallDependenceLowGrayLevelEmphasis.nrrd,original_glszm_ZonePercentage.nrrd,0.6801979652442883
3606,original_gldm_SmallDependenceLowGrayLevelEmphasis.nrrd,original_glszm_ZoneVariance.nrrd,0.30666341268753716
3607,original_gldm_SmallDependenceLowGrayLevelEmphasis.nrrd,original_ngtdm_Busyness.nrrd,0.5788896966954334
3608,original_gldm_SmallDependenceLowGrayLevelEmphasis.nrrd,original_ngtdm_Coarseness.nrrd,0.5561127499155613
3609,original_gldm_SmallDependenceLowGrayLevelEmphasis.nrrd,original_ngtdm_Complexity.nrrd,0.7131127733135618
3610,original_gldm_SmallDependenceLowGrayLevelEmphasis.nrrd,original_ngtdm_Contrast.nrrd,0.6876409962008567
3611,original_gldm_SmallDependenceLowGrayLevelEmphasis.nrrd,original_ngtdm_Strength.nrrd,0.7323676500453284
3612,original_glrlm_GrayLevelNonUniformity.nrrd,original_glrlm_GrayLevelNonUniformityNormalized.nrrd,0.942385669100986
3613,original_glrlm_GrayLevelNonUniformity.nrrd,original_glrlm_GrayLevelVariance.nrrd,0.8026937147901694
3614,original_glrlm_GrayLevelNonUniformity.nrrd,original_glrlm_HighGrayLevelRunEmphasis.nrrd,0.9274202225696244
3615,original_glrlm_GrayLevelNonUniformity.nrrd,original_glrlm_LongRunEmphasis.nrrd,0.962866606588708
3616,original_glrlm_GrayLevelNonUniformity.nrrd,original_glrlm_LongRunHighGrayLevelEmphasis.nrrd,0.932353475282574
3617,original_glrlm_GrayLevelNonUniformity.nrrd,original_glrlm_LongRunLowGrayLevelEmphasis.nrrd,0.7428371283124401
3618,original_glrlm_GrayLevelNonUniformity.nrrd,original_glrlm_LowGrayLevelRunEmphasis.nrrd,0.7177604439672702
3619,original_glrlm_GrayLevelNonUniformity.nrrd,original_glrlm_RunEntropy.nrrd,0.9547358184626363
3620,original_glrlm_GrayLevelNonUniformity.nrrd,original_glrlm_RunLengthNonUniformity.nrrd,0.961175296875636
3621,original_glrlm_GrayLevelNonUniformity.nrrd,original_glrlm_RunLengthNonUniformityNormalized.nrrd,0.9579950916949805
3622,original_glrlm_GrayLevelNonUniformity.nrrd,original_glrlm_RunPercentage.nrrd,0.9591166415648334
3623,original_glrlm_GrayLevelNonUniformity.nrrd,original_glrlm_RunVariance.nrrd,0.9464183082114314
3624,original_glrlm_GrayLevelNonUniformity.nrrd,original_glrlm_ShortRunEmphasis.nrrd,0.9594198005729491
3625,original_glrlm_GrayLevelNonUniformity.nrrd,original_glrlm_ShortRunHighGrayLevelEmphasis.nrrd,0.926049818925702
3626,original_glrlm_GrayLevelNonUniformity.nrrd,original_glrlm_ShortRunLowGrayLevelEmphasis.nrrd,0.7111369600352828
3627,original_glrlm_GrayLevelNonUniformity.nrrd,original_glszm_GrayLevelNonUniformity.nrrd,0.9825003863104539
3628,original_glrlm_GrayLevelNonUniformity.nrrd,original_glszm_GrayLevelNonUniformityNormalized.nrrd,0.939304246320073
3629,original_glrlm_GrayLevelNonUniformity.nrrd,original_glszm_GrayLevelVariance.nrrd,0.831415253113329
3630,original_glrlm_GrayLevelNonUniformity.nrrd,original_glszm_HighGrayLevelZoneEmphasis.nrrd,0.9297406493237289
3631,original_glrlm_GrayLevelNonUniformity.nrrd,original_glszm_LargeAreaEmphasis.nrrd,0.8234453987399196
3632,original_glrlm_GrayLevelNonUniformity.nrrd,original_glszm_LargeAreaHighGrayLevelEmphasis.nrrd,0.8351950230237917
3633,original_glrlm_GrayLevelNonUniformity.nrrd,original_glszm_LargeAreaLowGrayLevelEmphasis.nrrd,0.7947206495238267
3634,original_glrlm_GrayLevelNonUniformity.nrrd,original_glszm_LowGrayLevelZoneEmphasis.nrrd,0.6481790903924363
3635,original_glrlm_GrayLevelNonUniformity.nrrd,original_glszm_SizeZoneNonUniformity.nrrd,0.8992925969111242
3636,original_glrlm_GrayLevelNonUniformity.nrrd,original_glszm_SizeZoneNonUniformityNormalized.nrrd,0.9454668779448342
3637,original_glrlm_GrayLevelNonUniformity.nrrd,original_glszm_SmallAreaEmphasis.nrrd,0.9546530438505634
3638,original_glrlm_GrayLevelNonUniformity.nrrd,original_glszm_SmallAreaHighGrayLevelEmphasis.nrrd,0.9209332095175393
3639,original_glrlm_GrayLevelNonUniformity.nrrd,original_glszm_SmallAreaLowGrayLevelEmphasis.nrrd,0.5843310958918667
3640,original_glrlm_GrayLevelNonUniformity.nrrd,original_glszm_ZoneEntropy.nrrd,0.9607835958726938
3641,original_glrlm_GrayLevelNonUniformity.nrrd,original_glszm_ZonePercentage.nrrd,0.9370925164271581
3642,original_glrlm_GrayLevelNonUniformity.nrrd,original_glszm_ZoneVariance.nrrd,0.707977144403382
3643,original_glrlm_GrayLevelNonUniformity.nrrd,original_ngtdm_Busyness.nrrd,0.9662082306494191
3644,original_glrlm_GrayLevelNonUniformity.nrrd,original_ngtdm_Coarseness.nrrd,0.7918653552719284
3645,original_glrlm_GrayLevelNonUniformity.nrrd,original_ngtdm_Complexity.nrrd,0.7723723242203713
3646,original_glrlm_GrayLevelNonUniformity.nrrd,original_ngtdm_Contrast.nrrd,0.8422372981115619
3647,original_glrlm_GrayLevelNonUniformity.nrrd,original_ngtdm_Strength.nrrd,0.8397683853638565
3648,original_glrlm_GrayLevelNonUniformityNormalized.nrrd,original_glrlm_GrayLevelVariance.nrrd,0.730299848352936
3649,original_glrlm_GrayLevelNonUniformityNormalized.nrrd,original_glrlm_HighGrayLevelRunEmphasis.nrrd,0.8900100047333103
3650,original_glrlm_GrayLevelNonUniformityNormalized.nrrd,original_glrlm_LongRunEmphasis.nrrd,0.9655167600207003
3651,original_glrlm_GrayLevelNonUniformityNormalized.nrrd,original_glrlm_LongRunHighGrayLevelEmphasis.nrrd,0.8991874644208274
3652,original_glrlm_GrayLevelNonUniformityNormalized.nrrd,original_glrlm_LongRunLowGrayLevelEmphasis.nrrd,0.7625261241303141
3653,original_glrlm_GrayLevelNonUniformityNormalized.nrrd,original_glrlm_LowGrayLevelRunEmphasis.nrrd,0.7334117121679679
3654,original_glrlm_GrayLevelNonUniformityNormalized.nrrd,original_glrlm_RunEntropy.nrrd,0.9393291219038326
3655,original_glrlm_GrayLevelNonUniformityNormalized.nrrd,original_glrlm_RunLengthNonUniformity.nrrd,0.86882967384691
3656,original_glrlm_GrayLevelNonUniformityNormalized.nrrd,original_glrlm_RunLengthNonUniformityNormalized.nrrd,0.9533819922407566
3657,original_glrlm_GrayLevelNonUniformityNormalized.nrrd,original_glrlm_RunPercentage.nrrd,0.9557918167668683
3658,original_glrlm_GrayLevelNonUniformityNormalized.nrrd,original_glrlm_RunVariance.nrrd,0.980534043024279
3659,original_glrlm_GrayLevelNonUniformityNormalized.nrrd,original_glrlm_ShortRunEmphasis.nrrd,0.9564406057974578
3660,original_glrlm_GrayLevelNonUniformityNormalized.nrrd,original_glrlm_ShortRunHighGrayLevelEmphasis.nrrd,0.8875873264672567
3661,original_glrlm_GrayLevelNonUniformityNormalized.nrrd,original_glrlm_ShortRunLowGrayLevelEmphasis.nrrd,0.7258324184625429
3662,original_glrlm_GrayLevelNonUniformityNormalized.nrrd,original_glszm_GrayLevelNonUniformity.nrrd,0.9096514643458227
3663,original_glrlm_GrayLevelNonUniformityNormalized.nrrd,original_glszm_GrayLevelNonUniformityNormalized.nrrd,0.9966358794258249
3664,original_glrlm_GrayLevelNonUniformityNormalized.nrrd,original_glszm_GrayLevelVariance.nrrd,0.7609842243515513
3665,original_glrlm_GrayLevelNonUniformityNormalized.nrrd,original_glszm_HighGrayLevelZoneEmphasis.nrrd,0.8916550516629275
3666,original_glrlm_GrayLevelNonUniformityNormalized.nrrd,original_glszm_LargeAreaEmphasis.nrrd,0.8708302524688217
3667,original_glrlm_GrayLevelNonUniformityNormalized.nrrd,original_glszm_LargeAreaHighGrayLevelEmphasis.nrrd,0.8517463209488699
3668,original_glrlm_GrayLevelNonUniformityNormalized.nrrd,original_glszm_LargeAreaLowGrayLevelEmphasis.nrrd,0.8641854270728487
3669,original_glrlm_GrayLevelNonUniformityNormalized.nrrd,original_glszm_LowGrayLevelZoneEmphasis.nrrd,0.6611796225507673
3670,original_glrlm_GrayLevelNonUniformityNormalized.nrrd,original_glszm_SizeZoneNonUniformity.nrrd,0.7921732669930521
3671,original_glrlm_GrayLevelNonUniformityNormalized.nrrd,original_glszm_SizeZoneNonUniformityNormalized.nrrd,0.927666381459618
3672,original_glrlm_GrayLevelNonUniformityNormalized.nrrd,original_glszm_SmallAreaEmphasis.nrrd,0.9443903646272731
3673,original_glrlm_GrayLevelNonUniformityNormalized.nrrd,original_glszm_SmallAreaHighGrayLevelEmphasis.nrrd,0.8747595390904861
3674,original_glrlm_GrayLevelNonUniformityNormalized.nrrd,original_glszm_SmallAreaLowGrayLevelEmphasis.nrrd,0.5908457564635191
3675,original_glrlm_GrayLevelNonUniformityNormalized.nrrd,original_glszm_ZoneEntropy.nrrd,0.9473547815344111
3676,original_glrlm_GrayLevelNonUniformityNormalized.nrrd,original_glszm_ZonePercentage.nrrd,0.9176265206756679
3677,original_glrlm_GrayLevelNonUniformityNormalized.nrrd,original_glszm_ZoneVariance.nrrd,0.7567350127187317
3678,original_glrlm_GrayLevelNonUniformityNormalized.nrrd,original_ngtdm_Busyness.nrrd,0.9478617730226464
3679,original_glrlm_GrayLevelNonUniformityNormalized.nrrd,original_ngtdm_Coarseness.nrrd,0.9227828625243188
3680,original_glrlm_GrayLevelNonUniformityNormalized.nrrd,original_ngtdm_Complexity.nrrd,0.6722507947023102
3681,original_glrlm_GrayLevelNonUniformityNormalized.nrrd,original_ngtdm_Contrast.nrrd,0.8198664596251585
3682,original_glrlm_GrayLevelNonUniformityNormalized.nrrd,original_ngtdm_Strength.nrrd,0.8290428457071908
3683,original_glrlm_GrayLevelVariance.nrrd,original_glrlm_HighGrayLevelRunEmphasis.nrrd,0.91818486537171
3684,original_glrlm_GrayLevelVariance.nrrd,original_glrlm_LongRunEmphasis.nrrd,0.868118198018809
3685,original_glrlm_GrayLevelVariance.nrrd,original_glrlm_LongRunHighGrayLevelEmphasis.nrrd,0.9097599919235045
3686,original_glrlm_GrayLevelVariance.nrrd,original_glrlm_LongRunLowGrayLevelEmphasis.nrrd,0.7587401331096505
3687,original_glrlm_GrayLevelVariance.nrrd,original_glrlm_LowGrayLevelRunEmphasis.nrrd,0.7515371865165476
3688,original_glrlm_GrayLevelVariance.nrrd,original_glrlm_RunEntropy.nrrd,0.9059376533160922
3689,original_glrlm_GrayLevelVariance.nrrd,original_glrlm_RunLengthNonUniformity.nrrd,0.9192166804199212
3690,original_glrlm_GrayLevelVariance.nrrd,original_glrlm_RunLengthNonUniformityNormalized.nrrd,0.8870082945048534
3691,original_glrlm_GrayLevelVariance.nrrd,original_glrlm_RunPercentage.nrrd,0.883751009260277
3692,original_glrlm_GrayLevelVariance.nrrd,original_glrlm_RunVariance.nrrd,0.7529840674824739
3693,original_glrlm_GrayLevelVariance.nrrd,original_glrlm_ShortRunEmphasis.nrrd,0.8828472661288611
3694,original_glrlm_GrayLevelVariance.nrrd,original_glrlm_ShortRunHighGrayLevelEmphasis.nrrd,0.9201647809335015
3695,original_glrlm_GrayLevelVariance.nrrd,original_glrlm_ShortRunLowGrayLevelEmphasis.nrrd,0.7492614156763406
3696,original_glrlm_GrayLevelVariance.nrrd,original_glszm_GrayLevelNonUniformity.nrrd,0.8636212860781752
3697,original_glrlm_GrayLevelVariance.nrrd,original_glszm_GrayLevelNonUniformityNormalized.nrrd,0.744447245462028
3698,original_glrlm_GrayLevelVariance.nrrd,original_glszm_GrayLevelVariance.nrrd,0.9952186871021995
3699,original_glrlm_GrayLevelVariance.nrrd,original_glszm_HighGrayLevelZoneEmphasis.nrrd,0.9156560733628768
3700,original_glrlm_GrayLevelVariance.nrrd,original_glszm_LargeAreaEmphasis.nrrd,0.540773221836432
3701,original_glrlm_GrayLevelVariance.nrrd,original_glszm_LargeAreaHighGrayLevelEmphasis.nrrd,0.6026144798434709
3702,original_glrlm_GrayLevelVariance.nrrd,original_glszm_LargeAreaLowGrayLevelEmphasis.nrrd,0.5491941543400585
3703,original_glrlm_GrayLevelVariance.nrrd,original_glszm_LowGrayLevelZoneEmphasis.nrrd,0.699547881184042
3704,original_glrlm_GrayLevelVariance.nrrd,original_glszm_SizeZoneNonUniformity.nrrd,0.9518841752156261
3705,original_glrlm_GrayLevelVariance.nrrd,original_glszm_SizeZoneNonUniformityNormalized.nrrd,0.9167085710468535
3706,original_glrlm_GrayLevelVariance.nrrd,original_glszm_SmallAreaEmphasis.nrrd,0.8999980603742455
3707,original_glrlm_GrayLevelVariance.nrrd,original_glszm_SmallAreaHighGrayLevelEmphasis.nrrd,0.9290226127963334
3708,original_glrlm_GrayLevelVariance.nrrd,original_glszm_SmallAreaLowGrayLevelEmphasis.nrrd,0.6621471159289309
3709,original_glrlm_GrayLevelVariance.nrrd,original_glszm_ZoneEntropy.nrrd,0.8945396843990113
3710,original_glrlm_GrayLevelVariance.nrrd,original_glszm_ZonePercentage.nrrd,0.9209640043998725
3711,original_glrlm_GrayLevelVariance.nrrd,original_glszm_ZoneVariance.nrrd,0.4025857279984404
3712,original_glrlm_GrayLevelVariance.nrrd,original_ngtdm_Busyness.nrrd,0.7824622235764579
3713,original_glrlm_GrayLevelVariance.nrrd,original_ngtdm_Coarseness.nrrd,0.7074479470708525
3714,original_glrlm_GrayLevelVariance.nrrd,original_ngtdm_Complexity.nrrd,0.9567853662725536
3715,original_glrlm_GrayLevelVariance.nrrd,original_ngtdm_Contrast.nrrd,0.9657430261585642
3716,original_glrlm_GrayLevelVariance.nrrd,original_ngtdm_Strength.nrrd,0.9404681225488501
3717,original_glrlm_HighGrayLevelRunEmphasis.nrrd,original_glrlm_LongRunEmphasis.nrrd,0.9622941069874337
3718,original_glrlm_HighGrayLevelRunEmphasis.nrrd,original_glrlm_LongRunHighGrayLevelEmphasis.nrrd,0.9994629933382821
3719,original_glrlm_HighGrayLevelRunEmphasis.nrrd,original_glrlm_LongRunLowGrayLevelEmphasis.nrrd,0.7115012136728631
3720,original_glrlm_HighGrayLevelRunEmphasis.nrrd,original_glrlm_LowGrayLevelRunEmphasis.nrrd,0.6914643219606675
3721,original_glrlm_HighGrayLevelRunEmphasis.nrrd,original_glrlm_RunEntropy.nrrd,0.9723419763591981
3722,original_glrlm_HighGrayLevelRunEmphasis.nrrd,original_glrlm_RunLengthNonUniformity.nrrd,0.9636779297310379
3723,original_glrlm_HighGrayLevelRunEmphasis.nrrd,original_glrlm_RunLengthNonUniformityNormalized.nrrd,0.9670511689589841
3724,original_glrlm_HighGrayLevelRunEmphasis.nrrd,original_glrlm_RunPercentage.nrrd,0.9664368615273957
3725,original_glrlm_HighGrayLevelRunEmphasis.nrrd,original_glrlm_RunVariance.nrrd,0.9037152907659288
3726,original_glrlm_HighGrayLevelRunEmphasis.nrrd,original_glrlm_ShortRunEmphasis.nrrd,0.9662426768154099
3727,original_glrlm_HighGrayLevelRunEmphasis.nrrd,original_glrlm_ShortRunHighGrayLevelEmphasis.nrrd,0.9999668827513473
3728,original_glrlm_HighGrayLevelRunEmphasis.nrrd,original_glrlm_ShortRunLowGrayLevelEmphasis.nrrd,0.6860499245672885
3729,original_glrlm_HighGrayLevelRunEmphasis.nrrd,original_glszm_GrayLevelNonUniformity.nrrd,0.9494474952618976
3730,original_glrlm_HighGrayLevelRunEmphasis.nrrd,original_glszm_GrayLevelNonUniformityNormalized.nrrd,0.9001092666281447
3731,original_glrlm_HighGrayLevelRunEmphasis.nrrd,original_glszm_GrayLevelVariance.nrrd,0.9258682889146207
3732,original_glrlm_HighGrayLevelRunEmphasis.nrrd,original_glszm_HighGrayLevelZoneEmphasis.nrrd,0.9994778254494516
3733,original_glrlm_HighGrayLevelRunEmphasis.nrrd,original_glszm_LargeAreaEmphasis.nrrd,0.71987378977535
3734,original_glrlm_HighGrayLevelRunEmphasis.nrrd,original_glszm_LargeAreaHighGrayLevelEmphasis.nrrd,0.7791644648358232
3735,original_glrlm_HighGrayLevelRunEmphasis.nrrd,original_glszm_LargeAreaLowGrayLevelEmphasis.nrrd,0.673640551971067
3736,original_glrlm_HighGrayLevelRunEmphasis.nrrd,original_glszm_LowGrayLevelZoneEmphasis.nrrd,0.6245392274283388
3737,original_glrlm_HighGrayLevelRunEmphasis.nrrd,original_glszm_SizeZoneNonUniformity.nrrd,0.9385281197068791
3738,original_glrlm_HighGrayLevelRunEmphasis.nrrd,original_glszm_SizeZoneNonUniformityNormalized.nrrd,0.9685366305755881
3739,original_glrlm_HighGrayLevelRunEmphasis.nrrd,original_glszm_SmallAreaEmphasis.nrrd,0.9688510971111463
3740,original_glrlm_HighGrayLevelRunEmphasis.nrrd,original_glszm_SmallAreaHighGrayLevelEmphasis.nrrd,0.9979584360575546
3741,original_glrlm_HighGrayLevelRunEmphasis.nrrd,original_glszm_SmallAreaLowGrayLevelEmphasis.nrrd,0.5680362114740791
3742,original_glrlm_HighGrayLevelRunEmphasis.nrrd,original_glszm_ZoneEntropy.nrrd,0.9701677067290682
3743,original_glrlm_HighGrayLevelRunEmphasis.nrrd,original_glszm_ZonePercentage.nrrd,0.9671536423100957
3744,original_glrlm_HighGrayLevelRunEmphasis.nrrd,original_glszm_ZoneVariance.nrrd,0.5821568474305285
3745,original_glrlm_HighGrayLevelRunEmphasis.nrrd,original_ngtdm_Busyness.nrrd,0.9070211845924969
3746,original_glrlm_HighGrayLevelRunEmphasis.nrrd,original_ngtdm_Coarseness.nrrd,0.8313953740579194
3747,original_glrlm_HighGrayLevelRunEmphasis.nrrd,original_ngtdm_Complexity.nrrd,0.8511102899407753
3748,original_glrlm_HighGrayLevelRunEmphasis.nrrd,original_ngtdm_Contrast.nrrd,0.9414059217338369
3749,original_glrlm_HighGrayLevelRunEmphasis.nrrd,original_ngtdm_Strength.nrrd,0.9150377946868465
3750,original_glrlm_LongRunEmphasis.nrrd,original_glrlm_LongRunHighGrayLevelEmphasis.nrrd,0.9656337256504753
3751,original_glrlm_LongRunEmphasis.nrrd,original_glrlm_LongRunLowGrayLevelEmphasis.nrrd,0.8026126217958928
3752,original_glrlm_LongRunEmphasis.nrrd,original_glrlm_LowGrayLevelRunEmphasis.nrrd,0.7786234439396386
3753,original_glrlm_LongRunEmphasis.nrrd,original_glrlm_RunEntropy.nrrd,0.9958036074858163
3754,original_glrlm_LongRunEmphasis.nrrd,original_glrlm_RunLengthNonUniformity.nrrd,0.9533950634606805
3755,original_glrlm_LongRunEmphasis.nrrd,original_glrlm_RunLengthNonUniformityNormalized.nrrd,0.9983823246538566
3756,original_glrlm_LongRunEmphasis.nrrd,original_glrlm_RunPercentage.nrrd,0.99890721414294
3757,original_glrlm_LongRunEmphasis.nrrd,original_glrlm_RunVariance.nrrd,0.9680576023817613
3758,original_glrlm_LongRunEmphasis.nrrd,original_glrlm_ShortRunEmphasis.nrrd,0.999038084968906
3759,original_glrlm_LongRunEmphasis.nrrd,original_glrlm_ShortRunHighGrayLevelEmphasis.nrrd,0.961315471541109
3760,original_glrlm_LongRunEmphasis.nrrd,original_glrlm_ShortRunLowGrayLevelEmphasis.nrrd,0.7722381293343545
3761,original_glrlm_LongRunEmphasis.nrrd,original_glszm_GrayLevelNonUniformity.nrrd,0.964766718994972
3762,original_glrlm_LongRunEmphasis.nrrd,original_glszm_GrayLevelNonUniformityNormalized.nrrd,0.9715227281170246
3763,original_glrlm_LongRunEmphasis.nrrd,original_glszm_GrayLevelVariance.nrrd,0.8892215783665778
3764,original_glrlm_LongRunEmphasis.nrrd,original_glszm_HighGrayLevelZoneEmphasis.nrrd,0.963437275468149
3765,original_glrlm_LongRunEmphasis.nrrd,original_glszm_LargeAreaEmphasis.nrrd,0.7985865601997763
3766,original_glrlm_LongRunEmphasis.nrrd,original_glszm_LargeAreaHighGrayLevelEmphasis.nrrd,0.8071981573280814
3767,original_glrlm_LongRunEmphasis.nrrd,original_glszm_LargeAreaLowGrayLevelEmphasis.nrrd,0.7930988047186739
3768,original_glrlm_LongRunEmphasis.nrrd,original_glszm_LowGrayLevelZoneEmphasis.nrrd,0.706821640340253
3769,original_glrlm_LongRunEmphasis.nrrd,original_glszm_SizeZoneNonUniformity.nrrd,0.9057271866416827
3770,original_glrlm_LongRunEmphasis.nrrd,original_glszm_SizeZoneNonUniformityNormalized.nrrd,0.9886420650571522
3771,original_glrlm_LongRunEmphasis.nrrd,original_glszm_SmallAreaEmphasis.nrrd,0.9956990288999108
3772,original_glrlm_LongRunEmphasis.nrrd,original_glszm_SmallAreaHighGrayLevelEmphasis.nrrd,0.9554590744966276
3773,original_glrlm_LongRunEmphasis.nrrd,original_glszm_SmallAreaLowGrayLevelEmphasis.nrrd,0.641935945553767
3774,original_glrlm_LongRunEmphasis.nrrd,original_glszm_ZoneEntropy.nrrd,0.9977429884160652
3775,original_glrlm_LongRunEmphasis.nrrd,original_glszm_ZonePercentage.nrrd,0.9844892399718855
3776,original_glrlm_LongRunEmphasis.nrrd,original_glszm_ZoneVariance.nrrd,0.6619128035355326
3777,original_glrlm_LongRunEmphasis.nrrd,original_ngtdm_Busyness.nrrd,0.9630549287649517
3778,original_glrlm_LongRunEmphasis.nrrd,original_ngtdm_Coarseness.nrrd,0.8998705285554339
3779,original_glrlm_LongRunEmphasis.nrrd,original_ngtdm_Complexity.nrrd,0.8094852484026674
3780,original_glrlm_LongRunEmphasis.nrrd,original_ngtdm_Contrast.nrrd,0.922671324570004
3781,original_glrlm_LongRunEmphasis.nrrd,original_ngtdm_Strength.nrrd,0.9204458858510759
3782,original_glrlm_LongRunHighGrayLevelEmphasis.nrrd,original_glrlm_LongRunLowGrayLevelEmphasis.nrrd,0.7118378699014931
3783,original_glrlm_LongRunHighGrayLevelEmphasis.nrrd,original_glrlm_LowGrayLevelRunEmphasis.nrrd,0.6908515737476895
3784,original_glrlm_LongRunHighGrayLevelEmphasis.nrrd,original_glrlm_RunEntropy.nrrd,0.9730816530989902
3785,original_glrlm_LongRunHighGrayLevelEmphasis.nrrd,original_glrlm_RunLengthNonUniformity.nrrd,0.9612369009254955
3786,original_glrlm_LongRunHighGrayLevelEmphasis.nrrd,original_glrlm_RunLengthNonUniformityNormalized.nrrd,0.9686014729629998
3787,original_glrlm_LongRunHighGrayLevelEmphasis.nrrd,original_glrlm_RunPercentage.nrrd,0.9683063606437691
3788,original_glrlm_LongRunHighGrayLevelEmphasis.nrrd,original_glrlm_RunVariance.nrrd,0.9147960755812364
3789,original_glrlm_LongRunHighGrayLevelEmphasis.nrrd,original_glrlm_ShortRunEmphasis.nrrd,0.9682034989111878
3790,original_glrlm_LongRunHighGrayLevelEmphasis.nrrd,original_glrlm_ShortRunHighGrayLevelEmphasis.nrrd,0.9991639359090103
3791,original_glrlm_LongRunHighGrayLevelEmphasis.nrrd,original_glrlm_ShortRunLowGrayLevelEmphasis.nrrd,0.6852129377886271
3792,original_glrlm_LongRunHighGrayLevelEmphasis.nrrd,original_glszm_GrayLevelNonUniformity.nrrd,0.9489964697149341
3793,original_glrlm_LongRunHighGrayLevelEmphasis.nrrd,original_glszm_GrayLevelNonUniformityNormalized.nrrd,0.9080306096168815
3794,original_glrlm_LongRunHighGrayLevelEmphasis.nrrd,original_glszm_GrayLevelVariance.nrrd,0.9181775178839932
3795,original_glrlm_LongRunHighGrayLevelEmphasis.nrrd,original_glszm_HighGrayLevelZoneEmphasis.nrrd,0.9988584214800033
3796,original_glrlm_LongRunHighGrayLevelEmphasis.nrrd,original_glszm_LargeAreaEmphasis.nrrd,0.7389922063223688
3797,original_glrlm_LongRunHighGrayLevelEmphasis.nrrd,original_glszm_LargeAreaHighGrayLevelEmphasis.nrrd,0.7966302389743355
3798,original_glrlm_LongRunHighGrayLevelEmphasis.nrrd,original_glszm_LargeAreaLowGrayLevelEmphasis.nrrd,0.6908454281891481
3799,original_glrlm_LongRunHighGrayLevelEmphasis.nrrd,original_glszm_LowGrayLevelZoneEmphasis.nrrd,0.6235252535339338
3800,original_glrlm_LongRunHighGrayLevelEmphasis.nrrd,original_glszm_SizeZoneNonUniformity.nrrd,0.9307803291017127
3801,original_glrlm_LongRunHighGrayLevelEmphasis.nrrd,original_glszm_SizeZoneNonUniformityNormalized.nrrd,0.9676284593848908
3802,original_glrlm_LongRunHighGrayLevelEmphasis.nrrd,original_glszm_SmallAreaEmphasis.nrrd,0.9694871185717188
3803,original_glrlm_LongRunHighGrayLevelEmphasis.nrrd,original_glszm_SmallAreaHighGrayLevelEmphasis.nrrd,0.9958319208579985
3804,original_glrlm_LongRunHighGrayLevelEmphasis.nrrd,original_glszm_SmallAreaLowGrayLevelEmphasis.nrrd,0.5658133852009364
3805,original_glrlm_LongRunHighGrayLevelEmphasis.nrrd,original_glszm_ZoneEntropy.nrrd,0.9716773658830365
3806,original_glrlm_LongRunHighGrayLevelEmphasis.nrrd,original_glszm_ZonePercentage.nrrd,0.965036473659933
3807,original_glrlm_LongRunHighGrayLevelEmphasis.nrrd,original_glszm_ZoneVariance.nrrd,0.6039941599721432
3808,original_glrlm_LongRunHighGrayLevelEmphasis.nrrd,original_ngtdm_Busyness.nrrd,0.9118023024355729
3809,original_glrlm_LongRunHighGrayLevelEmphasis.nrrd,original_ngtdm_Coarseness.nrrd,0.8387859861466571
3810,original_glrlm_LongRunHighGrayLevelEmphasis.nrrd,original_ngtdm_Complexity.nrrd,0.8388503563974122
3811,original_glrlm_LongRunHighGrayLevelEmphasis.nrrd,original_ngtdm_Contrast.nrrd,0.936022723504638
3812,original_glrlm_LongRunHighGrayLevelEmphasis.nrrd,original_ngtdm_Strength.nrrd,0.9115873547644292
3813,original_glrlm_LongRunLowGrayLevelEmphasis.nrrd,original_glrlm_LowGrayLevelRunEmphasis.nrrd,0.9987060569257483
3814,original_glrlm_LongRunLowGrayLevelEmphasis.nrrd,original_glrlm_RunEntropy.nrrd,0.8078295495009108
3815,original_glrlm_LongRunLowGrayLevelEmphasis.nrrd,original_glrlm_RunLengthNonUniformity.nrrd,0.7499088745277829
3816,original_glrlm_LongRunLowGrayLevelEmphasis.nrrd,original_glrlm_RunLengthNonUniformityNormalized.nrrd,0.8077584564221744
3817,original_glrlm_LongRunLowGrayLevelEmphasis.nrrd,original_glrlm_RunPercentage.nrrd,0.8069070176779701
3818,original_glrlm_LongRunLowGrayLevelEmphasis.nrrd,original_glrlm_RunVariance.nrrd,0.7510243177660149
3819,original_glrlm_LongRunLowGrayLevelEmphasis.nrrd,original_glrlm_ShortRunEmphasis.nrrd,0.8067077880698043
3820,original_glrlm_LongRunLowGrayLevelEmphasis.nrrd,original_glrlm_ShortRunHighGrayLevelEmphasis.nrrd,0.7113505453879012
3821,original_glrlm_LongRunLowGrayLevelEmphasis.nrrd,original_glrlm_ShortRunLowGrayLevelEmphasis.nrrd,0.9979935855830073
3822,original_glrlm_LongRunLowGrayLevelEmphasis.nrrd,original_glszm_GrayLevelNonUniformity.nrrd,0.7555851161824676
3823,original_glrlm_LongRunLowGrayLevelEmphasis.nrrd,original_glszm_GrayLevelNonUniformityNormalized.nrrd,0.7647734861558676
3824,original_glrlm_LongRunLowGrayLevelEmphasis.nrrd,original_glszm_GrayLevelVariance.nrrd,0.7879290300271569
3825,original_glrlm_LongRunLowGrayLevelEmphasis.nrrd,original_glszm_HighGrayLevelZoneEmphasis.nrrd,0.7105334601255155
3826,original_glrlm_LongRunLowGrayLevelEmphasis.nrrd,original_glszm_LargeAreaEmphasis.nrrd,0.5937050990680363
3827,original_glrlm_LongRunLowGrayLevelEmphasis.nrrd,original_glszm_LargeAreaHighGrayLevelEmphasis.nrrd,0.5631933796084347
3828,original_glrlm_LongRunLowGrayLevelEmphasis.nrrd,original_glszm_LargeAreaLowGrayLevelEmphasis.nrrd,0.7317208011938654
3829,original_glrlm_LongRunLowGrayLevelEmphasis.nrrd,original_glszm_LowGrayLevelZoneEmphasis.nrrd,0.9821482377624159
3830,original_glrlm_LongRunLowGrayLevelEmphasis.nrrd,original_glszm_SizeZoneNonUniformity.nrrd,0.7384734651380536
3831,original_glrlm_LongRunLowGrayLevelEmphasis.nrrd,original_glszm_SizeZoneNonUniformityNormalized.nrrd,0.8145713239825458
3832,original_glrlm_LongRunLowGrayLevelEmphasis.nrrd,original_glszm_SmallAreaEmphasis.nrrd,0.8114651641203946
3833,original_glrlm_LongRunLowGrayLevelEmphasis.nrrd,original_glszm_SmallAreaHighGrayLevelEmphasis.nrrd,0.7089832472149777
3834,original_glrlm_LongRunLowGrayLevelEmphasis.nrrd,original_glszm_SmallAreaLowGrayLevelEmphasis.nrrd,0.9568265901718674
3835,original_glrlm_LongRunLowGrayLevelEmphasis.nrrd,original_glszm_ZoneEntropy.nrrd,0.8060295961036164
3836,original_glrlm_LongRunLowGrayLevelEmphasis.nrrd,original_glszm_ZonePercentage.nrrd,0.812657851874128
3837,original_glrlm_LongRunLowGrayLevelEmphasis.nrrd,original_glszm_ZoneVariance.nrrd,0.47786941947673256
3838,original_glrlm_LongRunLowGrayLevelEmphasis.nrrd,original_ngtdm_Busyness.nrrd,0.750722429469419
3839,original_glrlm_LongRunLowGrayLevelEmphasis.nrrd,original_ngtdm_Coarseness.nrrd,0.7225385714490772
3840,original_glrlm_LongRunLowGrayLevelEmphasis.nrrd,original_ngtdm_Complexity.nrrd,0.7538151886059492
3841,original_glrlm_LongRunLowGrayLevelEmphasis.nrrd,original_ngtdm_Contrast.nrrd,0.7905559620753382
3842,original_glrlm_LongRunLowGrayLevelEmphasis.nrrd,original_ngtdm_Strength.nrrd,0.829744897024099
3843,original_glrlm_LowGrayLevelRunEmphasis.nrrd,original_glrlm_RunEntropy.nrrd,0.7866046801337792
3844,original_glrlm_LowGrayLevelRunEmphasis.nrrd,original_glrlm_RunLengthNonUniformity.nrrd,0.7319959590236514
3845,original_glrlm_LowGrayLevelRunEmphasis.nrrd,original_glrlm_RunLengthNonUniformityNormalized.nrrd,0.7855499072631061
3846,original_glrlm_LowGrayLevelRunEmphasis.nrrd,original_glrlm_RunPercentage.nrrd,0.7843705997919119
3847,original_glrlm_LowGrayLevelRunEmphasis.nrrd,original_glrlm_RunVariance.nrrd,0.7202504479962583
3848,original_glrlm_LowGrayLevelRunEmphasis.nrrd,original_glrlm_ShortRunEmphasis.nrrd,0.7840814180520799
3849,original_glrlm_LowGrayLevelRunEmphasis.nrrd,original_glrlm_ShortRunHighGrayLevelEmphasis.nrrd,0.6915533956289268
3850,original_glrlm_LowGrayLevelRunEmphasis.nrrd,original_glrlm_ShortRunLowGrayLevelEmphasis.nrrd,0.999921807765236
3851,original_glrlm_LowGrayLevelRunEmphasis.nrrd,original_glszm_GrayLevelNonUniformity.nrrd,0.7351336902140382
3852,original_glrlm_LowGrayLevelRunEmphasis.nrrd,original_glszm_GrayLevelNonUniformityNormalized.nrrd,0.7362164205805276
3853,original_glrlm_LowGrayLevelRunEmphasis.nrrd,original_glszm_GrayLevelVariance.nrrd,0.7802347782521172
3854,original_glrlm_LowGrayLevelRunEmphasis.nrrd,original_glszm_HighGrayLevelZoneEmphasis.nrrd,0.6901521664811896
3855,original_glrlm_LowGrayLevelRunEmphasis.nrrd,original_glszm_LargeAreaEmphasis.nrrd,0.5599329839772665
3856,original_glrlm_LowGrayLevelRunEmphasis.nrrd,original_glszm_LargeAreaHighGrayLevelEmphasis.nrrd,0.5322341168280874
3857,original_glrlm_LowGrayLevelRunEmphasis.nrrd,original_glszm_LargeAreaLowGrayLevelEmphasis.nrrd,0.7026400946927778
3858,original_glrlm_LowGrayLevelRunEmphasis.nrrd,original_glszm_LowGrayLevelZoneEmphasis.nrrd,0.9890157051973519
3859,original_glrlm_LowGrayLevelRunEmphasis.nrrd,original_glszm_SizeZoneNonUniformity.nrrd,0.7273246412934892
3860,original_glrlm_LowGrayLevelRunEmphasis.nrrd,original_glszm_SizeZoneNonUniformityNormalized.nrrd,0.7955761475833489
3861,original_glrlm_LowGrayLevelRunEmphasis.nrrd,original_glszm_SmallAreaEmphasis.nrrd,0.7905029682381277
3862,original_glrlm_LowGrayLevelRunEmphasis.nrrd,original_glszm_SmallAreaHighGrayLevelEmphasis.nrrd,0.6901870551420108
3863,original_glrlm_LowGrayLevelRunEmphasis.nrrd,original_glszm_SmallAreaLowGrayLevelEmphasis.nrrd,0.9686387606538557
3864,original_glrlm_LowGrayLevelRunEmphasis.nrrd,original_glszm_ZoneEntropy.nrrd,0.7839359631861729
3865,original_glrlm_LowGrayLevelRunEmphasis.nrrd,original_glszm_ZonePercentage.nrrd,0.7945653092638156
3866,original_glrlm_LowGrayLevelRunEmphasis.nrrd,original_glszm_ZoneVariance.nrrd,0.4451617764081226
3867,original_glrlm_LowGrayLevelRunEmphasis.nrrd,original_ngtdm_Busyness.nrrd,0.7239942308239685
3868,original_glrlm_LowGrayLevelRunEmphasis.nrrd,original_ngtdm_Coarseness.nrrd,0.6959341220170565
3869,original_glrlm_LowGrayLevelRunEmphasis.nrrd,original_ngtdm_Complexity.nrrd,0.7529078565224551
3870,original_glrlm_LowGrayLevelRunEmphasis.nrrd,original_ngtdm_Contrast.nrrd,0.7782932081545656
3871,original_glrlm_LowGrayLevelRunEmphasis.nrrd,original_ngtdm_Strength.nrrd,0.817839616356416
3872,original_glrlm_RunEntropy.nrrd,original_glrlm_RunLengthNonUniformity.nrrd,0.9690008508106112
3873,original_glrlm_RunEntropy.nrrd,original_glrlm_RunLengthNonUniformityNormalized.nrrd,0.9988030536172232
3874,original_glrlm_RunEntropy.nrrd,original_glrlm_RunPercentage.nrrd,0.9984970394863519
3875,original_glrlm_RunEntropy.nrrd,original_glrlm_RunVariance.nrrd,0.9439133571777935
3876,original_glrlm_RunEntropy.nrrd,original_glrlm_ShortRunEmphasis.nrrd,0.9983961956933693
3877,original_glrlm_RunEntropy.nrrd,original_glrlm_ShortRunHighGrayLevelEmphasis.nrrd,0.9720089553298883
3878,original_glrlm_RunEntropy.nrrd,original_glrlm_ShortRunLowGrayLevelEmphasis.nrrd,0.7808769559544196
3879,original_glrlm_RunEntropy.nrrd,original_glszm_GrayLevelNonUniformity.nrrd,0.9703151828704922
3880,original_glrlm_RunEntropy.nrrd,original_glszm_GrayLevelNonUniformityNormalized.nrrd,0.9480557909970868
3881,original_glrlm_RunEntropy.nrrd,original_glszm_GrayLevelVariance.nrrd,0.9239365234334026
3882,original_glrlm_RunEntropy.nrrd,original_glszm_HighGrayLevelZoneEmphasis.nrrd,0.9731870375859697
3883,original_glrlm_RunEntropy.nrrd,original_glszm_LargeAreaEmphasis.nrrd,0.7554653569307451
3884,original_glrlm_RunEntropy.nrrd,original_glszm_LargeAreaHighGrayLevelEmphasis.nrrd,0.773568795516199
3885,original_glrlm_RunEntropy.nrrd,original_glszm_LargeAreaLowGrayLevelEmphasis.nrrd,0.7522080808388689
3886,original_glrlm_RunEntropy.nrrd,original_glszm_LowGrayLevelZoneEmphasis.nrrd,0.7165084051542966
3887,original_glrlm_RunEntropy.nrrd,original_glszm_SizeZoneNonUniformity.nrrd,0.9356597130868803
3888,original_glrlm_RunEntropy.nrrd,original_glszm_SizeZoneNonUniformityNormalized.nrrd,0.9964517859737625
3889,original_glrlm_RunEntropy.nrrd,original_glszm_SmallAreaEmphasis.nrrd,0.9990178579971108
3890,original_glrlm_RunEntropy.nrrd,original_glszm_SmallAreaHighGrayLevelEmphasis.nrrd,0.9693201233988511
3891,original_glrlm_RunEntropy.nrrd,original_glszm_SmallAreaLowGrayLevelEmphasis.nrrd,0.6553077163741152
3892,original_glrlm_RunEntropy.nrrd,original_glszm_ZoneEntropy.nrrd,0.9995269088035854
3893,original_glrlm_RunEntropy.nrrd,original_glszm_ZonePercentage.nrrd,0.9947761550876549
3894,original_glrlm_RunEntropy.nrrd,original_glszm_ZoneVariance.nrrd,0.6128513096054387
3895,original_glrlm_RunEntropy.nrrd,original_ngtdm_Busyness.nrrd,0.9513786367111395
3896,original_glrlm_RunEntropy.nrrd,original_ngtdm_Coarseness.nrrd,0.8774478946325215
3897,original_glrlm_RunEntropy.nrrd,original_ngtdm_Complexity.nrrd,0.8534350346874715
3898,original_glrlm_RunEntropy.nrrd,original_ngtdm_Contrast.nrrd,0.9466500813967771
3899,original_glrlm_RunEntropy.nrrd,original_ngtdm_Strength.nrrd,0.9403353784132041
3900,original_glrlm_RunLengthNonUniformity.nrrd,original_glrlm_RunLengthNonUniformityNormalized.nrrd,0.9612901421386387
3901,original_glrlm_RunLengthNonUniformity.nrrd,original_glrlm_RunPercentage.nrrd,0.9601019412856286
3902,original_glrlm_RunLengthNonUniformity.nrrd,original_glrlm_RunVariance.nrrd,0.8818361956163838
3903,original_glrlm_RunLengthNonUniformity.nrrd,original_glrlm_ShortRunEmphasis.nrrd,0.9597610831399859
3904,original_glrlm_RunLengthNonUniformity.nrrd,original_glrlm_ShortRunHighGrayLevelEmphasis.nrrd,0.9641413048503951
3905,original_glrlm_RunLengthNonUniformity.nrrd,original_glrlm_ShortRunLowGrayLevelEmphasis.nrrd,0.7270810607766774
3906,original_glrlm_RunLengthNonUniformity.nrrd,original_glszm_GrayLevelNonUniformity.nrrd,0.9879031352930779
3907,original_glrlm_RunLengthNonUniformity.nrrd,original_glszm_GrayLevelNonUniformityNormalized.nrrd,0.8773898967334228
3908,original_glrlm_RunLengthNonUniformity.nrrd,original_glszm_GrayLevelVariance.nrrd,0.9338337262139627
3909,original_glrlm_RunLengthNonUniformity.nrrd,original_glszm_HighGrayLevelZoneEmphasis.nrrd,0.9648787516901782
3910,original_glrlm_RunLengthNonUniformity.nrrd,original_glszm_LargeAreaEmphasis.nrrd,0.6954049103259008
3911,original_glrlm_RunLengthNonUniformity.nrrd,original_glszm_LargeAreaHighGrayLevelEmphasis.nrrd,0.7342097119939818
3912,original_glrlm_RunLengthNonUniformity.nrrd,original_glszm_LargeAreaLowGrayLevelEmphasis.nrrd,0.6745174515599668
3913,original_glrlm_RunLengthNonUniformity.nrrd,original_glszm_LowGrayLevelZoneEmphasis.nrrd,0.6663188397223353
3914,original_glrlm_RunLengthNonUniformity.nrrd,original_glszm_SizeZoneNonUniformity.nrrd,0.9808735856467365
3915,original_glrlm_RunLengthNonUniformity.nrrd,original_glszm_SizeZoneNonUniformityNormalized.nrrd,0.9685938875526553
3916,original_glrlm_RunLengthNonUniformity.nrrd,original_glszm_SmallAreaEmphasis.nrrd,0.9655506698897093
3917,original_glrlm_RunLengthNonUniformity.nrrd,original_glszm_SmallAreaHighGrayLevelEmphasis.nrrd,0.9673165083244872
3918,original_glrlm_RunLengthNonUniformity.nrrd,original_glszm_SmallAreaLowGrayLevelEmphasis.nrrd,0.6121516082938615
3919,original_glrlm_RunLengthNonUniformity.nrrd,original_glszm_ZoneEntropy.nrrd,0.9672836269769074
3920,original_glrlm_RunLengthNonUniformity.nrrd,original_glszm_ZonePercentage.nrrd,0.9678804209496159
3921,original_glrlm_RunLengthNonUniformity.nrrd,original_glszm_ZoneVariance.nrrd,0.5582561296878444
3922,original_glrlm_RunLengthNonUniformity.nrrd,original_ngtdm_Busyness.nrrd,0.9309117886958261
3923,original_glrlm_RunLengthNonUniformity.nrrd,original_ngtdm_Coarseness.nrrd,0.755430208614992
3924,original_glrlm_RunLengthNonUniformity.nrrd,original_ngtdm_Complexity.nrrd,0.8928887158394474
3925,original_glrlm_RunLengthNonUniformity.nrrd,original_ngtdm_Contrast.nrrd,0.9215424135504446
3926,original_glrlm_RunLengthNonUniformity.nrrd,original_ngtdm_Strength.nrrd,0.8990281788986062
3927,original_glrlm_RunLengthNonUniformityNormalized.nrrd,original_glrlm_RunPercentage.nrrd,0.9999479652795027
3928,original_glrlm_RunLengthNonUniformityNormalized.nrrd,original_glrlm_RunVariance.nrrd,0.9522986322952643
3929,original_glrlm_RunLengthNonUniformityNormalized.nrrd,original_glrlm_ShortRunEmphasis.nrrd,0.9999147530720267
3930,original_glrlm_RunLengthNonUniformityNormalized.nrrd,original_glrlm_ShortRunHighGrayLevelEmphasis.nrrd,0.966514778918303
3931,original_glrlm_RunLengthNonUniformityNormalized.nrrd,original_glrlm_ShortRunLowGrayLevelEmphasis.nrrd,0.7795827777373197
3932,original_glrlm_RunLengthNonUniformityNormalized.nrrd,original_glszm_GrayLevelNonUniformity.nrrd,0.9694083073399912
3933,original_glrlm_RunLengthNonUniformityNormalized.nrrd,original_glszm_GrayLevelNonUniformityNormalized.nrrd,0.961573718134212
3934,original_glrlm_RunLengthNonUniformityNormalized.nrrd,original_glszm_GrayLevelVariance.nrrd,0.906925923093127
3935,original_glrlm_RunLengthNonUniformityNormalized.nrrd,original_glszm_HighGrayLevelZoneEmphasis.nrrd,0.9679867645815021
3936,original_glrlm_RunLengthNonUniformityNormalized.nrrd,original_glszm_LargeAreaEmphasis.nrrd,0.7679964536268655
3937,original_glrlm_RunLengthNonUniformityNormalized.nrrd,original_glszm_LargeAreaHighGrayLevelEmphasis.nrrd,0.7809576468019608
3938,original_glrlm_RunLengthNonUniformityNormalized.nrrd,original_glszm_LargeAreaLowGrayLevelEmphasis.nrrd,0.7652345734012214
3939,original_glrlm_RunLengthNonUniformityNormalized.nrrd,original_glszm_LowGrayLevelZoneEmphasis.nrrd,0.7144429939072394
3940,original_glrlm_RunLengthNonUniformityNormalized.nrrd,original_glszm_SizeZoneNonUniformity.nrrd,0.9229788732427193
3941,original_glrlm_RunLengthNonUniformityNormalized.nrrd,original_glszm_SizeZoneNonUniformityNormalized.nrrd,0.9948433489409932
3942,original_glrlm_RunLengthNonUniformityNormalized.nrrd,original_glszm_SmallAreaEmphasis.nrrd,0.9990544807160737
3943,original_glrlm_RunLengthNonUniformityNormalized.nrrd,original_glszm_SmallAreaHighGrayLevelEmphasis.nrrd,0.9625496147996926
3944,original_glrlm_RunLengthNonUniformityNormalized.nrrd,original_glszm_SmallAreaLowGrayLevelEmphasis.nrrd,0.6516163135625698
3945,original_glrlm_RunLengthNonUniformityNormalized.nrrd,original_glszm_ZoneEntropy.nrrd,0.999337920724425
3946,original_glrlm_RunLengthNonUniformityNormalized.nrrd,original_glszm_ZonePercentage.nrrd,0.9927531867644035
3947,original_glrlm_RunLengthNonUniformityNormalized.nrrd,original_glszm_ZoneVariance.nrrd,0.626208322540138
3948,original_glrlm_RunLengthNonUniformityNormalized.nrrd,original_ngtdm_Busyness.nrrd,0.9581602616977216
3949,original_glrlm_RunLengthNonUniformityNormalized.nrrd,original_ngtdm_Coarseness.nrrd,0.8906175236168667
3950,original_glrlm_RunLengthNonUniformityNormalized.nrrd,original_ngtdm_Complexity.nrrd,0.8349296277979498
3951,original_glrlm_RunLengthNonUniformityNormalized.nrrd,original_ngtdm_Contrast.nrrd,0.9371816012287041
3952,original_glrlm_RunLengthNonUniformityNormalized.nrrd,original_ngtdm_Strength.nrrd,0.9309483841136882
3953,original_glrlm_RunPercentage.nrrd,original_glrlm_RunVariance.nrrd,0.9553115827569764
3954,original_glrlm_RunPercentage.nrrd,original_glrlm_ShortRunEmphasis.nrrd,0.9999957848572362
3955,original_glrlm_RunPercentage.nrrd,original_glrlm_ShortRunHighGrayLevelEmphasis.nrrd,0.9658209477377565
3956,original_glrlm_RunPercentage.nrrd,original_glrlm_ShortRunLowGrayLevelEmphasis.nrrd,0.7783258152360555
3957,original_glrlm_RunPercentage.nrrd,original_glszm_GrayLevelNonUniformity.nrrd,0.9688351375000841
3958,original_glrlm_RunPercentage.nrrd,original_glszm_GrayLevelNonUniformityNormalized.nrrd,0.9636086234589053
3959,original_glrlm_RunPercentage.nrrd,original_glszm_GrayLevelVariance.nrrd,0.9038941882959229
3960,original_glrlm_RunPercentage.nrrd,original_glszm_HighGrayLevelZoneEmphasis.nrrd,0.9674120734857107
3961,original_glrlm_RunPercentage.nrrd,original_glszm_LargeAreaEmphasis.nrrd,0.7735408226345746
3962,original_glrlm_RunPercentage.nrrd,original_glszm_LargeAreaHighGrayLevelEmphasis.nrrd,0.7857527059330871
3963,original_glrlm_RunPercentage.nrrd,original_glszm_LargeAreaLowGrayLevelEmphasis.nrrd,0.7702332665571606
3964,original_glrlm_RunPercentage.nrrd,original_glszm_LowGrayLevelZoneEmphasis.nrrd,0.7131071840278875
3965,original_glrlm_RunPercentage.nrrd,original_glszm_SizeZoneNonUniformity.nrrd,0.9200700775388485
3966,original_glrlm_RunPercentage.nrrd,original_glszm_SizeZoneNonUniformityNormalized.nrrd,0.9939474277904494
3967,original_glrlm_RunPercentage.nrrd,original_glszm_SmallAreaEmphasis.nrrd,0.9986807200586124
3968,original_glrlm_RunPercentage.nrrd,original_glszm_SmallAreaHighGrayLevelEmphasis.nrrd,0.9615087325442498
3969,original_glrlm_RunPercentage.nrrd,original_glszm_SmallAreaLowGrayLevelEmphasis.nrrd,0.6498832157980546
3970,original_glrlm_RunPercentage.nrrd,original_glszm_ZoneEntropy.nrrd,0.9992889376205089
3971,original_glrlm_RunPercentage.nrrd,original_glszm_ZonePercentage.nrrd,0.9915024310116238
3972,original_glrlm_RunPercentage.nrrd,original_glszm_ZoneVariance.nrrd,0.6325911232794975
3973,original_glrlm_RunPercentage.nrrd,original_ngtdm_Busyness.nrrd,0.9592819262428894
3974,original_glrlm_RunPercentage.nrrd,original_ngtdm_Coarseness.nrrd,0.8924764400167866
3975,original_glrlm_RunPercentage.nrrd,original_ngtdm_Complexity.nrrd,0.8304839151404859
3976,original_glrlm_RunPercentage.nrrd,original_ngtdm_Contrast.nrrd,0.9347439540953897
3977,original_glrlm_RunPercentage.nrrd,original_ngtdm_Strength.nrrd,0.9292320991063459
3978,original_glrlm_RunVariance.nrrd,original_glrlm_ShortRunEmphasis.nrrd,0.9561643989098025
3979,original_glrlm_RunVariance.nrrd,original_glrlm_ShortRunHighGrayLevelEmphasis.nrrd,0.9008423998405557
3980,original_glrlm_RunVariance.nrrd,original_glrlm_ShortRunLowGrayLevelEmphasis.nrrd,0.7123115930819532
3981,original_glrlm_RunVariance.nrrd,original_glszm_GrayLevelNonUniformity.nrrd,0.9064596457970653
3982,original_glrlm_RunVariance.nrrd,original_glszm_GrayLevelNonUniformityNormalized.nrrd,0.9764297380997927
3983,original_glrlm_RunVariance.nrrd,original_glszm_GrayLevelVariance.nrrd,0.7783859223330386
3984,original_glrlm_RunVariance.nrrd,original_glszm_HighGrayLevelZoneEmphasis.nrrd,0.9056884300165039
3985,original_glrlm_RunVariance.nrrd,original_glszm_LargeAreaEmphasis.nrrd,0.9031836694447016
3986,original_glrlm_RunVariance.nrrd,original_glszm_LargeAreaHighGrayLevelEmphasis.nrrd,0.8919898250526912
3987,original_glrlm_RunVariance.nrrd,original_glszm_LargeAreaLowGrayLevelEmphasis.nrrd,0.8870274236458967
3988,original_glrlm_RunVariance.nrrd,original_glszm_LowGrayLevelZoneEmphasis.nrrd,0.6485789294311486
3989,original_glrlm_RunVariance.nrrd,original_glszm_SizeZoneNonUniformity.nrrd,0.7956581973210965
3990,original_glrlm_RunVariance.nrrd,original_glszm_SizeZoneNonUniformityNormalized.nrrd,0.9233160302561448
3991,original_glrlm_RunVariance.nrrd,original_glszm_SmallAreaEmphasis.nrrd,0.942330019118269
3992,original_glrlm_RunVariance.nrrd,original_glszm_SmallAreaHighGrayLevelEmphasis.nrrd,0.8871034351683749
3993,original_glrlm_RunVariance.nrrd,original_glszm_SmallAreaLowGrayLevelEmphasis.nrrd,0.5774997982256872
3994,original_glrlm_RunVariance.nrrd,original_glszm_ZoneEntropy.nrrd,0.9518375417240691
3995,original_glrlm_RunVariance.nrrd,original_glszm_ZonePercentage.nrrd,0.9099650937508447
3996,original_glrlm_RunVariance.nrrd,original_glszm_ZoneVariance.nrrd,0.7950013749692146
3997,original_glrlm_RunVariance.nrrd,original_ngtdm_Busyness.nrrd,0.9465978887998234
3998,original_glrlm_RunVariance.nrrd,original_ngtdm_Coarseness.nrrd,0.9046772759630473
3999,original_glrlm_RunVariance.nrrd,original_ngtdm_Complexity.nrrd,0.6680289888683485
4000,original_glrlm_RunVariance.nrrd,original_ngtdm_Contrast.nrrd,0.8240459095812106
4001,original_glrlm_RunVariance.nrrd,original_ngtdm_Strength.nrrd,0.8395502735454562
4002,original_glrlm_ShortRunEmphasis.nrrd,original_glrlm_ShortRunHighGrayLevelEmphasis.nrrd,0.9656043368745191
4003,original_glrlm_ShortRunEmphasis.nrrd,original_glrlm_ShortRunLowGrayLevelEmphasis.nrrd,0.7780155966738792
4004,original_glrlm_ShortRunEmphasis.nrrd,original_glszm_GrayLevelNonUniformity.nrrd,0.9686550451705724
4005,original_glrlm_ShortRunEmphasis.nrrd,original_glszm_GrayLevelNonUniformityNormalized.nrrd,0.9641436759688374
4006,original_glrlm_ShortRunEmphasis.nrrd,original_glszm_GrayLevelVariance.nrrd,0.903054110516193
4007,original_glrlm_ShortRunEmphasis.nrrd,original_glszm_HighGrayLevelZoneEmphasis.nrrd,0.9672282810696303
4008,original_glrlm_ShortRunEmphasis.nrrd,original_glszm_LargeAreaEmphasis.nrrd,0.7751298914860253
4009,original_glrlm_ShortRunEmphasis.nrrd,original_glszm_LargeAreaHighGrayLevelEmphasis.nrrd,0.7871255531002312
4010,original_glrlm_ShortRunEmphasis.nrrd,original_glszm_LargeAreaLowGrayLevelEmphasis.nrrd,0.7716877229975269
4011,original_glrlm_ShortRunEmphasis.nrrd,original_glszm_LowGrayLevelZoneEmphasis.nrrd,0.7127868244629999
4012,original_glrlm_ShortRunEmphasis.nrrd,original_glszm_SizeZoneNonUniformity.nrrd,0.9192548527652794
4013,original_glrlm_ShortRunEmphasis.nrrd,original_glszm_SizeZoneNonUniformityNormalized.nrrd,0.9936866391817307
4014,original_glrlm_ShortRunEmphasis.nrrd,original_glszm_SmallAreaEmphasis.nrrd,0.998562072364908
4015,original_glrlm_ShortRunEmphasis.nrrd,original_glszm_SmallAreaHighGrayLevelEmphasis.nrrd,0.961198381711197
4016,original_glrlm_ShortRunEmphasis.nrrd,original_glszm_SmallAreaLowGrayLevelEmphasis.nrrd,0.6494599868539417
4017,original_glrlm_ShortRunEmphasis.nrrd,original_glszm_ZoneEntropy.nrrd,0.9992589911931403
4018,original_glrlm_ShortRunEmphasis.nrrd,original_glszm_ZonePercentage.nrrd,0.9911325184975963
4019,original_glrlm_ShortRunEmphasis.nrrd,original_glszm_ZoneVariance.nrrd,0.6344361070620388
4020,original_glrlm_ShortRunEmphasis.nrrd,original_ngtdm_Busyness.nrrd,0.9595762951499289
4021,original_glrlm_ShortRunEmphasis.nrrd,original_ngtdm_Coarseness.nrrd,0.892957528044597
4022,original_glrlm_ShortRunEmphasis.nrrd,original_ngtdm_Complexity.nrrd,0.8292468974238275
4023,original_glrlm_ShortRunEmphasis.nrrd,original_ngtdm_Contrast.nrrd,0.9340537615745702
4024,original_glrlm_ShortRunEmphasis.nrrd,original_ngtdm_Strength.nrrd,0.9287544523299829
4025,original_glrlm_ShortRunHighGrayLevelEmphasis.nrrd,original_glrlm_ShortRunLowGrayLevelEmphasis.nrrd,0.6861959454411077
4026,original_glrlm_ShortRunHighGrayLevelEmphasis.nrrd,original_glszm_GrayLevelNonUniformity.nrrd,0.9494063826697591
4027,original_glrlm_ShortRunHighGrayLevelEmphasis.nrrd,original_glszm_GrayLevelNonUniformityNormalized.nrrd,0.8979891834339466
4028,original_glrlm_ShortRunHighGrayLevelEmphasis.nrrd,original_glszm_GrayLevelVariance.nrrd,0.9276638182560538
4029,original_glrlm_ShortRunHighGrayLevelEmphasis.nrrd,original_glszm_HighGrayLevelZoneEmphasis.nrrd,0.9994661266919325
4030,original_glrlm_ShortRunHighGrayLevelEmphasis.nrrd,original_glszm_LargeAreaEmphasis.nrrd,0.7150698003062597
4031,original_glrlm_ShortRunHighGrayLevelEmphasis.nrrd,original_glszm_LargeAreaHighGrayLevelEmphasis.nrrd,0.7747434857410828
4032,original_glrlm_ShortRunHighGrayLevelEmphasis.nrrd,original_glszm_LargeAreaLowGrayLevelEmphasis.nrrd,0.6693405916516657
4033,original_glrlm_ShortRunHighGrayLevelEmphasis.nrrd,original_glszm_LowGrayLevelZoneEmphasis.nrrd,0.6247442599255376
4034,original_glrlm_ShortRunHighGrayLevelEmphasis.nrrd,original_glszm_SizeZoneNonUniformity.nrrd,0.9403295797444303
4035,original_glrlm_ShortRunHighGrayLevelEmphasis.nrrd,original_glszm_SizeZoneNonUniformityNormalized.nrrd,0.9686206803619622
4036,original_glrlm_ShortRunHighGrayLevelEmphasis.nrrd,original_glszm_SmallAreaEmphasis.nrrd,0.9685463415596711
4037,original_glrlm_ShortRunHighGrayLevelEmphasis.nrrd,original_glszm_SmallAreaHighGrayLevelEmphasis.nrrd,0.9983270006279806
4038,original_glrlm_ShortRunHighGrayLevelEmphasis.nrrd,original_glszm_SmallAreaLowGrayLevelEmphasis.nrrd,0.5685560175599911
4039,original_glrlm_ShortRunHighGrayLevelEmphasis.nrrd,original_glszm_ZoneEntropy.nrrd,0.969641905427844
4040,original_glrlm_ShortRunHighGrayLevelEmphasis.nrrd,original_glszm_ZonePercentage.nrrd,0.967530308760231
4041,original_glrlm_ShortRunHighGrayLevelEmphasis.nrrd,original_glszm_ZoneVariance.nrrd,0.5767202009915189
4042,original_glrlm_ShortRunHighGrayLevelEmphasis.nrrd,original_ngtdm_Busyness.nrrd,0.9056873522848714
4043,original_glrlm_ShortRunHighGrayLevelEmphasis.nrrd,original_ngtdm_Coarseness.nrrd,0.8294246891870812
4044,original_glrlm_ShortRunHighGrayLevelEmphasis.nrrd,original_ngtdm_Complexity.nrrd,0.8540642867356396
4045,original_glrlm_ShortRunHighGrayLevelEmphasis.nrrd,original_ngtdm_Contrast.nrrd,0.9426080998387502
4046,original_glrlm_ShortRunHighGrayLevelEmphasis.nrrd,original_ngtdm_Strength.nrrd,0.9157748839782219
4047,original_glrlm_ShortRunLowGrayLevelEmphasis.nrrd,original_glszm_GrayLevelNonUniformity.nrrd,0.7295901313310247
4048,original_glrlm_ShortRunLowGrayLevelEmphasis.nrrd,original_glszm_GrayLevelNonUniformityNormalized.nrrd,0.7287541506275474
4049,original_glrlm_ShortRunLowGrayLevelEmphasis.nrrd,original_glszm_GrayLevelVariance.nrrd,0.7778278009138793
4050,original_glrlm_ShortRunLowGrayLevelEmphasis.nrrd,original_glszm_HighGrayLevelZoneEmphasis.nrrd,0.6846538820281196
4051,original_glrlm_ShortRunLowGrayLevelEmphasis.nrrd,original_glszm_LargeAreaEmphasis.nrrd,0.551447197313964
4052,original_glrlm_ShortRunLowGrayLevelEmphasis.nrrd,original_glszm_LargeAreaHighGrayLevelEmphasis.nrrd,0.5244081495090136
4053,original_glrlm_ShortRunLowGrayLevelEmphasis.nrrd,original_glszm_LargeAreaLowGrayLevelEmphasis.nrrd,0.6953361121890987
4054,original_glrlm_ShortRunLowGrayLevelEmphasis.nrrd,original_glszm_LowGrayLevelZoneEmphasis.nrrd,0.9903365247742768
4055,original_glrlm_ShortRunLowGrayLevelEmphasis.nrrd,original_glszm_SizeZoneNonUniformity.nrrd,0.7240491641249478
4056,original_glrlm_ShortRunLowGrayLevelEmphasis.nrrd,original_glszm_SizeZoneNonUniformityNormalized.nrrd,0.7903818609883764
4057,original_glrlm_ShortRunLowGrayLevelEmphasis.nrrd,original_glszm_SmallAreaEmphasis.nrrd,0.7848359614071416
4058,original_glrlm_ShortRunLowGrayLevelEmphasis.nrrd,original_glszm_SmallAreaHighGrayLevelEmphasis.nrrd,0.685071041014433
4059,original_glrlm_ShortRunLowGrayLevelEmphasis.nrrd,original_glszm_SmallAreaLowGrayLevelEmphasis.nrrd,0.9711906167241205
4060,original_glrlm_ShortRunLowGrayLevelEmphasis.nrrd,original_glszm_ZoneEntropy.nrrd,0.7780000383069177
4061,original_glrlm_ShortRunLowGrayLevelEmphasis.nrrd,original_glszm_ZonePercentage.nrrd,0.7895777995155255
4062,original_glrlm_ShortRunLowGrayLevelEmphasis.nrrd,original_glszm_ZoneVariance.nrrd,0.43704752956751375
4063,original_glrlm_ShortRunLowGrayLevelEmphasis.nrrd,original_ngtdm_Busyness.nrrd,0.7169595122447311
4064,original_glrlm_ShortRunLowGrayLevelEmphasis.nrrd,original_ngtdm_Coarseness.nrrd,0.6889966769226333
4065,original_glrlm_ShortRunLowGrayLevelEmphasis.nrrd,original_ngtdm_Complexity.nrrd,0.7521538950319585
4066,original_glrlm_ShortRunLowGrayLevelEmphasis.nrrd,original_ngtdm_Contrast.nrrd,0.7747506825241194
4067,original_glrlm_ShortRunLowGrayLevelEmphasis.nrrd,original_ngtdm_Strength.nrrd,0.8144226864824482
4068,original_glszm_GrayLevelNonUniformity.nrrd,original_glszm_GrayLevelNonUniformityNormalized.nrrd,0.9176571385211257
4069,original_glszm_GrayLevelNonUniformity.nrrd,original_glszm_GrayLevelVariance.nrrd,0.8854179076929526
4070,original_glszm_GrayLevelNonUniformity.nrrd,original_glszm_HighGrayLevelZoneEmphasis.nrrd,0.951246468977066
4071,original_glszm_GrayLevelNonUniformity.nrrd,original_glszm_LargeAreaEmphasis.nrrd,0.7236446408405974
4072,original_glszm_GrayLevelNonUniformity.nrrd,original_glszm_LargeAreaHighGrayLevelEmphasis.nrrd,0.7467216722723834
4073,original_glszm_GrayLevelNonUniformity.nrrd,original_glszm_LargeAreaLowGrayLevelEmphasis.nrrd,0.7052421380179799
4074,original_glszm_GrayLevelNonUniformity.nrrd,original_glszm_LowGrayLevelZoneEmphasis.nrrd,0.6662554946210474
4075,original_glszm_GrayLevelNonUniformity.nrrd,original_glszm_SizeZoneNonUniformity.nrrd,0.9543626230323159
4076,original_glszm_GrayLevelNonUniformity.nrrd,original_glszm_SizeZoneNonUniformityNormalized.nrrd,0.9690876769177698
4077,original_glszm_GrayLevelNonUniformity.nrrd,original_glszm_SmallAreaEmphasis.nrrd,0.970512287931942
4078,original_glszm_GrayLevelNonUniformity.nrrd,original_glszm_SmallAreaHighGrayLevelEmphasis.nrrd,0.9494021549525069
4079,original_glszm_GrayLevelNonUniformity.nrrd,original_glszm_SmallAreaLowGrayLevelEmphasis.nrrd,0.6073506563141259
4080,original_glszm_GrayLevelNonUniformity.nrrd,original_glszm_ZoneEntropy.nrrd,0.9717160869279601
4081,original_glszm_GrayLevelNonUniformity.nrrd,original_glszm_ZonePercentage.nrrd,0.9679443093012072
4082,original_glszm_GrayLevelNonUniformity.nrrd,original_glszm_ZoneVariance.nrrd,0.5857649571730049
4083,original_glszm_GrayLevelNonUniformity.nrrd,original_ngtdm_Busyness.nrrd,0.9603083224508504
4084,original_glszm_GrayLevelNonUniformity.nrrd,original_ngtdm_Coarseness.nrrd,0.7795111212695944
4085,original_glszm_GrayLevelNonUniformity.nrrd,original_ngtdm_Complexity.nrrd,0.8460396069027971
4086,original_glszm_GrayLevelNonUniformity.nrrd,original_ngtdm_Contrast.nrrd,0.8930251033307193
4087,original_glszm_GrayLevelNonUniformity.nrrd,original_ngtdm_Strength.nrrd,0.872905612240631
4088,original_glszm_GrayLevelNonUniformityNormalized.nrrd,original_glszm_GrayLevelVariance.nrrd,0.7714636441591372
4089,original_glszm_GrayLevelNonUniformityNormalized.nrrd,original_glszm_HighGrayLevelZoneEmphasis.nrrd,0.9016972502876209
4090,original_glszm_GrayLevelNonUniformityNormalized.nrrd,original_glszm_LargeAreaEmphasis.nrrd,0.843295539375684
4091,original_glszm_GrayLevelNonUniformityNormalized.nrrd,original_glszm_LargeAreaHighGrayLevelEmphasis.nrrd,0.8264335423636099
4092,original_glszm_GrayLevelNonUniformityNormalized.nrrd,original_glszm_LargeAreaLowGrayLevelEmphasis.nrrd,0.8391010096256007
4093,original_glszm_GrayLevelNonUniformityNormalized.nrrd,original_glszm_LowGrayLevelZoneEmphasis.nrrd,0.6625686642066425
4094,original_glszm_GrayLevelNonUniformityNormalized.nrrd,original_glszm_SizeZoneNonUniformity.nrrd,0.8046767675952142
4095,original_glszm_GrayLevelNonUniformityNormalized.nrrd,original_glszm_SizeZoneNonUniformityNormalized.nrrd,0.936619171167281
4096,original_glszm_GrayLevelNonUniformityNormalized.nrrd,original_glszm_SmallAreaEmphasis.nrrd,0.9525735329237519
4097,original_glszm_GrayLevelNonUniformityNormalized.nrrd,original_glszm_SmallAreaHighGrayLevelEmphasis.nrrd,0.885445452159484
4098,original_glszm_GrayLevelNonUniformityNormalized.nrrd,original_glszm_SmallAreaLowGrayLevelEmphasis.nrrd,0.5919622654562976
4099,original_glszm_GrayLevelNonUniformityNormalized.nrrd,original_glszm_ZoneEntropy.nrrd,0.9549650555765878
4100,original_glszm_GrayLevelNonUniformityNormalized.nrrd,original_glszm_ZonePercentage.nrrd,0.9295291075455843
4101,original_glszm_GrayLevelNonUniformityNormalized.nrrd,original_glszm_ZoneVariance.nrrd,0.7190163796161031
4102,original_glszm_GrayLevelNonUniformityNormalized.nrrd,original_ngtdm_Busyness.nrrd,0.9564784465668955
4103,original_glszm_GrayLevelNonUniformityNormalized.nrrd,original_ngtdm_Coarseness.nrrd,0.9332976325940578
4104,original_glszm_GrayLevelNonUniformityNormalized.nrrd,original_ngtdm_Complexity.nrrd,0.6833345574837478
4105,original_glszm_GrayLevelNonUniformityNormalized.nrrd,original_ngtdm_Contrast.nrrd,0.8365731927224477
4106,original_glszm_GrayLevelNonUniformityNormalized.nrrd,original_ngtdm_Strength.nrrd,0.8359521372756267
4107,original_glszm_GrayLevelVariance.nrrd,original_glszm_HighGrayLevelZoneEmphasis.nrrd,0.924233405181303
4108,original_glszm_GrayLevelVariance.nrrd,original_glszm_LargeAreaEmphasis.nrrd,0.566881008612097
4109,original_glszm_GrayLevelVariance.nrrd,original_glszm_LargeAreaHighGrayLevelEmphasis.nrrd,0.6211441327833013
4110,original_glszm_GrayLevelVariance.nrrd,original_glszm_LargeAreaLowGrayLevelEmphasis.nrrd,0.5798890066815138
4111,original_glszm_GrayLevelVariance.nrrd,original_glszm_LowGrayLevelZoneEmphasis.nrrd,0.7292846868921908
4112,original_glszm_GrayLevelVariance.nrrd,original_glszm_SizeZoneNonUniformity.nrrd,0.9606983274918072
4113,original_glszm_GrayLevelVariance.nrrd,original_glszm_SizeZoneNonUniformityNormalized.nrrd,0.935042978457361
4114,original_glszm_GrayLevelVariance.nrrd,original_glszm_SmallAreaEmphasis.nrrd,0.9194540817234333
4115,original_glszm_GrayLevelVariance.nrrd,original_glszm_SmallAreaHighGrayLevelEmphasis.nrrd,0.936687761787999
4116,original_glszm_GrayLevelVariance.nrrd,original_glszm_SmallAreaLowGrayLevelEmphasis.nrrd,0.6912642320846806
4117,original_glszm_GrayLevelVariance.nrrd,original_glszm_ZoneEntropy.nrrd,0.9140468417002402
4118,original_glszm_GrayLevelVariance.nrrd,original_glszm_ZonePercentage.nrrd,0.9380075645398789
4119,original_glszm_GrayLevelVariance.nrrd,original_glszm_ZoneVariance.nrrd,0.42777749474258536
4120,original_glszm_GrayLevelVariance.nrrd,original_ngtdm_Busyness.nrrd,0.8011015824556638
4121,original_glszm_GrayLevelVariance.nrrd,original_ngtdm_Coarseness.nrrd,0.7231597253479575
4122,original_glszm_GrayLevelVariance.nrrd,original_ngtdm_Complexity.nrrd,0.9663167911947148
4123,original_glszm_GrayLevelVariance.nrrd,original_ngtdm_Contrast.nrrd,0.9635850183030692
4124,original_glszm_GrayLevelVariance.nrrd,original_ngtdm_Strength.nrrd,0.9584952179228439
4125,original_glszm_HighGrayLevelZoneEmphasis.nrrd,original_glszm_LargeAreaEmphasis.nrrd,0.720241807419143
4126,original_glszm_HighGrayLevelZoneEmphasis.nrrd,original_glszm_LargeAreaHighGrayLevelEmphasis.nrrd,0.7763533530201218
4127,original_glszm_HighGrayLevelZoneEmphasis.nrrd,original_glszm_LargeAreaLowGrayLevelEmphasis.nrrd,0.6755815401268075
4128,original_glszm_HighGrayLevelZoneEmphasis.nrrd,original_glszm_LowGrayLevelZoneEmphasis.nrrd,0.6224502089791932
4129,original_glszm_HighGrayLevelZoneEmphasis.nrrd,original_glszm_SizeZoneNonUniformity.nrrd,0.9383561814790495
4130,original_glszm_HighGrayLevelZoneEmphasis.nrrd,original_glszm_SizeZoneNonUniformityNormalized.nrrd,0.9687269225700054
4131,original_glszm_HighGrayLevelZoneEmphasis.nrrd,original_glszm_SmallAreaEmphasis.nrrd,0.9694613048966557
4132,original_glszm_HighGrayLevelZoneEmphasis.nrrd,original_glszm_SmallAreaHighGrayLevelEmphasis.nrrd,0.9984712284975693
4133,original_glszm_HighGrayLevelZoneEmphasis.nrrd,original_glszm_SmallAreaLowGrayLevelEmphasis.nrrd,0.5655180641999651
4134,original_glszm_HighGrayLevelZoneEmphasis.nrrd,original_glszm_ZoneEntropy.nrrd,0.9712427134791117
4135,original_glszm_HighGrayLevelZoneEmphasis.nrrd,original_glszm_ZonePercentage.nrrd,0.9674449062889285
4136,original_glszm_HighGrayLevelZoneEmphasis.nrrd,original_glszm_ZoneVariance.nrrd,0.5815699159544162
4137,original_glszm_HighGrayLevelZoneEmphasis.nrrd,original_ngtdm_Busyness.nrrd,0.9089791710394038
4138,original_glszm_HighGrayLevelZoneEmphasis.nrrd,original_ngtdm_Coarseness.nrrd,0.8328858833807904
4139,original_glszm_HighGrayLevelZoneEmphasis.nrrd,original_ngtdm_Complexity.nrrd,0.8489760247909278
4140,original_glszm_HighGrayLevelZoneEmphasis.nrrd,original_ngtdm_Contrast.nrrd,0.9380287489667901
4141,original_glszm_HighGrayLevelZoneEmphasis.nrrd,original_ngtdm_Strength.nrrd,0.9152273877923605
4142,original_glszm_LargeAreaEmphasis.nrrd,original_glszm_LargeAreaHighGrayLevelEmphasis.nrrd,0.9749764963845948
4143,original_glszm_LargeAreaEmphasis.nrrd,original_glszm_LargeAreaLowGrayLevelEmphasis.nrrd,0.9553973421505827
4144,original_glszm_LargeAreaEmphasis.nrrd,original_glszm_LowGrayLevelZoneEmphasis.nrrd,0.49846837916340914
4145,original_glszm_LargeAreaEmphasis.nrrd,original_glszm_SizeZoneNonUniformity.nrrd,0.5836794491467833
4146,original_glszm_LargeAreaEmphasis.nrrd,original_glszm_SizeZoneNonUniformityNormalized.nrrd,0.7275117470405927
4147,original_glszm_LargeAreaEmphasis.nrrd,original_glszm_SmallAreaEmphasis.nrrd,0.7542658143379156
4148,original_glszm_LargeAreaEmphasis.nrrd,original_glszm_SmallAreaHighGrayLevelEmphasis.nrrd,0.6943858723134582
4149,original_glszm_LargeAreaEmphasis.nrrd,original_glszm_SmallAreaLowGrayLevelEmphasis.nrrd,0.43190613786242943
4150,original_glszm_LargeAreaEmphasis.nrrd,original_glszm_ZoneEntropy.nrrd,0.7689298424803245
4151,original_glszm_LargeAreaEmphasis.nrrd,original_glszm_ZonePercentage.nrrd,0.7001099523072005
4152,original_glszm_LargeAreaEmphasis.nrrd,original_glszm_ZoneVariance.nrrd,0.9779051395410651
4153,original_glszm_LargeAreaEmphasis.nrrd,original_ngtdm_Busyness.nrrd,0.8018910455857997
4154,original_glszm_LargeAreaEmphasis.nrrd,original_ngtdm_Coarseness.nrrd,0.7587977446263465
4155,original_glszm_LargeAreaEmphasis.nrrd,original_ngtdm_Complexity.nrrd,0.44909727597162463
4156,original_glszm_LargeAreaEmphasis.nrrd,original_ngtdm_Contrast.nrrd,0.6126976792817758
4157,original_glszm_LargeAreaEmphasis.nrrd,original_ngtdm_Strength.nrrd,0.6321263362747545
4158,original_glszm_LargeAreaHighGrayLevelEmphasis.nrrd,original_glszm_LargeAreaLowGrayLevelEmphasis.nrrd,0.8875318638247001
4159,original_glszm_LargeAreaHighGrayLevelEmphasis.nrrd,original_glszm_LowGrayLevelZoneEmphasis.nrrd,0.47338052764093574
4160,original_glszm_LargeAreaHighGrayLevelEmphasis.nrrd,original_glszm_SizeZoneNonUniformity.nrrd,0.6345121393582218
4161,original_glszm_LargeAreaHighGrayLevelEmphasis.nrrd,original_glszm_SizeZoneNonUniformityNormalized.nrrd,0.7486746314751119
4162,original_glszm_LargeAreaHighGrayLevelEmphasis.nrrd,original_glszm_SmallAreaEmphasis.nrrd,0.7707407119386326
4163,original_glszm_LargeAreaHighGrayLevelEmphasis.nrrd,original_glszm_SmallAreaHighGrayLevelEmphasis.nrrd,0.7538505544218298
4164,original_glszm_LargeAreaHighGrayLevelEmphasis.nrrd,original_glszm_SmallAreaLowGrayLevelEmphasis.nrrd,0.4111670398640681
4165,original_glszm_LargeAreaHighGrayLevelEmphasis.nrrd,original_glszm_ZoneEntropy.nrrd,0.7843520467069814
4166,original_glszm_LargeAreaHighGrayLevelEmphasis.nrrd,original_glszm_ZonePercentage.nrrd,0.7224129011873321
4167,original_glszm_LargeAreaHighGrayLevelEmphasis.nrrd,original_glszm_ZoneVariance.nrrd,0.9503135560163143
4168,original_glszm_LargeAreaHighGrayLevelEmphasis.nrrd,original_ngtdm_Busyness.nrrd,0.7938470990322968
4169,original_glszm_LargeAreaHighGrayLevelEmphasis.nrrd,original_ngtdm_Coarseness.nrrd,0.7391635793386669
4170,original_glszm_LargeAreaHighGrayLevelEmphasis.nrrd,original_ngtdm_Complexity.nrrd,0.5020888707785345
4171,original_glszm_LargeAreaHighGrayLevelEmphasis.nrrd,original_ngtdm_Contrast.nrrd,0.6584192100605349
4172,original_glszm_LargeAreaHighGrayLevelEmphasis.nrrd,original_ngtdm_Strength.nrrd,0.6596018458742131
4173,original_glszm_LargeAreaLowGrayLevelEmphasis.nrrd,original_glszm_LowGrayLevelZoneEmphasis.nrrd,0.6506986772964525
4174,original_glszm_LargeAreaLowGrayLevelEmphasis.nrrd,original_glszm_SizeZoneNonUniformity.nrrd,0.5729894746415389
4175,original_glszm_LargeAreaLowGrayLevelEmphasis.nrrd,original_glszm_SizeZoneNonUniformityNormalized.nrrd,0.7275276915934863
4176,original_glszm_LargeAreaLowGrayLevelEmphasis.nrrd,original_glszm_SmallAreaEmphasis.nrrd,0.7521899385381727
4177,original_glszm_LargeAreaLowGrayLevelEmphasis.nrrd,original_glszm_SmallAreaHighGrayLevelEmphasis.nrrd,0.6515855344794493
4178,original_glszm_LargeAreaLowGrayLevelEmphasis.nrrd,original_glszm_SmallAreaLowGrayLevelEmphasis.nrrd,0.5893498468284367
4179,original_glszm_LargeAreaLowGrayLevelEmphasis.nrrd,original_glszm_ZoneEntropy.nrrd,0.7645551613026487
4180,original_glszm_LargeAreaLowGrayLevelEmphasis.nrrd,original_glszm_ZonePercentage.nrrd,0.7029906056445399
4181,original_glszm_LargeAreaLowGrayLevelEmphasis.nrrd,original_glszm_ZoneVariance.nrrd,0.9203360343671257
4182,original_glszm_LargeAreaLowGrayLevelEmphasis.nrrd,original_ngtdm_Busyness.nrrd,0.7948518816807233
4183,original_glszm_LargeAreaLowGrayLevelEmphasis.nrrd,original_ngtdm_Coarseness.nrrd,0.7701505170719869
4184,original_glszm_LargeAreaLowGrayLevelEmphasis.nrrd,original_ngtdm_Complexity.nrrd,0.4738714986184204
4185,original_glszm_LargeAreaLowGrayLevelEmphasis.nrrd,original_ngtdm_Contrast.nrrd,0.6209405206164448
4186,original_glszm_LargeAreaLowGrayLevelEmphasis.nrrd,original_ngtdm_Strength.nrrd,0.6606831185613617
4187,original_glszm_LowGrayLevelZoneEmphasis.nrrd,original_glszm_SizeZoneNonUniformity.nrrd,0.6682533691875787
4188,original_glszm_LowGrayLevelZoneEmphasis.nrrd,original_glszm_SizeZoneNonUniformityNormalized.nrrd,0.727285833960702
4189,original_glszm_LowGrayLevelZoneEmphasis.nrrd,original_glszm_SmallAreaEmphasis.nrrd,0.7205615614610914
4190,original_glszm_LowGrayLevelZoneEmphasis.nrrd,original_glszm_SmallAreaHighGrayLevelEmphasis.nrrd,0.6237670874818574
4191,original_glszm_LowGrayLevelZoneEmphasis.nrrd,original_glszm_SmallAreaLowGrayLevelEmphasis.nrrd,0.9940581348926311
4192,original_glszm_LowGrayLevelZoneEmphasis.nrrd,original_glszm_ZoneEntropy.nrrd,0.7133851151915018
4193,original_glszm_LowGrayLevelZoneEmphasis.nrrd,original_glszm_ZonePercentage.nrrd,0.7260433281158517
4194,original_glszm_LowGrayLevelZoneEmphasis.nrrd,original_glszm_ZoneVariance.nrrd,0.3937037136221292
4195,original_glszm_LowGrayLevelZoneEmphasis.nrrd,original_ngtdm_Busyness.nrrd,0.6476823376948333
4196,original_glszm_LowGrayLevelZoneEmphasis.nrrd,original_ngtdm_Coarseness.nrrd,0.6259619318071971
4197,original_glszm_LowGrayLevelZoneEmphasis.nrrd,original_ngtdm_Complexity.nrrd,0.7117466797414165
4198,original_glszm_LowGrayLevelZoneEmphasis.nrrd,original_ngtdm_Contrast.nrrd,0.7147397271060635
4199,original_glszm_LowGrayLevelZoneEmphasis.nrrd,original_ngtdm_Strength.nrrd,0.7670172544920879
4200,original_glszm_SizeZoneNonUniformity.nrrd,original_glszm_SizeZoneNonUniformityNormalized.nrrd,0.948205033337193
4201,original_glszm_SizeZoneNonUniformity.nrrd,original_glszm_SmallAreaEmphasis.nrrd,0.9343787388865749
4202,original_glszm_SizeZoneNonUniformity.nrrd,original_glszm_SmallAreaHighGrayLevelEmphasis.nrrd,0.9503866897550235
4203,original_glszm_SizeZoneNonUniformity.nrrd,original_glszm_SmallAreaLowGrayLevelEmphasis.nrrd,0.6248027608649596
4204,original_glszm_SizeZoneNonUniformity.nrrd,original_glszm_ZoneEntropy.nrrd,0.9287071247525871
4205,original_glszm_SizeZoneNonUniformity.nrrd,original_glszm_ZonePercentage.nrrd,0.9513006132348844
4206,original_glszm_SizeZoneNonUniformity.nrrd,original_glszm_ZoneVariance.nrrd,0.442523555813743
4207,original_glszm_SizeZoneNonUniformity.nrrd,original_ngtdm_Busyness.nrrd,0.868077520992085
4208,original_glszm_SizeZoneNonUniformity.nrrd,original_ngtdm_Coarseness.nrrd,0.6935495835213772
4209,original_glszm_SizeZoneNonUniformity.nrrd,original_ngtdm_Complexity.nrrd,0.9508111893512627
4210,original_glszm_SizeZoneNonUniformity.nrrd,original_ngtdm_Contrast.nrrd,0.9340247528149564
4211,original_glszm_SizeZoneNonUniformity.nrrd,original_ngtdm_Strength.nrrd,0.8992720458118016
4212,original_glszm_SizeZoneNonUniformityNormalized.nrrd,original_glszm_SmallAreaEmphasis.nrrd,0.9982566911492895
4213,original_glszm_SizeZoneNonUniformityNormalized.nrrd,original_glszm_SmallAreaHighGrayLevelEmphasis.nrrd,0.9685447773514799
4214,original_glszm_SizeZoneNonUniformityNormalized.nrrd,original_glszm_SmallAreaLowGrayLevelEmphasis.nrrd,0.6694647809978665
4215,original_glszm_SizeZoneNonUniformityNormalized.nrrd,original_glszm_ZoneEntropy.nrrd,0.9944007029537983
4216,original_glszm_SizeZoneNonUniformityNormalized.nrrd,original_glszm_ZonePercentage.nrrd,0.9984325252297274
4217,original_glszm_SizeZoneNonUniformityNormalized.nrrd,original_glszm_ZoneVariance.nrrd,0.584155260584204
4218,original_glszm_SizeZoneNonUniformityNormalized.nrrd,original_ngtdm_Busyness.nrrd,0.9403602330708678
4219,original_glszm_SizeZoneNonUniformityNormalized.nrrd,original_ngtdm_Coarseness.nrrd,0.86645153346212
4220,original_glszm_SizeZoneNonUniformityNormalized.nrrd,original_ngtdm_Complexity.nrrd,0.87726303858064
4221,original_glszm_SizeZoneNonUniformityNormalized.nrrd,original_ngtdm_Contrast.nrrd,0.9563480107907869
4222,original_glszm_SizeZoneNonUniformityNormalized.nrrd,original_ngtdm_Strength.nrrd,0.9451370780372972
4223,original_glszm_SmallAreaEmphasis.nrrd,original_glszm_SmallAreaHighGrayLevelEmphasis.nrrd,0.9662102312160474
4224,original_glszm_SmallAreaEmphasis.nrrd,original_glszm_SmallAreaLowGrayLevelEmphasis.nrrd,0.6597536775954527
4225,original_glszm_SmallAreaEmphasis.nrrd,original_glszm_ZoneEntropy.nrrd,0.9985210008575262
4226,original_glszm_SmallAreaEmphasis.nrrd,original_glszm_ZonePercentage.nrrd,0.9960477672505176
4227,original_glszm_SmallAreaEmphasis.nrrd,original_glszm_ZoneVariance.nrrd,0.6122721045646377
4228,original_glszm_SmallAreaEmphasis.nrrd,original_ngtdm_Busyness.nrrd,0.9519667544714632
4229,original_glszm_SmallAreaEmphasis.nrrd,original_ngtdm_Coarseness.nrrd,0.8814448384045853
4230,original_glszm_SmallAreaEmphasis.nrrd,original_ngtdm_Complexity.nrrd,0.8530012959724541
4231,original_glszm_SmallAreaEmphasis.nrrd,original_ngtdm_Contrast.nrrd,0.9457509648445568
4232,original_glszm_SmallAreaEmphasis.nrrd,original_ngtdm_Strength.nrrd,0.9378864938454397
4233,original_glszm_SmallAreaHighGrayLevelEmphasis.nrrd,original_glszm_SmallAreaLowGrayLevelEmphasis.nrrd,0.5693748414496661
4234,original_glszm_SmallAreaHighGrayLevelEmphasis.nrrd,original_glszm_ZoneEntropy.nrrd,0.9660443333047709
4235,original_glszm_SmallAreaHighGrayLevelEmphasis.nrrd,original_glszm_ZonePercentage.nrrd,0.9678277626596672
4236,original_glszm_SmallAreaHighGrayLevelEmphasis.nrrd,original_glszm_ZoneVariance.nrrd,0.5544230022838175
4237,original_glszm_SmallAreaHighGrayLevelEmphasis.nrrd,original_ngtdm_Busyness.nrrd,0.8977861383778837
4238,original_glszm_SmallAreaHighGrayLevelEmphasis.nrrd,original_ngtdm_Coarseness.nrrd,0.8164904802305825
4239,original_glszm_SmallAreaHighGrayLevelEmphasis.nrrd,original_ngtdm_Complexity.nrrd,0.8693537168650737
4240,original_glszm_SmallAreaHighGrayLevelEmphasis.nrrd,original_ngtdm_Contrast.nrrd,0.9445934208460544
4241,original_glszm_SmallAreaHighGrayLevelEmphasis.nrrd,original_ngtdm_Strength.nrrd,0.9196228131920928
4242,original_glszm_SmallAreaLowGrayLevelEmphasis.nrrd,original_glszm_ZoneEntropy.nrrd,0.6509981748218385
4243,original_glszm_SmallAreaLowGrayLevelEmphasis.nrrd,original_glszm_ZonePercentage.nrrd,0.6686976073213199
4244,original_glszm_SmallAreaLowGrayLevelEmphasis.nrrd,original_glszm_ZoneVariance.nrrd,0.3345369316740765
4245,original_glszm_SmallAreaLowGrayLevelEmphasis.nrrd,original_ngtdm_Busyness.nrrd,0.5787102510989021
4246,original_glszm_SmallAreaLowGrayLevelEmphasis.nrrd,original_ngtdm_Coarseness.nrrd,0.55978993042909
4247,original_glszm_SmallAreaLowGrayLevelEmphasis.nrrd,original_ngtdm_Complexity.nrrd,0.6857719144210902
4248,original_glszm_SmallAreaLowGrayLevelEmphasis.nrrd,original_ngtdm_Contrast.nrrd,0.6659203294933472
4249,original_glszm_SmallAreaLowGrayLevelEmphasis.nrrd,original_ngtdm_Strength.nrrd,0.7226128718714827
4250,original_glszm_ZoneEntropy.nrrd,original_glszm_ZonePercentage.nrrd,0.9921088253116687
4251,original_glszm_ZoneEntropy.nrrd,original_glszm_ZoneVariance.nrrd,0.6279103883077845
4252,original_glszm_ZoneEntropy.nrrd,original_ngtdm_Busyness.nrrd,0.9566381200316214
4253,original_glszm_ZoneEntropy.nrrd,original_ngtdm_Coarseness.nrrd,0.8801612096484016
4254,original_glszm_ZoneEntropy.nrrd,original_ngtdm_Complexity.nrrd,0.8412691329094318
4255,original_glszm_ZoneEntropy.nrrd,original_ngtdm_Contrast.nrrd,0.937999723705058
4256,original_glszm_ZoneEntropy.nrrd,original_ngtdm_Strength.nrrd,0.9341932835990342
4257,original_glszm_ZonePercentage.nrrd,original_glszm_ZoneVariance.nrrd,0.5510596955912904
4258,original_glszm_ZonePercentage.nrrd,original_ngtdm_Busyness.nrrd,0.9359323858608688
4259,original_glszm_ZonePercentage.nrrd,original_ngtdm_Coarseness.nrrd,0.8619359094269398
4260,original_glszm_ZonePercentage.nrrd,original_ngtdm_Complexity.nrrd,0.8838563822718078
4261,original_glszm_ZonePercentage.nrrd,original_ngtdm_Contrast.nrrd,0.9602960657971159
4262,original_glszm_ZonePercentage.nrrd,original_ngtdm_Strength.nrrd,0.9458369176663912
4263,original_glszm_ZoneVariance.nrrd,original_ngtdm_Busyness.nrrd,0.6745868033658007
4264,original_glszm_ZoneVariance.nrrd,original_ngtdm_Coarseness.nrrd,0.6344408304830438
4265,original_glszm_ZoneVariance.nrrd,original_ngtdm_Complexity.nrrd,0.3140157429527547
4266,original_glszm_ZoneVariance.nrrd,original_ngtdm_Contrast.nrrd,0.4689524718531436
4267,original_glszm_ZoneVariance.nrrd,original_ngtdm_Strength.nrrd,0.4910042497799623
4268,original_ngtdm_Busyness.nrrd,original_ngtdm_Coarseness.nrrd,0.836052478816119
4269,original_ngtdm_Busyness.nrrd,original_ngtdm_Complexity.nrrd,0.7239237351074165
4270,original_ngtdm_Busyness.nrrd,original_ngtdm_Contrast.nrrd,0.8618120027317193
4271,original_ngtdm_Busyness.nrrd,original_ngtdm_Strength.nrrd,0.8050947496279058
4272,original_ngtdm_Coarseness.nrrd,original_ngtdm_Complexity.nrrd,0.6058861326945008
4273,original_ngtdm_Coarseness.nrrd,original_ngtdm_Contrast.nrrd,0.8088468462875047
4274,original_ngtdm_Coarseness.nrrd,original_ngtdm_Strength.nrrd,0.82131722035595
4275,original_ngtdm_Complexity.nrrd,original_ngtdm_Contrast.nrrd,0.9011511443710262
4276,original_ngtdm_Complexity.nrrd,original_ngtdm_Strength.nrrd,0.9061741293432877
4277,original_ngtdm_Contrast.nrrd,original_ngtdm_Strength.nrrd,0.9300090645082264
