no,feature1,feature2,corrcoef
13,original_firstorder_10Percentile.nrrd,original_firstorder_Skewness.nrrd,-0.256005489
18,original_firstorder_10Percentile.nrrd,original_glcm_ClusterProminence.nrrd,0.6649128832942801
19,original_firstorder_10Percentile.nrrd,original_glcm_ClusterShade.nrrd,-0.178709981
34,original_firstorder_10Percentile.nrrd,original_glcm_JointEnergy.nrrd,0.7900776603164833
51,original_firstorder_10Percentile.nrrd,original_gldm_LowGrayLevelEmphasis.nrrd,0.7224004321725052
54,original_firstorder_10Percentile.nrrd,original_gldm_SmallDependenceLowGrayLevelEmphasis.nrrd,0.5846331833928646
61,original_firstorder_10Percentile.nrrd,original_glrlm_LongRunLowGrayLevelEmphasis.nrrd,0.7407197244070822
62,original_firstorder_10Percentile.nrrd,original_glrlm_LowGrayLevelRunEmphasis.nrrd,0.7168913072739838
70,original_firstorder_10Percentile.nrrd,original_glrlm_ShortRunLowGrayLevelEmphasis.nrrd,0.7105470312134956
75,original_firstorder_10Percentile.nrrd,original_glszm_LargeAreaEmphasis.nrrd,0.7779852742153073
77,original_firstorder_10Percentile.nrrd,original_glszm_LargeAreaLowGrayLevelEmphasis.nrrd,0.7431529508876348
78,original_firstorder_10Percentile.nrrd,original_glszm_LowGrayLevelZoneEmphasis.nrrd,0.6462208724211662
83,original_firstorder_10Percentile.nrrd,original_glszm_SmallAreaLowGrayLevelEmphasis.nrrd,0.5834595943912106
86,original_firstorder_10Percentile.nrrd,original_glszm_ZoneVariance.nrrd,0.6406722275497052
104,original_firstorder_90Percentile.nrrd,original_firstorder_Skewness.nrrd,-0.275814003
109,original_firstorder_90Percentile.nrrd,original_glcm_ClusterProminence.nrrd,0.7350925294524047
110,original_firstorder_90Percentile.nrrd,original_glcm_ClusterShade.nrrd,-0.217759394
125,original_firstorder_90Percentile.nrrd,original_glcm_JointEnergy.nrrd,0.7535674720411498
142,original_firstorder_90Percentile.nrrd,original_gldm_LowGrayLevelEmphasis.nrrd,0.7519680404197226
145,original_firstorder_90Percentile.nrrd,original_gldm_SmallDependenceLowGrayLevelEmphasis.nrrd,0.6247763636800295
152,original_firstorder_90Percentile.nrrd,original_glrlm_LongRunLowGrayLevelEmphasis.nrrd,0.7674844834167284
153,original_firstorder_90Percentile.nrrd,original_glrlm_LowGrayLevelRunEmphasis.nrrd,0.7466521701028408
161,original_firstorder_90Percentile.nrrd,original_glrlm_ShortRunLowGrayLevelEmphasis.nrrd,0.7410270843737536
166,original_firstorder_90Percentile.nrrd,original_glszm_LargeAreaEmphasis.nrrd,0.7427469386707093
167,original_firstorder_90Percentile.nrrd,original_glszm_LargeAreaHighGrayLevelEmphasis.nrrd,0.77875944000849
168,original_firstorder_90Percentile.nrrd,original_glszm_LargeAreaLowGrayLevelEmphasis.nrrd,0.7200745929588251
169,original_firstorder_90Percentile.nrrd,original_glszm_LowGrayLevelZoneEmphasis.nrrd,0.6772991322677222
174,original_firstorder_90Percentile.nrrd,original_glszm_SmallAreaLowGrayLevelEmphasis.nrrd,0.6179570019982554
177,original_firstorder_90Percentile.nrrd,original_glszm_ZoneVariance.nrrd,0.6011487478437679
190,original_firstorder_Energy.nrrd,original_firstorder_Minimum.nrrd,0.7267709141818888
194,original_firstorder_Energy.nrrd,original_firstorder_Skewness.nrrd,-0.25708298
196,original_firstorder_Energy.nrrd,original_firstorder_Uniformity.nrrd,0.7919421975437407
199,original_firstorder_Energy.nrrd,original_glcm_ClusterProminence.nrrd,0.7863864012524672
200,original_firstorder_Energy.nrrd,original_glcm_ClusterShade.nrrd,-0.237346737
215,original_firstorder_Energy.nrrd,original_glcm_JointEnergy.nrrd,0.5942226250819869
217,original_firstorder_Energy.nrrd,original_glcm_MaximumProbability.nrrd,0.6797369890108633
231,original_firstorder_Energy.nrrd,original_gldm_LargeDependenceLowGrayLevelEmphasis.nrrd,0.7046567132512118
232,original_firstorder_Energy.nrrd,original_gldm_LowGrayLevelEmphasis.nrrd,0.6319939893741605
235,original_firstorder_Energy.nrrd,original_gldm_SmallDependenceLowGrayLevelEmphasis.nrrd,0.5295281646543392
237,original_firstorder_Energy.nrrd,original_glrlm_GrayLevelNonUniformityNormalized.nrrd,0.7935952401590817
242,original_firstorder_Energy.nrrd,original_glrlm_LongRunLowGrayLevelEmphasis.nrrd,0.6432829710304742
243,original_firstorder_Energy.nrrd,original_glrlm_LowGrayLevelRunEmphasis.nrrd,0.6273240137654148
251,original_firstorder_Energy.nrrd,original_glrlm_ShortRunLowGrayLevelEmphasis.nrrd,0.6229268413510908
256,original_firstorder_Energy.nrrd,original_glszm_LargeAreaEmphasis.nrrd,0.6396964482932875
257,original_firstorder_Energy.nrrd,original_glszm_LargeAreaHighGrayLevelEmphasis.nrrd,0.7201425489877517
258,original_firstorder_Energy.nrrd,original_glszm_LargeAreaLowGrayLevelEmphasis.nrrd,0.5808333909458809
259,original_firstorder_Energy.nrrd,original_glszm_LowGrayLevelZoneEmphasis.nrrd,0.5667122627396359
264,original_firstorder_Energy.nrrd,original_glszm_SmallAreaLowGrayLevelEmphasis.nrrd,0.518825061703425
267,original_firstorder_Energy.nrrd,original_glszm_ZoneVariance.nrrd,0.5103133272896584
269,original_firstorder_Energy.nrrd,original_ngtdm_Coarseness.nrrd,0.6961895535462224
279,original_firstorder_Entropy.nrrd,original_firstorder_Minimum.nrrd,0.7967538948153735
283,original_firstorder_Entropy.nrrd,original_firstorder_Skewness.nrrd,-0.305572094
288,original_firstorder_Entropy.nrrd,original_glcm_ClusterProminence.nrrd,0.7173492413961683
289,original_firstorder_Entropy.nrrd,original_glcm_ClusterShade.nrrd,-0.234769964
304,original_firstorder_Entropy.nrrd,original_glcm_JointEnergy.nrrd,0.765892862505969
321,original_firstorder_Entropy.nrrd,original_gldm_LowGrayLevelEmphasis.nrrd,0.7928142959815645
324,original_firstorder_Entropy.nrrd,original_gldm_SmallDependenceLowGrayLevelEmphasis.nrrd,0.6637582173115375
332,original_firstorder_Entropy.nrrd,original_glrlm_LowGrayLevelRunEmphasis.nrrd,0.7874988682028281
340,original_firstorder_Entropy.nrrd,original_glrlm_ShortRunLowGrayLevelEmphasis.nrrd,0.781864743328203
345,original_firstorder_Entropy.nrrd,original_glszm_LargeAreaEmphasis.nrrd,0.7483823226911656
346,original_firstorder_Entropy.nrrd,original_glszm_LargeAreaHighGrayLevelEmphasis.nrrd,0.7674668559926927
347,original_firstorder_Entropy.nrrd,original_glszm_LargeAreaLowGrayLevelEmphasis.nrrd,0.7457570550854099
348,original_firstorder_Entropy.nrrd,original_glszm_LowGrayLevelZoneEmphasis.nrrd,0.7175981803732041
353,original_firstorder_Entropy.nrrd,original_glszm_SmallAreaLowGrayLevelEmphasis.nrrd,0.6568856979543924
356,original_firstorder_Entropy.nrrd,original_glszm_ZoneVariance.nrrd,0.6047748584140558
367,original_firstorder_InterquartileRange.nrrd,original_firstorder_Minimum.nrrd,0.7330688543368161
371,original_firstorder_InterquartileRange.nrrd,original_firstorder_Skewness.nrrd,-0.311960509
377,original_firstorder_InterquartileRange.nrrd,original_glcm_ClusterShade.nrrd,-0.297456027
392,original_firstorder_InterquartileRange.nrrd,original_glcm_JointEnergy.nrrd,0.6560951552726695
394,original_firstorder_InterquartileRange.nrrd,original_glcm_MaximumProbability.nrrd,0.7407628927250063
408,original_firstorder_InterquartileRange.nrrd,original_gldm_LargeDependenceLowGrayLevelEmphasis.nrrd,0.7970122933371387
409,original_firstorder_InterquartileRange.nrrd,original_gldm_LowGrayLevelEmphasis.nrrd,0.7414607512298805
412,original_firstorder_InterquartileRange.nrrd,original_gldm_SmallDependenceLowGrayLevelEmphasis.nrrd,0.633944472648787
419,original_firstorder_InterquartileRange.nrrd,original_glrlm_LongRunLowGrayLevelEmphasis.nrrd,0.7524617630699452
420,original_firstorder_InterquartileRange.nrrd,original_glrlm_LowGrayLevelRunEmphasis.nrrd,0.736554787204469
428,original_firstorder_InterquartileRange.nrrd,original_glrlm_ShortRunLowGrayLevelEmphasis.nrrd,0.7321418917432171
433,original_firstorder_InterquartileRange.nrrd,original_glszm_LargeAreaEmphasis.nrrd,0.6478602027512289
434,original_firstorder_InterquartileRange.nrrd,original_glszm_LargeAreaHighGrayLevelEmphasis.nrrd,0.697892545461898
435,original_firstorder_InterquartileRange.nrrd,original_glszm_LargeAreaLowGrayLevelEmphasis.nrrd,0.637694644818316
436,original_firstorder_InterquartileRange.nrrd,original_glszm_LowGrayLevelZoneEmphasis.nrrd,0.6712242415267706
441,original_firstorder_InterquartileRange.nrrd,original_glszm_SmallAreaLowGrayLevelEmphasis.nrrd,0.6189461558403688
444,original_firstorder_InterquartileRange.nrrd,original_glszm_ZoneVariance.nrrd,0.5038610056075952
454,original_firstorder_Kurtosis.nrrd,original_firstorder_Minimum.nrrd,0.6984600303432851
458,original_firstorder_Kurtosis.nrrd,original_firstorder_Skewness.nrrd,-0.384293283
463,original_firstorder_Kurtosis.nrrd,original_glcm_ClusterProminence.nrrd,0.6285652365164446
464,original_firstorder_Kurtosis.nrrd,original_glcm_ClusterShade.nrrd,-0.262686126
465,original_firstorder_Kurtosis.nrrd,original_glcm_ClusterTendency.nrrd,0.7741029198584732
479,original_firstorder_Kurtosis.nrrd,original_glcm_JointEnergy.nrrd,0.7679527116203865
485,original_firstorder_Kurtosis.nrrd,original_glcm_SumSquares.nrrd,0.7971893964212314
499,original_firstorder_Kurtosis.nrrd,original_gldm_SmallDependenceLowGrayLevelEmphasis.nrrd,0.6815426304500373
507,original_firstorder_Kurtosis.nrrd,original_glrlm_LowGrayLevelRunEmphasis.nrrd,0.795952427045885
515,original_firstorder_Kurtosis.nrrd,original_glrlm_ShortRunLowGrayLevelEmphasis.nrrd,0.790736863010245
520,original_firstorder_Kurtosis.nrrd,original_glszm_LargeAreaEmphasis.nrrd,0.7449008415041249
521,original_firstorder_Kurtosis.nrrd,original_glszm_LargeAreaHighGrayLevelEmphasis.nrrd,0.7438260137132814
522,original_firstorder_Kurtosis.nrrd,original_glszm_LargeAreaLowGrayLevelEmphasis.nrrd,0.7575324841370522
523,original_firstorder_Kurtosis.nrrd,original_glszm_LowGrayLevelZoneEmphasis.nrrd,0.7388882704276013
528,original_firstorder_Kurtosis.nrrd,original_glszm_SmallAreaLowGrayLevelEmphasis.nrrd,0.6838049691951679
531,original_firstorder_Kurtosis.nrrd,original_glszm_ZoneVariance.nrrd,0.615793046492473
544,original_firstorder_Maximum.nrrd,original_firstorder_Skewness.nrrd,-0.258607984
549,original_firstorder_Maximum.nrrd,original_glcm_ClusterProminence.nrrd,0.7269027995193988
550,original_firstorder_Maximum.nrrd,original_glcm_ClusterShade.nrrd,-0.203820707
565,original_firstorder_Maximum.nrrd,original_glcm_JointEnergy.nrrd,0.7506690025302122
582,original_firstorder_Maximum.nrrd,original_gldm_LowGrayLevelEmphasis.nrrd,0.7627746579645233
585,original_firstorder_Maximum.nrrd,original_gldm_SmallDependenceLowGrayLevelEmphasis.nrrd,0.6352094097473066
592,original_firstorder_Maximum.nrrd,original_glrlm_LongRunLowGrayLevelEmphasis.nrrd,0.7783108514976719
593,original_firstorder_Maximum.nrrd,original_glrlm_LowGrayLevelRunEmphasis.nrrd,0.7574602499534462
601,original_firstorder_Maximum.nrrd,original_glrlm_ShortRunLowGrayLevelEmphasis.nrrd,0.7518256906568968
606,original_firstorder_Maximum.nrrd,original_glszm_LargeAreaEmphasis.nrrd,0.7426273184824774
607,original_firstorder_Maximum.nrrd,original_glszm_LargeAreaHighGrayLevelEmphasis.nrrd,0.771574611176224
608,original_firstorder_Maximum.nrrd,original_glszm_LargeAreaLowGrayLevelEmphasis.nrrd,0.7262490643204838
609,original_firstorder_Maximum.nrrd,original_glszm_LowGrayLevelZoneEmphasis.nrrd,0.6881377822586874
614,original_firstorder_Maximum.nrrd,original_glszm_SmallAreaLowGrayLevelEmphasis.nrrd,0.6287289269213211
617,original_firstorder_Maximum.nrrd,original_glszm_ZoneVariance.nrrd,0.600314833975362
629,original_firstorder_Mean.nrrd,original_firstorder_Skewness.nrrd,-0.284538253
634,original_firstorder_Mean.nrrd,original_glcm_ClusterProminence.nrrd,0.7098471533567751
635,original_firstorder_Mean.nrrd,original_glcm_ClusterShade.nrrd,-0.222007627
650,original_firstorder_Mean.nrrd,original_glcm_JointEnergy.nrrd,0.7707707194616856
667,original_firstorder_Mean.nrrd,original_gldm_LowGrayLevelEmphasis.nrrd,0.7463502351915013
670,original_firstorder_Mean.nrrd,original_gldm_SmallDependenceLowGrayLevelEmphasis.nrrd,0.615093681037767
677,original_firstorder_Mean.nrrd,original_glrlm_LongRunLowGrayLevelEmphasis.nrrd,0.7628667368084519
678,original_firstorder_Mean.nrrd,original_glrlm_LowGrayLevelRunEmphasis.nrrd,0.7409729973066531
686,original_firstorder_Mean.nrrd,original_glrlm_ShortRunLowGrayLevelEmphasis.nrrd,0.735092063512928
691,original_firstorder_Mean.nrrd,original_glszm_LargeAreaEmphasis.nrrd,0.7596680108020045
692,original_firstorder_Mean.nrrd,original_glszm_LargeAreaHighGrayLevelEmphasis.nrrd,0.7947533384301593
693,original_firstorder_Mean.nrrd,original_glszm_LargeAreaLowGrayLevelEmphasis.nrrd,0.7327793413065609
694,original_firstorder_Mean.nrrd,original_glszm_LowGrayLevelZoneEmphasis.nrrd,0.6710657314959987
699,original_firstorder_Mean.nrrd,original_glszm_SmallAreaLowGrayLevelEmphasis.nrrd,0.6102185499700161
702,original_firstorder_Mean.nrrd,original_glszm_ZoneVariance.nrrd,0.6200082867772282
709,original_firstorder_MeanAbsoluteDeviation.nrrd,original_firstorder_Minimum.nrrd,0.7270157394625931
713,original_firstorder_MeanAbsoluteDeviation.nrrd,original_firstorder_Skewness.nrrd,-0.319898178
719,original_firstorder_MeanAbsoluteDeviation.nrrd,original_glcm_ClusterShade.nrrd,-0.29665476
734,original_firstorder_MeanAbsoluteDeviation.nrrd,original_glcm_JointEnergy.nrrd,0.6707054895878983
736,original_firstorder_MeanAbsoluteDeviation.nrrd,original_glcm_MaximumProbability.nrrd,0.7578645877237095
751,original_firstorder_MeanAbsoluteDeviation.nrrd,original_gldm_LowGrayLevelEmphasis.nrrd,0.7781408881690315
754,original_firstorder_MeanAbsoluteDeviation.nrrd,original_gldm_SmallDependenceLowGrayLevelEmphasis.nrrd,0.6725461526255271
761,original_firstorder_MeanAbsoluteDeviation.nrrd,original_glrlm_LongRunLowGrayLevelEmphasis.nrrd,0.7886001422895681
762,original_firstorder_MeanAbsoluteDeviation.nrrd,original_glrlm_LowGrayLevelRunEmphasis.nrrd,0.7733713394295955
770,original_firstorder_MeanAbsoluteDeviation.nrrd,original_glrlm_ShortRunLowGrayLevelEmphasis.nrrd,0.7691120114680363
775,original_firstorder_MeanAbsoluteDeviation.nrrd,original_glszm_LargeAreaEmphasis.nrrd,0.661481765337412
776,original_firstorder_MeanAbsoluteDeviation.nrrd,original_glszm_LargeAreaHighGrayLevelEmphasis.nrrd,0.7052949649491381
777,original_firstorder_MeanAbsoluteDeviation.nrrd,original_glszm_LargeAreaLowGrayLevelEmphasis.nrrd,0.6597076134455353
778,original_firstorder_MeanAbsoluteDeviation.nrrd,original_glszm_LowGrayLevelZoneEmphasis.nrrd,0.7091819776626802
783,original_firstorder_MeanAbsoluteDeviation.nrrd,original_glszm_SmallAreaLowGrayLevelEmphasis.nrrd,0.6574908532786485
786,original_firstorder_MeanAbsoluteDeviation.nrrd,original_glszm_ZoneVariance.nrrd,0.5168611551253324
796,original_firstorder_Median.nrrd,original_firstorder_Skewness.nrrd,-0.305109501
801,original_firstorder_Median.nrrd,original_glcm_ClusterProminence.nrrd,0.7119029703365879
802,original_firstorder_Median.nrrd,original_glcm_ClusterShade.nrrd,-0.244508788
817,original_firstorder_Median.nrrd,original_glcm_JointEnergy.nrrd,0.7710693725780403
834,original_firstorder_Median.nrrd,original_gldm_LowGrayLevelEmphasis.nrrd,0.7515645569626169
837,original_firstorder_Median.nrrd,original_gldm_SmallDependenceLowGrayLevelEmphasis.nrrd,0.6213028596933251
844,original_firstorder_Median.nrrd,original_glrlm_LongRunLowGrayLevelEmphasis.nrrd,0.7678355073480011
845,original_firstorder_Median.nrrd,original_glrlm_LowGrayLevelRunEmphasis.nrrd,0.7462443260475145
853,original_firstorder_Median.nrrd,original_glrlm_ShortRunLowGrayLevelEmphasis.nrrd,0.7404367922937433
858,original_firstorder_Median.nrrd,original_glszm_LargeAreaEmphasis.nrrd,0.759677640387545
859,original_firstorder_Median.nrrd,original_glszm_LargeAreaHighGrayLevelEmphasis.nrrd,0.795817054410578
860,original_firstorder_Median.nrrd,original_glszm_LargeAreaLowGrayLevelEmphasis.nrrd,0.7336909969123299
861,original_firstorder_Median.nrrd,original_glszm_LowGrayLevelZoneEmphasis.nrrd,0.676826052423156
866,original_firstorder_Median.nrrd,original_glszm_SmallAreaLowGrayLevelEmphasis.nrrd,0.6162183716128415
869,original_firstorder_Median.nrrd,original_glszm_ZoneVariance.nrrd,0.6204864812293983
875,original_firstorder_Minimum.nrrd,original_firstorder_Range.nrrd,0.6793042856452953
876,original_firstorder_Minimum.nrrd,original_firstorder_RobustMeanAbsoluteDeviation.nrrd,0.734939947067062
878,original_firstorder_Minimum.nrrd,original_firstorder_Skewness.nrrd,0.076670137155547
879,original_firstorder_Minimum.nrrd,original_firstorder_TotalEnergy.nrrd,0.7267709141818888
881,original_firstorder_Minimum.nrrd,original_firstorder_Variance.nrrd,0.5955784411252335
883,original_firstorder_Minimum.nrrd,original_glcm_ClusterProminence.nrrd,0.3578956236480203
884,original_firstorder_Minimum.nrrd,original_glcm_ClusterShade.nrrd,0.0824827241868312
885,original_firstorder_Minimum.nrrd,original_glcm_ClusterTendency.nrrd,0.5884580771136572
886,original_firstorder_Minimum.nrrd,original_glcm_Contrast.nrrd,0.5310563743470075
888,original_firstorder_Minimum.nrrd,original_glcm_DifferenceAverage.nrrd,0.6834413750504433
889,original_firstorder_Minimum.nrrd,original_glcm_DifferenceEntropy.nrrd,0.7766995648742653
890,original_firstorder_Minimum.nrrd,original_glcm_DifferenceVariance.nrrd,0.509273072590876
895,original_firstorder_Minimum.nrrd,original_glcm_Imc1.nrrd,-0.790604123
900,original_firstorder_Minimum.nrrd,original_glcm_JointEntropy.nrrd,0.7979364039227472
904,original_firstorder_Minimum.nrrd,original_glcm_SumEntropy.nrrd,0.7997200889324682
905,original_firstorder_Minimum.nrrd,original_glcm_SumSquares.nrrd,0.5824057418743859
907,original_firstorder_Minimum.nrrd,original_gldm_DependenceNonUniformity.nrrd,0.6766165837675049
908,original_firstorder_Minimum.nrrd,original_gldm_DependenceNonUniformityNormalized.nrrd,0.7492337769643298
911,original_firstorder_Minimum.nrrd,original_gldm_GrayLevelVariance.nrrd,0.5957498572171116
915,original_firstorder_Minimum.nrrd,original_gldm_LargeDependenceLowGrayLevelEmphasis.nrrd,0.767483472086745
916,original_firstorder_Minimum.nrrd,original_gldm_LowGrayLevelEmphasis.nrrd,0.4864032636076552
917,original_firstorder_Minimum.nrrd,original_gldm_SmallDependenceEmphasis.nrrd,0.7529599415137601
918,original_firstorder_Minimum.nrrd,original_gldm_SmallDependenceHighGrayLevelEmphasis.nrrd,0.7497781021157723
919,original_firstorder_Minimum.nrrd,original_gldm_SmallDependenceLowGrayLevelEmphasis.nrrd,0.3174942984846191
922,original_firstorder_Minimum.nrrd,original_glrlm_GrayLevelVariance.nrrd,0.5962022268661594
926,original_firstorder_Minimum.nrrd,original_glrlm_LongRunLowGrayLevelEmphasis.nrrd,0.5142555934739399
927,original_firstorder_Minimum.nrrd,original_glrlm_LowGrayLevelRunEmphasis.nrrd,0.4800092526426588
929,original_firstorder_Minimum.nrrd,original_glrlm_RunLengthNonUniformity.nrrd,0.735918484615209
935,original_firstorder_Minimum.nrrd,original_glrlm_ShortRunLowGrayLevelEmphasis.nrrd,0.4712998463771448
936,original_firstorder_Minimum.nrrd,original_glszm_GrayLevelNonUniformity.nrrd,0.7616128084607899
938,original_firstorder_Minimum.nrrd,original_glszm_GrayLevelVariance.nrrd,0.6021747358766115
942,original_firstorder_Minimum.nrrd,original_glszm_LargeAreaLowGrayLevelEmphasis.nrrd,0.7453344215424993
943,original_firstorder_Minimum.nrrd,original_glszm_LowGrayLevelZoneEmphasis.nrrd,0.4012899979417141
944,original_firstorder_Minimum.nrrd,original_glszm_SizeZoneNonUniformity.nrrd,0.6330837941389599
945,original_firstorder_Minimum.nrrd,original_glszm_SizeZoneNonUniformityNormalized.nrrd,0.7697603544239338
946,original_firstorder_Minimum.nrrd,original_glszm_SmallAreaEmphasis.nrrd,0.7962645247316917
947,original_firstorder_Minimum.nrrd,original_glszm_SmallAreaHighGrayLevelEmphasis.nrrd,0.7958454842600703
948,original_firstorder_Minimum.nrrd,original_glszm_SmallAreaLowGrayLevelEmphasis.nrrd,0.328209338122245
950,original_firstorder_Minimum.nrrd,original_glszm_ZonePercentage.nrrd,0.7586631842004561
951,original_firstorder_Minimum.nrrd,original_glszm_ZoneVariance.nrrd,0.7195238081824532
954,original_firstorder_Minimum.nrrd,original_ngtdm_Complexity.nrrd,0.4489768114315887
955,original_firstorder_Minimum.nrrd,original_ngtdm_Contrast.nrrd,0.6929228432801746
956,original_firstorder_Minimum.nrrd,original_ngtdm_Strength.nrrd,0.6433582585554932
959,original_firstorder_Range.nrrd,original_firstorder_Skewness.nrrd,-0.345869588
964,original_firstorder_Range.nrrd,original_glcm_ClusterProminence.nrrd,0.7872687137971587
965,original_firstorder_Range.nrrd,original_glcm_ClusterShade.nrrd,-0.279708032
980,original_firstorder_Range.nrrd,original_glcm_JointEnergy.nrrd,0.6731839479707991
982,original_firstorder_Range.nrrd,original_glcm_MaximumProbability.nrrd,0.7602867959104876
997,original_firstorder_Range.nrrd,original_gldm_LowGrayLevelEmphasis.nrrd,0.7903738361248375
1000,original_firstorder_Range.nrrd,original_gldm_SmallDependenceLowGrayLevelEmphasis.nrrd,0.6864305834916289
1008,original_firstorder_Range.nrrd,original_glrlm_LowGrayLevelRunEmphasis.nrrd,0.7858362403012252
1016,original_firstorder_Range.nrrd,original_glrlm_ShortRunLowGrayLevelEmphasis.nrrd,0.7816477455612417
1021,original_firstorder_Range.nrrd,original_glszm_LargeAreaEmphasis.nrrd,0.6596517433559037
1022,original_firstorder_Range.nrrd,original_glszm_LargeAreaHighGrayLevelEmphasis.nrrd,0.6923687312752893
1023,original_firstorder_Range.nrrd,original_glszm_LargeAreaLowGrayLevelEmphasis.nrrd,0.6615151110329028
1024,original_firstorder_Range.nrrd,original_glszm_LowGrayLevelZoneEmphasis.nrrd,0.7251356143449614
1029,original_firstorder_Range.nrrd,original_glszm_SmallAreaLowGrayLevelEmphasis.nrrd,0.6749275816718464
1032,original_firstorder_Range.nrrd,original_glszm_ZoneVariance.nrrd,0.5134507437151378
1034,original_firstorder_Range.nrrd,original_ngtdm_Coarseness.nrrd,0.7947054865163216
1039,original_firstorder_RobustMeanAbsoluteDeviation.nrrd,original_firstorder_Skewness.nrrd,-0.308511212
1045,original_firstorder_RobustMeanAbsoluteDeviation.nrrd,original_glcm_ClusterShade.nrrd,-0.293171198
1060,original_firstorder_RobustMeanAbsoluteDeviation.nrrd,original_glcm_JointEnergy.nrrd,0.6601821691254111
1062,original_firstorder_RobustMeanAbsoluteDeviation.nrrd,original_glcm_MaximumProbability.nrrd,0.7459747707297874
1077,original_firstorder_RobustMeanAbsoluteDeviation.nrrd,original_gldm_LowGrayLevelEmphasis.nrrd,0.7498639424589555
1080,original_firstorder_RobustMeanAbsoluteDeviation.nrrd,original_gldm_SmallDependenceLowGrayLevelEmphasis.nrrd,0.6424408162863392
1087,original_firstorder_RobustMeanAbsoluteDeviation.nrrd,original_glrlm_LongRunLowGrayLevelEmphasis.nrrd,0.7607890425526531
1088,original_firstorder_RobustMeanAbsoluteDeviation.nrrd,original_glrlm_LowGrayLevelRunEmphasis.nrrd,0.744963775147638
1096,original_firstorder_RobustMeanAbsoluteDeviation.nrrd,original_glrlm_ShortRunLowGrayLevelEmphasis.nrrd,0.740567906027025
1101,original_firstorder_RobustMeanAbsoluteDeviation.nrrd,original_glszm_LargeAreaEmphasis.nrrd,0.6533102355669752
1102,original_firstorder_RobustMeanAbsoluteDeviation.nrrd,original_glszm_LargeAreaHighGrayLevelEmphasis.nrrd,0.7025204737138193
1103,original_firstorder_RobustMeanAbsoluteDeviation.nrrd,original_glszm_LargeAreaLowGrayLevelEmphasis.nrrd,0.6443897896319889
1104,original_firstorder_RobustMeanAbsoluteDeviation.nrrd,original_glszm_LowGrayLevelZoneEmphasis.nrrd,0.6795432141404799
1109,original_firstorder_RobustMeanAbsoluteDeviation.nrrd,original_glszm_SmallAreaLowGrayLevelEmphasis.nrrd,0.6272249642032542
1112,original_firstorder_RobustMeanAbsoluteDeviation.nrrd,original_glszm_ZoneVariance.nrrd,0.5095442864406544
1118,original_firstorder_RootMeanSquared.nrrd,original_firstorder_Skewness.nrrd,-0.286441709
1123,original_firstorder_RootMeanSquared.nrrd,original_glcm_ClusterProminence.nrrd,0.7147255917073478
1124,original_firstorder_RootMeanSquared.nrrd,original_glcm_ClusterShade.nrrd,-0.22511557
1139,original_firstorder_RootMeanSquared.nrrd,original_glcm_JointEnergy.nrrd,0.7684467232698993
1156,original_firstorder_RootMeanSquared.nrrd,original_gldm_LowGrayLevelEmphasis.nrrd,0.7489784139225266
1159,original_firstorder_RootMeanSquared.nrrd,original_gldm_SmallDependenceLowGrayLevelEmphasis.nrrd,0.618577628505798
1166,original_firstorder_RootMeanSquared.nrrd,original_glrlm_LongRunLowGrayLevelEmphasis.nrrd,0.7652826341031083
1167,original_firstorder_RootMeanSquared.nrrd,original_glrlm_LowGrayLevelRunEmphasis.nrrd,0.7436225202776481
1175,original_firstorder_RootMeanSquared.nrrd,original_glrlm_ShortRunLowGrayLevelEmphasis.nrrd,0.7377978261288645
1180,original_firstorder_RootMeanSquared.nrrd,original_glszm_LargeAreaEmphasis.nrrd,0.7572423455573535
1181,original_firstorder_RootMeanSquared.nrrd,original_glszm_LargeAreaHighGrayLevelEmphasis.nrrd,0.7924950075242052
1182,original_firstorder_RootMeanSquared.nrrd,original_glszm_LargeAreaLowGrayLevelEmphasis.nrrd,0.7314395395274871
1183,original_firstorder_RootMeanSquared.nrrd,original_glszm_LowGrayLevelZoneEmphasis.nrrd,0.6738954280047974
1188,original_firstorder_RootMeanSquared.nrrd,original_glszm_SmallAreaLowGrayLevelEmphasis.nrrd,0.6133374800433484
1191,original_firstorder_RootMeanSquared.nrrd,original_glszm_ZoneVariance.nrrd,0.6173117182077846
1197,original_firstorder_Skewness.nrrd,original_firstorder_TotalEnergy.nrrd,-0.25708298
1198,original_firstorder_Skewness.nrrd,original_firstorder_Uniformity.nrrd,-0.253705454
1199,original_firstorder_Skewness.nrrd,original_firstorder_Variance.nrrd,-0.336236324
1200,original_firstorder_Skewness.nrrd,original_glcm_Autocorrelation.nrrd,-0.274665283
1201,original_firstorder_Skewness.nrrd,original_glcm_ClusterProminence.nrrd,-0.342312197
1202,original_firstorder_Skewness.nrrd,original_glcm_ClusterShade.nrrd,0.7853755650902026
1203,original_firstorder_Skewness.nrrd,original_glcm_ClusterTendency.nrrd,-0.303122503
1204,original_firstorder_Skewness.nrrd,original_glcm_Contrast.nrrd,-0.445694118
1205,original_firstorder_Skewness.nrrd,original_glcm_Correlation.nrrd,-0.200025267
1206,original_firstorder_Skewness.nrrd,original_glcm_DifferenceAverage.nrrd,-0.380588761
1207,original_firstorder_Skewness.nrrd,original_glcm_DifferenceEntropy.nrrd,-0.329486619
1208,original_firstorder_Skewness.nrrd,original_glcm_DifferenceVariance.nrrd,-0.468300465
1209,original_firstorder_Skewness.nrrd,original_glcm_Id.nrrd,-0.242555144
1210,original_firstorder_Skewness.nrrd,original_glcm_Idm.nrrd,-0.218836498
1211,original_firstorder_Skewness.nrrd,original_glcm_Idmn.nrrd,-0.295941757
1212,original_firstorder_Skewness.nrrd,original_glcm_Idn.nrrd,-0.292217881
1213,original_firstorder_Skewness.nrrd,original_glcm_Imc1.nrrd,0.290823557759605
1214,original_firstorder_Skewness.nrrd,original_glcm_Imc2.nrrd,-0.297506773
1215,original_firstorder_Skewness.nrrd,original_glcm_InverseVariance.nrrd,-0.217572257
1216,original_firstorder_Skewness.nrrd,original_glcm_JointAverage.nrrd,-0.286108574
1217,original_firstorder_Skewness.nrrd,original_glcm_JointEnergy.nrrd,-0.18876948
1218,original_firstorder_Skewness.nrrd,original_glcm_JointEntropy.nrrd,-0.30499857
1219,original_firstorder_Skewness.nrrd,original_glcm_MaximumProbability.nrrd,-0.208415809
1220,original_firstorder_Skewness.nrrd,original_glcm_MCC.nrrd,-0.266167319
1221,original_firstorder_Skewness.nrrd,original_glcm_SumAverage.nrrd,-0.286108574
1222,original_firstorder_Skewness.nrrd,original_glcm_SumEntropy.nrrd,-0.301450241
1223,original_firstorder_Skewness.nrrd,original_glcm_SumSquares.nrrd,-0.334304159
1224,original_firstorder_Skewness.nrrd,original_gldm_DependenceEntropy.nrrd,-0.294337351
1225,original_firstorder_Skewness.nrrd,original_gldm_DependenceNonUniformity.nrrd,-0.313556999
1226,original_firstorder_Skewness.nrrd,original_gldm_DependenceNonUniformityNormalized.nrrd,-0.343657841
1227,original_firstorder_Skewness.nrrd,original_gldm_DependenceVariance.nrrd,-0.214248937
1228,original_firstorder_Skewness.nrrd,original_gldm_GrayLevelNonUniformity.nrrd,-0.254120451
1229,original_firstorder_Skewness.nrrd,original_gldm_GrayLevelVariance.nrrd,-0.336052648
1230,original_firstorder_Skewness.nrrd,original_gldm_HighGrayLevelEmphasis.nrrd,-0.274576387
1231,original_firstorder_Skewness.nrrd,original_gldm_LargeDependenceEmphasis.nrrd,-0.213707419
1232,original_firstorder_Skewness.nrrd,original_gldm_LargeDependenceHighGrayLevelEmphasis.nrrd,-0.239529887
1233,original_firstorder_Skewness.nrrd,original_gldm_LargeDependenceLowGrayLevelEmphasis.nrrd,-0.273315238
1234,original_firstorder_Skewness.nrrd,original_gldm_LowGrayLevelEmphasis.nrrd,-0.443322882
1235,original_firstorder_Skewness.nrrd,original_gldm_SmallDependenceEmphasis.nrrd,-0.342371233
1236,original_firstorder_Skewness.nrrd,original_gldm_SmallDependenceHighGrayLevelEmphasis.nrrd,-0.288697906
1237,original_firstorder_Skewness.nrrd,original_gldm_SmallDependenceLowGrayLevelEmphasis.nrrd,-0.467830337
1238,original_firstorder_Skewness.nrrd,original_glrlm_GrayLevelNonUniformity.nrrd,-0.257222514
1239,original_firstorder_Skewness.nrrd,original_glrlm_GrayLevelNonUniformityNormalized.nrrd,-0.254024864
1240,original_firstorder_Skewness.nrrd,original_glrlm_GrayLevelVariance.nrrd,-0.337880557
1241,original_firstorder_Skewness.nrrd,original_glrlm_HighGrayLevelRunEmphasis.nrrd,-0.273026986
1242,original_firstorder_Skewness.nrrd,original_glrlm_LongRunEmphasis.nrrd,-0.287705349
1243,original_firstorder_Skewness.nrrd,original_glrlm_LongRunHighGrayLevelEmphasis.nrrd,-0.269538516
1244,original_firstorder_Skewness.nrrd,original_glrlm_LongRunLowGrayLevelEmphasis.nrrd,-0.434299095
1245,original_firstorder_Skewness.nrrd,original_glrlm_LowGrayLevelRunEmphasis.nrrd,-0.445075348
1246,original_firstorder_Skewness.nrrd,original_glrlm_RunEntropy.nrrd,-0.302963629
1247,original_firstorder_Skewness.nrrd,original_glrlm_RunLengthNonUniformity.nrrd,-0.285749191
1248,original_firstorder_Skewness.nrrd,original_glrlm_RunLengthNonUniformityNormalized.nrrd,-0.303548413
1249,original_firstorder_Skewness.nrrd,original_glrlm_RunPercentage.nrrd,-0.300700069
1250,original_firstorder_Skewness.nrrd,original_glrlm_RunVariance.nrrd,-0.208924886
1251,original_firstorder_Skewness.nrrd,original_glrlm_ShortRunEmphasis.nrrd,-0.299931313
1252,original_firstorder_Skewness.nrrd,original_glrlm_ShortRunHighGrayLevelEmphasis.nrrd,-0.273853376
1253,original_firstorder_Skewness.nrrd,original_glrlm_ShortRunLowGrayLevelEmphasis.nrrd,-0.447514311
1254,original_firstorder_Skewness.nrrd,original_glszm_GrayLevelNonUniformity.nrrd,-0.293610749
1255,original_firstorder_Skewness.nrrd,original_glszm_GrayLevelNonUniformityNormalized.nrrd,-0.257929098
1256,original_firstorder_Skewness.nrrd,original_glszm_GrayLevelVariance.nrrd,-0.354789553
1257,original_firstorder_Skewness.nrrd,original_glszm_HighGrayLevelZoneEmphasis.nrrd,-0.252176656
1258,original_firstorder_Skewness.nrrd,original_glszm_LargeAreaEmphasis.nrrd,-0.14662969
1259,original_firstorder_Skewness.nrrd,original_glszm_LargeAreaHighGrayLevelEmphasis.nrrd,-0.191147325
1260,original_firstorder_Skewness.nrrd,original_glszm_LargeAreaLowGrayLevelEmphasis.nrrd,-0.183975975
1261,original_firstorder_Skewness.nrrd,original_glszm_LowGrayLevelZoneEmphasis.nrrd,-0.458995935
1262,original_firstorder_Skewness.nrrd,original_glszm_SizeZoneNonUniformity.nrrd,-0.330289219
1263,original_firstorder_Skewness.nrrd,original_glszm_SizeZoneNonUniformityNormalized.nrrd,-0.335130625
1264,original_firstorder_Skewness.nrrd,original_glszm_SmallAreaEmphasis.nrrd,-0.317062849
1265,original_firstorder_Skewness.nrrd,original_glszm_SmallAreaHighGrayLevelEmphasis.nrrd,-0.258861077
1266,original_firstorder_Skewness.nrrd,original_glszm_SmallAreaLowGrayLevelEmphasis.nrrd,-0.462323779
1267,original_firstorder_Skewness.nrrd,original_glszm_ZoneEntropy.nrrd,-0.29689273
1268,original_firstorder_Skewness.nrrd,original_glszm_ZonePercentage.nrrd,-0.338097502
1269,original_firstorder_Skewness.nrrd,original_glszm_ZoneVariance.nrrd,-0.110823427
1270,original_firstorder_Skewness.nrrd,original_ngtdm_Busyness.nrrd,-0.240964628
1271,original_firstorder_Skewness.nrrd,original_ngtdm_Coarseness.nrrd,-0.202752749
1272,original_firstorder_Skewness.nrrd,original_ngtdm_Complexity.nrrd,-0.422781736
1273,original_firstorder_Skewness.nrrd,original_ngtdm_Contrast.nrrd,-0.372379235
1274,original_firstorder_Skewness.nrrd,original_ngtdm_Strength.nrrd,-0.353695482
1275,original_firstorder_TotalEnergy.nrrd,original_firstorder_Uniformity.nrrd,0.7919421975437407
1278,original_firstorder_TotalEnergy.nrrd,original_glcm_ClusterProminence.nrrd,0.7863864012524672
1279,original_firstorder_TotalEnergy.nrrd,original_glcm_ClusterShade.nrrd,-0.237346737
1294,original_firstorder_TotalEnergy.nrrd,original_glcm_JointEnergy.nrrd,0.5942226250819869
1296,original_firstorder_TotalEnergy.nrrd,original_glcm_MaximumProbability.nrrd,0.6797369890108633
1310,original_firstorder_TotalEnergy.nrrd,original_gldm_LargeDependenceLowGrayLevelEmphasis.nrrd,0.7046567132512118
1311,original_firstorder_TotalEnergy.nrrd,original_gldm_LowGrayLevelEmphasis.nrrd,0.6319939893741605
1314,original_firstorder_TotalEnergy.nrrd,original_gldm_SmallDependenceLowGrayLevelEmphasis.nrrd,0.5295281646543392
1316,original_firstorder_TotalEnergy.nrrd,original_glrlm_GrayLevelNonUniformityNormalized.nrrd,0.7935952401590817
1321,original_firstorder_TotalEnergy.nrrd,original_glrlm_LongRunLowGrayLevelEmphasis.nrrd,0.6432829710304742
1322,original_firstorder_TotalEnergy.nrrd,original_glrlm_LowGrayLevelRunEmphasis.nrrd,0.6273240137654148
1330,original_firstorder_TotalEnergy.nrrd,original_glrlm_ShortRunLowGrayLevelEmphasis.nrrd,0.6229268413510908
1335,original_firstorder_TotalEnergy.nrrd,original_glszm_LargeAreaEmphasis.nrrd,0.6396964482932875
1336,original_firstorder_TotalEnergy.nrrd,original_glszm_LargeAreaHighGrayLevelEmphasis.nrrd,0.7201425489877517
1337,original_firstorder_TotalEnergy.nrrd,original_glszm_LargeAreaLowGrayLevelEmphasis.nrrd,0.5808333909458809
1338,original_firstorder_TotalEnergy.nrrd,original_glszm_LowGrayLevelZoneEmphasis.nrrd,0.5667122627396359
1343,original_firstorder_TotalEnergy.nrrd,original_glszm_SmallAreaLowGrayLevelEmphasis.nrrd,0.518825061703425
1346,original_firstorder_TotalEnergy.nrrd,original_glszm_ZoneVariance.nrrd,0.5103133272896584
1348,original_firstorder_TotalEnergy.nrrd,original_ngtdm_Coarseness.nrrd,0.6961895535462224
1352,original_firstorder_Uniformity.nrrd,original_firstorder_Variance.nrrd,0.725635949326057
1354,original_firstorder_Uniformity.nrrd,original_glcm_ClusterProminence.nrrd,0.500311349108909
1355,original_firstorder_Uniformity.nrrd,original_glcm_ClusterShade.nrrd,-0.146788043
1356,original_firstorder_Uniformity.nrrd,original_glcm_ClusterTendency.nrrd,0.6968176912857508
1357,original_firstorder_Uniformity.nrrd,original_glcm_Contrast.nrrd,0.739360731438469
1361,original_firstorder_Uniformity.nrrd,original_glcm_DifferenceVariance.nrrd,0.7307729778963944
1376,original_firstorder_Uniformity.nrrd,original_glcm_SumSquares.nrrd,0.7116711975155342
1382,original_firstorder_Uniformity.nrrd,original_gldm_GrayLevelVariance.nrrd,0.7258180259445826
1387,original_firstorder_Uniformity.nrrd,original_gldm_LowGrayLevelEmphasis.nrrd,0.738096457640476
1390,original_firstorder_Uniformity.nrrd,original_gldm_SmallDependenceLowGrayLevelEmphasis.nrrd,0.5814251188315432
1393,original_firstorder_Uniformity.nrrd,original_glrlm_GrayLevelVariance.nrrd,0.7284057274369681
1397,original_firstorder_Uniformity.nrrd,original_glrlm_LongRunLowGrayLevelEmphasis.nrrd,0.7616805737292431
1398,original_firstorder_Uniformity.nrrd,original_glrlm_LowGrayLevelRunEmphasis.nrrd,0.7324913761570524
1406,original_firstorder_Uniformity.nrrd,original_glrlm_ShortRunLowGrayLevelEmphasis.nrrd,0.7248967528653203
1409,original_firstorder_Uniformity.nrrd,original_glszm_GrayLevelVariance.nrrd,0.7593069295386133
1414,original_firstorder_Uniformity.nrrd,original_glszm_LowGrayLevelZoneEmphasis.nrrd,0.6604352165006617
1415,original_firstorder_Uniformity.nrrd,original_glszm_SizeZoneNonUniformity.nrrd,0.7900505214808917
1419,original_firstorder_Uniformity.nrrd,original_glszm_SmallAreaLowGrayLevelEmphasis.nrrd,0.5901406660984044
1422,original_firstorder_Uniformity.nrrd,original_glszm_ZoneVariance.nrrd,0.761045711043678
1425,original_firstorder_Uniformity.nrrd,original_ngtdm_Complexity.nrrd,0.6702408835547281
1430,original_firstorder_Variance.nrrd,original_glcm_ClusterShade.nrrd,-0.363879815
1438,original_firstorder_Variance.nrrd,original_glcm_Idm.nrrd,0.7653669510443117
1443,original_firstorder_Variance.nrrd,original_glcm_InverseVariance.nrrd,0.7649052965194398
1445,original_firstorder_Variance.nrrd,original_glcm_JointEnergy.nrrd,0.5452109262942871
1447,original_firstorder_Variance.nrrd,original_glcm_MaximumProbability.nrrd,0.6318311144433864
1455,original_firstorder_Variance.nrrd,original_gldm_DependenceVariance.nrrd,0.7328745631158566
1456,original_firstorder_Variance.nrrd,original_gldm_GrayLevelNonUniformity.nrrd,0.7935754010080264
1459,original_firstorder_Variance.nrrd,original_gldm_LargeDependenceEmphasis.nrrd,0.7517340413071042
1461,original_firstorder_Variance.nrrd,original_gldm_LargeDependenceLowGrayLevelEmphasis.nrrd,0.719223377351237
1462,original_firstorder_Variance.nrrd,original_gldm_LowGrayLevelEmphasis.nrrd,0.7525358949679962
1465,original_firstorder_Variance.nrrd,original_gldm_SmallDependenceLowGrayLevelEmphasis.nrrd,0.6827750382823387
1467,original_firstorder_Variance.nrrd,original_glrlm_GrayLevelNonUniformityNormalized.nrrd,0.7275549748213161
1472,original_firstorder_Variance.nrrd,original_glrlm_LongRunLowGrayLevelEmphasis.nrrd,0.7560250518853592
1473,original_firstorder_Variance.nrrd,original_glrlm_LowGrayLevelRunEmphasis.nrrd,0.7488581550206633
1478,original_firstorder_Variance.nrrd,original_glrlm_RunVariance.nrrd,0.7506087249142047
1481,original_firstorder_Variance.nrrd,original_glrlm_ShortRunLowGrayLevelEmphasis.nrrd,0.7465921426883108
1483,original_firstorder_Variance.nrrd,original_glszm_GrayLevelNonUniformityNormalized.nrrd,0.742037799476306
1486,original_firstorder_Variance.nrrd,original_glszm_LargeAreaEmphasis.nrrd,0.5383247090334888
1487,original_firstorder_Variance.nrrd,original_glszm_LargeAreaHighGrayLevelEmphasis.nrrd,0.6007146333855747
1488,original_firstorder_Variance.nrrd,original_glszm_LargeAreaLowGrayLevelEmphasis.nrrd,0.5463959376139804
1489,original_firstorder_Variance.nrrd,original_glszm_LowGrayLevelZoneEmphasis.nrrd,0.6967893950166031
1494,original_firstorder_Variance.nrrd,original_glszm_SmallAreaLowGrayLevelEmphasis.nrrd,0.6594332905131032
1497,original_firstorder_Variance.nrrd,original_glszm_ZoneVariance.nrrd,0.4001937748232003
1498,original_firstorder_Variance.nrrd,original_ngtdm_Busyness.nrrd,0.7807801868632223
1499,original_firstorder_Variance.nrrd,original_ngtdm_Coarseness.nrrd,0.7058996957546609
1503,original_glcm_Autocorrelation.nrrd,original_glcm_ClusterProminence.nrrd,0.739550702899124
1504,original_glcm_Autocorrelation.nrrd,original_glcm_ClusterShade.nrrd,-0.237184389
1519,original_glcm_Autocorrelation.nrrd,original_glcm_JointEnergy.nrrd,0.7251877193051548
1536,original_glcm_Autocorrelation.nrrd,original_gldm_LowGrayLevelEmphasis.nrrd,0.693957165950092
1539,original_glcm_Autocorrelation.nrrd,original_gldm_SmallDependenceLowGrayLevelEmphasis.nrrd,0.5712798561448758
1546,original_glcm_Autocorrelation.nrrd,original_glrlm_LongRunLowGrayLevelEmphasis.nrrd,0.70906729145957
1547,original_glcm_Autocorrelation.nrrd,original_glrlm_LowGrayLevelRunEmphasis.nrrd,0.6887836157920826
1555,original_glcm_Autocorrelation.nrrd,original_glrlm_ShortRunLowGrayLevelEmphasis.nrrd,0.6833109417623772
1560,original_glcm_Autocorrelation.nrrd,original_glszm_LargeAreaEmphasis.nrrd,0.7230960918709749
1561,original_glcm_Autocorrelation.nrrd,original_glszm_LargeAreaHighGrayLevelEmphasis.nrrd,0.7829663219652153
1562,original_glcm_Autocorrelation.nrrd,original_glszm_LargeAreaLowGrayLevelEmphasis.nrrd,0.6753649023470153
1563,original_glcm_Autocorrelation.nrrd,original_glszm_LowGrayLevelZoneEmphasis.nrrd,0.6217700064804529
1568,original_glcm_Autocorrelation.nrrd,original_glszm_SmallAreaLowGrayLevelEmphasis.nrrd,0.5649282795411138
1571,original_glcm_Autocorrelation.nrrd,original_glszm_ZoneVariance.nrrd,0.5859002904555602
1577,original_glcm_ClusterProminence.nrrd,original_glcm_ClusterShade.nrrd,-0.476712539
1580,original_glcm_ClusterProminence.nrrd,original_glcm_Correlation.nrrd,0.6999180074935104
1582,original_glcm_ClusterProminence.nrrd,original_glcm_DifferenceEntropy.nrrd,0.723955525408441
1584,original_glcm_ClusterProminence.nrrd,original_glcm_Id.nrrd,0.5824494622758748
1585,original_glcm_ClusterProminence.nrrd,original_glcm_Idm.nrrd,0.5414193436725075
1586,original_glcm_ClusterProminence.nrrd,original_glcm_Idmn.nrrd,0.6731042735986819
1587,original_glcm_ClusterProminence.nrrd,original_glcm_Idn.nrrd,0.6669187807784517
1588,original_glcm_ClusterProminence.nrrd,original_glcm_Imc1.nrrd,-0.735363503
1589,original_glcm_ClusterProminence.nrrd,original_glcm_Imc2.nrrd,0.6886080537090558
1590,original_glcm_ClusterProminence.nrrd,original_glcm_InverseVariance.nrrd,0.5408009193470957
1591,original_glcm_ClusterProminence.nrrd,original_glcm_JointAverage.nrrd,0.7086355133096631
1592,original_glcm_ClusterProminence.nrrd,original_glcm_JointEnergy.nrrd,0.3477951849778562
1593,original_glcm_ClusterProminence.nrrd,original_glcm_JointEntropy.nrrd,0.7092030040067079
1594,original_glcm_ClusterProminence.nrrd,original_glcm_MaximumProbability.nrrd,0.4215387181459199
1595,original_glcm_ClusterProminence.nrrd,original_glcm_MCC.nrrd,0.6888913930962803
1596,original_glcm_ClusterProminence.nrrd,original_glcm_SumAverage.nrrd,0.7086355133096632
1597,original_glcm_ClusterProminence.nrrd,original_glcm_SumEntropy.nrrd,0.7155625756487297
1599,original_glcm_ClusterProminence.nrrd,original_gldm_DependenceEntropy.nrrd,0.6945051808556206
1600,original_glcm_ClusterProminence.nrrd,original_gldm_DependenceNonUniformity.nrrd,0.7982537976754812
1601,original_glcm_ClusterProminence.nrrd,original_gldm_DependenceNonUniformityNormalized.nrrd,0.7472090573562568
1602,original_glcm_ClusterProminence.nrrd,original_gldm_DependenceVariance.nrrd,0.5193020018805092
1603,original_glcm_ClusterProminence.nrrd,original_gldm_GrayLevelNonUniformity.nrrd,0.585844860816067
1605,original_glcm_ClusterProminence.nrrd,original_gldm_HighGrayLevelEmphasis.nrrd,0.7452101901303808
1606,original_glcm_ClusterProminence.nrrd,original_gldm_LargeDependenceEmphasis.nrrd,0.531774673306551
1607,original_glcm_ClusterProminence.nrrd,original_gldm_LargeDependenceHighGrayLevelEmphasis.nrrd,0.6209146731340622
1608,original_glcm_ClusterProminence.nrrd,original_gldm_LargeDependenceLowGrayLevelEmphasis.nrrd,0.5312097260874988
1609,original_glcm_ClusterProminence.nrrd,original_gldm_LowGrayLevelEmphasis.nrrd,0.6715332530230883
1610,original_glcm_ClusterProminence.nrrd,original_gldm_SmallDependenceEmphasis.nrrd,0.7428121492008647
1611,original_glcm_ClusterProminence.nrrd,original_gldm_SmallDependenceHighGrayLevelEmphasis.nrrd,0.7963614534676537
1612,original_glcm_ClusterProminence.nrrd,original_gldm_SmallDependenceLowGrayLevelEmphasis.nrrd,0.6619797988572725
1613,original_glcm_ClusterProminence.nrrd,original_glrlm_GrayLevelNonUniformity.nrrd,0.5928420638434315
1614,original_glcm_ClusterProminence.nrrd,original_glrlm_GrayLevelNonUniformityNormalized.nrrd,0.5018564057107198
1616,original_glcm_ClusterProminence.nrrd,original_glrlm_HighGrayLevelRunEmphasis.nrrd,0.7448673772077895
1617,original_glcm_ClusterProminence.nrrd,original_glrlm_LongRunEmphasis.nrrd,0.660033110377183
1618,original_glcm_ClusterProminence.nrrd,original_glrlm_LongRunHighGrayLevelEmphasis.nrrd,0.732573647062855
1619,original_glcm_ClusterProminence.nrrd,original_glrlm_LongRunLowGrayLevelEmphasis.nrrd,0.6653491580669875
1620,original_glcm_ClusterProminence.nrrd,original_glrlm_LowGrayLevelRunEmphasis.nrrd,0.6702734322570036
1621,original_glcm_ClusterProminence.nrrd,original_glrlm_RunEntropy.nrrd,0.7118031470673406
1622,original_glcm_ClusterProminence.nrrd,original_glrlm_RunLengthNonUniformity.nrrd,0.75085087292499
1623,original_glcm_ClusterProminence.nrrd,original_glrlm_RunLengthNonUniformityNormalized.nrrd,0.6849025845250071
1624,original_glcm_ClusterProminence.nrrd,original_glrlm_RunPercentage.nrrd,0.6804734534244952
1625,original_glcm_ClusterProminence.nrrd,original_glrlm_RunVariance.nrrd,0.527642669613854
1626,original_glcm_ClusterProminence.nrrd,original_glrlm_ShortRunEmphasis.nrrd,0.6792581369265169
1627,original_glcm_ClusterProminence.nrrd,original_glrlm_ShortRunHighGrayLevelEmphasis.nrrd,0.7478566846951127
1628,original_glcm_ClusterProminence.nrrd,original_glrlm_ShortRunLowGrayLevelEmphasis.nrrd,0.6710700099277775
1629,original_glcm_ClusterProminence.nrrd,original_glszm_GrayLevelNonUniformity.nrrd,0.6671617669491937
1630,original_glcm_ClusterProminence.nrrd,original_glszm_GrayLevelNonUniformityNormalized.nrrd,0.5138032218841562
1632,original_glcm_ClusterProminence.nrrd,original_glszm_HighGrayLevelZoneEmphasis.nrrd,0.7399894145962127
1633,original_glcm_ClusterProminence.nrrd,original_glszm_LargeAreaEmphasis.nrrd,0.3451499172603715
1634,original_glcm_ClusterProminence.nrrd,original_glszm_LargeAreaHighGrayLevelEmphasis.nrrd,0.4216724047736264
1635,original_glcm_ClusterProminence.nrrd,original_glszm_LargeAreaLowGrayLevelEmphasis.nrrd,0.3757014433295632
1636,original_glcm_ClusterProminence.nrrd,original_glszm_LowGrayLevelZoneEmphasis.nrrd,0.6457917054307758
1638,original_glcm_ClusterProminence.nrrd,original_glszm_SizeZoneNonUniformityNormalized.nrrd,0.7313039040777157
1639,original_glcm_ClusterProminence.nrrd,original_glszm_SmallAreaEmphasis.nrrd,0.7044970144053736
1640,original_glcm_ClusterProminence.nrrd,original_glszm_SmallAreaHighGrayLevelEmphasis.nrrd,0.7626313052850199
1641,original_glcm_ClusterProminence.nrrd,original_glszm_SmallAreaLowGrayLevelEmphasis.nrrd,0.6335934086304751
1642,original_glcm_ClusterProminence.nrrd,original_glszm_ZoneEntropy.nrrd,0.6955857178661559
1643,original_glcm_ClusterProminence.nrrd,original_glszm_ZonePercentage.nrrd,0.7363316492614252
1644,original_glcm_ClusterProminence.nrrd,original_glszm_ZoneVariance.nrrd,0.2348916725702944
1645,original_glcm_ClusterProminence.nrrd,original_ngtdm_Busyness.nrrd,0.5532318829383518
1646,original_glcm_ClusterProminence.nrrd,original_ngtdm_Coarseness.nrrd,0.4983388886140213
1650,original_glcm_ClusterShade.nrrd,original_glcm_ClusterTendency.nrrd,-0.349462536
1651,original_glcm_ClusterShade.nrrd,original_glcm_Contrast.nrrd,-0.41691106
1652,original_glcm_ClusterShade.nrrd,original_glcm_Correlation.nrrd,-0.170834143
1653,original_glcm_ClusterShade.nrrd,original_glcm_DifferenceAverage.nrrd,-0.320913498
1654,original_glcm_ClusterShade.nrrd,original_glcm_DifferenceEntropy.nrrd,-0.252971431
1655,original_glcm_ClusterShade.nrrd,original_glcm_DifferenceVariance.nrrd,-0.435887118
1656,original_glcm_ClusterShade.nrrd,original_glcm_Id.nrrd,-0.158093438
1657,original_glcm_ClusterShade.nrrd,original_glcm_Idm.nrrd,-0.13529616
1658,original_glcm_ClusterShade.nrrd,original_glcm_Idmn.nrrd,-0.215021965
1659,original_glcm_ClusterShade.nrrd,original_glcm_Idn.nrrd,-0.210703671
1660,original_glcm_ClusterShade.nrrd,original_glcm_Imc1.nrrd,0.2474105539527305
1661,original_glcm_ClusterShade.nrrd,original_glcm_Imc2.nrrd,-0.221866932
1662,original_glcm_ClusterShade.nrrd,original_glcm_InverseVariance.nrrd,-0.135035424
1663,original_glcm_ClusterShade.nrrd,original_glcm_JointAverage.nrrd,-0.223329981
1664,original_glcm_ClusterShade.nrrd,original_glcm_JointEnergy.nrrd,-0.09522175
1665,original_glcm_ClusterShade.nrrd,original_glcm_JointEntropy.nrrd,-0.229711334
1666,original_glcm_ClusterShade.nrrd,original_glcm_MaximumProbability.nrrd,-0.116476379
1667,original_glcm_ClusterShade.nrrd,original_glcm_MCC.nrrd,-0.201263929
1668,original_glcm_ClusterShade.nrrd,original_glcm_SumAverage.nrrd,-0.223329981
1669,original_glcm_ClusterShade.nrrd,original_glcm_SumEntropy.nrrd,-0.231688518
1670,original_glcm_ClusterShade.nrrd,original_glcm_SumSquares.nrrd,-0.366099807
1671,original_glcm_ClusterShade.nrrd,original_gldm_DependenceEntropy.nrrd,-0.219492469
1672,original_glcm_ClusterShade.nrrd,original_gldm_DependenceNonUniformity.nrrd,-0.258910469
1673,original_glcm_ClusterShade.nrrd,original_gldm_DependenceNonUniformityNormalized.nrrd,-0.273469156
1674,original_glcm_ClusterShade.nrrd,original_gldm_DependenceVariance.nrrd,-0.123422105
1675,original_glcm_ClusterShade.nrrd,original_gldm_GrayLevelNonUniformity.nrrd,-0.150649689
1676,original_glcm_ClusterShade.nrrd,original_gldm_GrayLevelVariance.nrrd,-0.363645634
1677,original_glcm_ClusterShade.nrrd,original_gldm_HighGrayLevelEmphasis.nrrd,-0.237677203
1678,original_glcm_ClusterShade.nrrd,original_gldm_LargeDependenceEmphasis.nrrd,-0.126958428
1679,original_glcm_ClusterShade.nrrd,original_gldm_LargeDependenceHighGrayLevelEmphasis.nrrd,-0.185252438
1680,original_glcm_ClusterShade.nrrd,original_gldm_LargeDependenceLowGrayLevelEmphasis.nrrd,-0.218391203
1681,original_glcm_ClusterShade.nrrd,original_gldm_LowGrayLevelEmphasis.nrrd,-0.441642422
1682,original_glcm_ClusterShade.nrrd,original_gldm_SmallDependenceEmphasis.nrrd,-0.268919701
1683,original_glcm_ClusterShade.nrrd,original_gldm_SmallDependenceHighGrayLevelEmphasis.nrrd,-0.261253077
1684,original_glcm_ClusterShade.nrrd,original_gldm_SmallDependenceLowGrayLevelEmphasis.nrrd,-0.490883141
1685,original_glcm_ClusterShade.nrrd,original_glrlm_GrayLevelNonUniformity.nrrd,-0.154232877
1686,original_glcm_ClusterShade.nrrd,original_glrlm_GrayLevelNonUniformityNormalized.nrrd,-0.147168232
1687,original_glcm_ClusterShade.nrrd,original_glrlm_GrayLevelVariance.nrrd,-0.364533551
1688,original_glcm_ClusterShade.nrrd,original_glrlm_HighGrayLevelRunEmphasis.nrrd,-0.236164891
1689,original_glcm_ClusterShade.nrrd,original_glrlm_LongRunEmphasis.nrrd,-0.206138133
1690,original_glcm_ClusterShade.nrrd,original_glrlm_LongRunHighGrayLevelEmphasis.nrrd,-0.2306117
1691,original_glcm_ClusterShade.nrrd,original_glrlm_LongRunLowGrayLevelEmphasis.nrrd,-0.427924849
1692,original_glcm_ClusterShade.nrrd,original_glrlm_LowGrayLevelRunEmphasis.nrrd,-0.443971964
1693,original_glcm_ClusterShade.nrrd,original_glrlm_RunEntropy.nrrd,-0.231218955
1694,original_glcm_ClusterShade.nrrd,original_glrlm_RunLengthNonUniformity.nrrd,-0.219837861
1695,original_glcm_ClusterShade.nrrd,original_glrlm_RunLengthNonUniformityNormalized.nrrd,-0.223744036
1696,original_glcm_ClusterShade.nrrd,original_glrlm_RunPercentage.nrrd,-0.220520528
1697,original_glcm_ClusterShade.nrrd,original_glrlm_RunVariance.nrrd,-0.12314966
1698,original_glcm_ClusterShade.nrrd,original_glrlm_ShortRunEmphasis.nrrd,-0.219647277
1699,original_glcm_ClusterShade.nrrd,original_glrlm_ShortRunHighGrayLevelEmphasis.nrrd,-0.237516265
1700,original_glcm_ClusterShade.nrrd,original_glrlm_ShortRunLowGrayLevelEmphasis.nrrd,-0.447756082
1701,original_glcm_ClusterShade.nrrd,original_glszm_GrayLevelNonUniformity.nrrd,-0.196064306
1702,original_glcm_ClusterShade.nrrd,original_glszm_GrayLevelNonUniformityNormalized.nrrd,-0.150433654
1703,original_glcm_ClusterShade.nrrd,original_glszm_GrayLevelVariance.nrrd,-0.366997855
1704,original_glcm_ClusterShade.nrrd,original_glszm_HighGrayLevelZoneEmphasis.nrrd,-0.216373657
1705,original_glcm_ClusterShade.nrrd,original_glszm_LargeAreaEmphasis.nrrd,-0.057321062
1706,original_glcm_ClusterShade.nrrd,original_glszm_LargeAreaHighGrayLevelEmphasis.nrrd,-0.11289396
1707,original_glcm_ClusterShade.nrrd,original_glszm_LargeAreaLowGrayLevelEmphasis.nrrd,-0.13263842
1708,original_glcm_ClusterShade.nrrd,original_glszm_LowGrayLevelZoneEmphasis.nrrd,-0.461329223
1709,original_glcm_ClusterShade.nrrd,original_glszm_SizeZoneNonUniformity.nrrd,-0.281905058
1710,original_glcm_ClusterShade.nrrd,original_glszm_SizeZoneNonUniformityNormalized.nrrd,-0.26037811
1711,original_glcm_ClusterShade.nrrd,original_glszm_SmallAreaEmphasis.nrrd,-0.238838791
1712,original_glcm_ClusterShade.nrrd,original_glszm_SmallAreaHighGrayLevelEmphasis.nrrd,-0.226856772
1713,original_glcm_ClusterShade.nrrd,original_glszm_SmallAreaLowGrayLevelEmphasis.nrrd,-0.473044748
1714,original_glcm_ClusterShade.nrrd,original_glszm_ZoneEntropy.nrrd,-0.221608865
1715,original_glcm_ClusterShade.nrrd,original_glszm_ZonePercentage.nrrd,-0.263372824
1716,original_glcm_ClusterShade.nrrd,original_glszm_ZoneVariance.nrrd,-0.022591306
1717,original_glcm_ClusterShade.nrrd,original_ngtdm_Busyness.nrrd,-0.13403034
1718,original_glcm_ClusterShade.nrrd,original_ngtdm_Coarseness.nrrd,-0.138683786
1719,original_glcm_ClusterShade.nrrd,original_ngtdm_Complexity.nrrd,-0.422411581
1720,original_glcm_ClusterShade.nrrd,original_ngtdm_Contrast.nrrd,-0.354300731
1721,original_glcm_ClusterShade.nrrd,original_ngtdm_Strength.nrrd,-0.339018919
1727,original_glcm_ClusterTendency.nrrd,original_glcm_Id.nrrd,0.7803504737626589
1728,original_glcm_ClusterTendency.nrrd,original_glcm_Idm.nrrd,0.7435379490423075
1733,original_glcm_ClusterTendency.nrrd,original_glcm_InverseVariance.nrrd,0.7430593580450461
1735,original_glcm_ClusterTendency.nrrd,original_glcm_JointEnergy.nrrd,0.5209648018337321
1737,original_glcm_ClusterTendency.nrrd,original_glcm_MaximumProbability.nrrd,0.6071708858897059
1745,original_glcm_ClusterTendency.nrrd,original_gldm_DependenceVariance.nrrd,0.7125853823116134
1746,original_glcm_ClusterTendency.nrrd,original_gldm_GrayLevelNonUniformity.nrrd,0.768647090766285
1749,original_glcm_ClusterTendency.nrrd,original_gldm_LargeDependenceEmphasis.nrrd,0.7309425334367191
1751,original_glcm_ClusterTendency.nrrd,original_gldm_LargeDependenceLowGrayLevelEmphasis.nrrd,0.6939215278041109
1752,original_glcm_ClusterTendency.nrrd,original_gldm_LowGrayLevelEmphasis.nrrd,0.7269567119529374
1755,original_glcm_ClusterTendency.nrrd,original_gldm_SmallDependenceLowGrayLevelEmphasis.nrrd,0.6604208641452083
1756,original_glcm_ClusterTendency.nrrd,original_glrlm_GrayLevelNonUniformity.nrrd,0.7751387942884229
1757,original_glcm_ClusterTendency.nrrd,original_glrlm_GrayLevelNonUniformityNormalized.nrrd,0.698759890340111
1762,original_glcm_ClusterTendency.nrrd,original_glrlm_LongRunLowGrayLevelEmphasis.nrrd,0.7302420674729103
1763,original_glcm_ClusterTendency.nrrd,original_glrlm_LowGrayLevelRunEmphasis.nrrd,0.7234234105005078
1768,original_glcm_ClusterTendency.nrrd,original_glrlm_RunVariance.nrrd,0.7297647105404899
1771,original_glcm_ClusterTendency.nrrd,original_glrlm_ShortRunLowGrayLevelEmphasis.nrrd,0.7212669734974616
1773,original_glcm_ClusterTendency.nrrd,original_glszm_GrayLevelNonUniformityNormalized.nrrd,0.7144103367141319
1776,original_glcm_ClusterTendency.nrrd,original_glszm_LargeAreaEmphasis.nrrd,0.5220472367649692
1777,original_glcm_ClusterTendency.nrrd,original_glszm_LargeAreaHighGrayLevelEmphasis.nrrd,0.589273883669451
1778,original_glcm_ClusterTendency.nrrd,original_glszm_LargeAreaLowGrayLevelEmphasis.nrrd,0.5272170058702433
1779,original_glcm_ClusterTendency.nrrd,original_glszm_LowGrayLevelZoneEmphasis.nrrd,0.6732765001615635
1784,original_glcm_ClusterTendency.nrrd,original_glszm_SmallAreaLowGrayLevelEmphasis.nrrd,0.6376158425006435
1787,original_glcm_ClusterTendency.nrrd,original_glszm_ZoneVariance.nrrd,0.38707227911109
1788,original_glcm_ClusterTendency.nrrd,original_ngtdm_Busyness.nrrd,0.7576829468055979
1789,original_glcm_ClusterTendency.nrrd,original_ngtdm_Coarseness.nrrd,0.6863711230205427
1797,original_glcm_Contrast.nrrd,original_glcm_Id.nrrd,0.7930500114935826
1798,original_glcm_Contrast.nrrd,original_glcm_Idm.nrrd,0.7503798890314958
1803,original_glcm_Contrast.nrrd,original_glcm_InverseVariance.nrrd,0.7497599680177388
1805,original_glcm_Contrast.nrrd,original_glcm_JointEnergy.nrrd,0.5449671230918369
1807,original_glcm_Contrast.nrrd,original_glcm_MaximumProbability.nrrd,0.6267647071078895
1815,original_glcm_Contrast.nrrd,original_gldm_DependenceVariance.nrrd,0.7100223832998476
1819,original_glcm_Contrast.nrrd,original_gldm_LargeDependenceEmphasis.nrrd,0.732302075934149
1820,original_glcm_Contrast.nrrd,original_gldm_LargeDependenceHighGrayLevelEmphasis.nrrd,0.774116552001628
1821,original_glcm_Contrast.nrrd,original_gldm_LargeDependenceLowGrayLevelEmphasis.nrrd,0.7219632949283161
1822,original_glcm_Contrast.nrrd,original_gldm_LowGrayLevelEmphasis.nrrd,0.790628099396622
1825,original_glcm_Contrast.nrrd,original_gldm_SmallDependenceLowGrayLevelEmphasis.nrrd,0.7291920264083124
1827,original_glcm_Contrast.nrrd,original_glrlm_GrayLevelNonUniformityNormalized.nrrd,0.741530180368391
1832,original_glcm_Contrast.nrrd,original_glrlm_LongRunLowGrayLevelEmphasis.nrrd,0.7914981105636746
1833,original_glcm_Contrast.nrrd,original_glrlm_LowGrayLevelRunEmphasis.nrrd,0.7871230337136162
1838,original_glcm_Contrast.nrrd,original_glrlm_RunVariance.nrrd,0.7314364210535136
1841,original_glcm_Contrast.nrrd,original_glrlm_ShortRunLowGrayLevelEmphasis.nrrd,0.7854971837605306
1843,original_glcm_Contrast.nrrd,original_glszm_GrayLevelNonUniformityNormalized.nrrd,0.7549501672297684
1846,original_glcm_Contrast.nrrd,original_glszm_LargeAreaEmphasis.nrrd,0.5045646338759641
1847,original_glcm_Contrast.nrrd,original_glszm_LargeAreaHighGrayLevelEmphasis.nrrd,0.5520035099187939
1848,original_glcm_Contrast.nrrd,original_glszm_LargeAreaLowGrayLevelEmphasis.nrrd,0.5290206670675605
1849,original_glcm_Contrast.nrrd,original_glszm_LowGrayLevelZoneEmphasis.nrrd,0.7364541269256822
1854,original_glcm_Contrast.nrrd,original_glszm_SmallAreaLowGrayLevelEmphasis.nrrd,0.7017505600245716
1857,original_glcm_Contrast.nrrd,original_glszm_ZoneVariance.nrrd,0.36149036419509
1858,original_glcm_Contrast.nrrd,original_ngtdm_Busyness.nrrd,0.7902569449473973
1859,original_glcm_Contrast.nrrd,original_ngtdm_Coarseness.nrrd,0.6861505299257005
1874,original_glcm_Correlation.nrrd,original_glcm_JointEnergy.nrrd,0.7692414842917982
1891,original_glcm_Correlation.nrrd,original_gldm_LowGrayLevelEmphasis.nrrd,0.7555528050672935
1894,original_glcm_Correlation.nrrd,original_gldm_SmallDependenceLowGrayLevelEmphasis.nrrd,0.6162734910976296
1901,original_glcm_Correlation.nrrd,original_glrlm_LongRunLowGrayLevelEmphasis.nrrd,0.774417081032519
1902,original_glcm_Correlation.nrrd,original_glrlm_LowGrayLevelRunEmphasis.nrrd,0.7501120235329917
1910,original_glcm_Correlation.nrrd,original_glrlm_ShortRunLowGrayLevelEmphasis.nrrd,0.7436873658471866
1915,original_glcm_Correlation.nrrd,original_glszm_LargeAreaEmphasis.nrrd,0.7921360836515982
1917,original_glcm_Correlation.nrrd,original_glszm_LargeAreaLowGrayLevelEmphasis.nrrd,0.7818086891073274
1918,original_glcm_Correlation.nrrd,original_glszm_LowGrayLevelZoneEmphasis.nrrd,0.67925513058313
1923,original_glcm_Correlation.nrrd,original_glszm_SmallAreaLowGrayLevelEmphasis.nrrd,0.6152202103249682
1926,original_glcm_Correlation.nrrd,original_glszm_ZoneVariance.nrrd,0.6587845550705216
1929,original_glcm_Correlation.nrrd,original_ngtdm_Complexity.nrrd,0.794929419888682
1942,original_glcm_DifferenceAverage.nrrd,original_glcm_JointEnergy.nrrd,0.672662918400839
1944,original_glcm_DifferenceAverage.nrrd,original_glcm_MaximumProbability.nrrd,0.7555328184232621
1962,original_glcm_DifferenceAverage.nrrd,original_gldm_SmallDependenceLowGrayLevelEmphasis.nrrd,0.7051965422184852
1978,original_glcm_DifferenceAverage.nrrd,original_glrlm_ShortRunLowGrayLevelEmphasis.nrrd,0.7963941758249129
1983,original_glcm_DifferenceAverage.nrrd,original_glszm_LargeAreaEmphasis.nrrd,0.6373846749045307
1984,original_glcm_DifferenceAverage.nrrd,original_glszm_LargeAreaHighGrayLevelEmphasis.nrrd,0.6711044566572858
1985,original_glcm_DifferenceAverage.nrrd,original_glszm_LargeAreaLowGrayLevelEmphasis.nrrd,0.6464090150883961
1986,original_glcm_DifferenceAverage.nrrd,original_glszm_LowGrayLevelZoneEmphasis.nrrd,0.7373076552895451
1991,original_glcm_DifferenceAverage.nrrd,original_glszm_SmallAreaLowGrayLevelEmphasis.nrrd,0.6876218074102595
1994,original_glcm_DifferenceAverage.nrrd,original_glszm_ZoneVariance.nrrd,0.488730635489987
2009,original_glcm_DifferenceEntropy.nrrd,original_glcm_JointEnergy.nrrd,0.7561364980091735
2026,original_glcm_DifferenceEntropy.nrrd,original_gldm_LowGrayLevelEmphasis.nrrd,0.7989247777802644
2029,original_glcm_DifferenceEntropy.nrrd,original_gldm_SmallDependenceLowGrayLevelEmphasis.nrrd,0.6741242112199625
2037,original_glcm_DifferenceEntropy.nrrd,original_glrlm_LowGrayLevelRunEmphasis.nrrd,0.7937163859255684
2045,original_glcm_DifferenceEntropy.nrrd,original_glrlm_ShortRunLowGrayLevelEmphasis.nrrd,0.7883646797235253
2050,original_glcm_DifferenceEntropy.nrrd,original_glszm_LargeAreaEmphasis.nrrd,0.7331181661392837
2051,original_glcm_DifferenceEntropy.nrrd,original_glszm_LargeAreaHighGrayLevelEmphasis.nrrd,0.7534218423455247
2052,original_glcm_DifferenceEntropy.nrrd,original_glszm_LargeAreaLowGrayLevelEmphasis.nrrd,0.7326910224260931
2053,original_glcm_DifferenceEntropy.nrrd,original_glszm_LowGrayLevelZoneEmphasis.nrrd,0.7249057285429763
2058,original_glcm_DifferenceEntropy.nrrd,original_glszm_SmallAreaLowGrayLevelEmphasis.nrrd,0.6657477608893799
2061,original_glcm_DifferenceEntropy.nrrd,original_glszm_ZoneVariance.nrrd,0.5885148754570368
2067,original_glcm_DifferenceVariance.nrrd,original_glcm_Id.nrrd,0.7831270772865353
2068,original_glcm_DifferenceVariance.nrrd,original_glcm_Idm.nrrd,0.7411011637956844
2073,original_glcm_DifferenceVariance.nrrd,original_glcm_InverseVariance.nrrd,0.7403284908495473
2075,original_glcm_DifferenceVariance.nrrd,original_glcm_JointEnergy.nrrd,0.5363423856056698
2077,original_glcm_DifferenceVariance.nrrd,original_glcm_MaximumProbability.nrrd,0.6194282774086807
2085,original_glcm_DifferenceVariance.nrrd,original_gldm_DependenceVariance.nrrd,0.7044132317967507
2086,original_glcm_DifferenceVariance.nrrd,original_gldm_GrayLevelNonUniformity.nrrd,0.7972938462766198
2089,original_glcm_DifferenceVariance.nrrd,original_gldm_LargeDependenceEmphasis.nrrd,0.7243746314586397
2090,original_glcm_DifferenceVariance.nrrd,original_gldm_LargeDependenceHighGrayLevelEmphasis.nrrd,0.7658812699428343
2091,original_glcm_DifferenceVariance.nrrd,original_gldm_LargeDependenceLowGrayLevelEmphasis.nrrd,0.7179453243776354
2092,original_glcm_DifferenceVariance.nrrd,original_gldm_LowGrayLevelEmphasis.nrrd,0.7938366464082676
2095,original_glcm_DifferenceVariance.nrrd,original_gldm_SmallDependenceLowGrayLevelEmphasis.nrrd,0.7364417808818556
2097,original_glcm_DifferenceVariance.nrrd,original_glrlm_GrayLevelNonUniformityNormalized.nrrd,0.732747502042521
2102,original_glcm_DifferenceVariance.nrrd,original_glrlm_LongRunLowGrayLevelEmphasis.nrrd,0.794253511829083
2103,original_glcm_DifferenceVariance.nrrd,original_glrlm_LowGrayLevelRunEmphasis.nrrd,0.7906450620851307
2108,original_glcm_DifferenceVariance.nrrd,original_glrlm_RunVariance.nrrd,0.7231046841485088
2111,original_glcm_DifferenceVariance.nrrd,original_glrlm_ShortRunLowGrayLevelEmphasis.nrrd,0.7892168711984453
2113,original_glcm_DifferenceVariance.nrrd,original_glszm_GrayLevelNonUniformityNormalized.nrrd,0.744051506985038
2116,original_glcm_DifferenceVariance.nrrd,original_glszm_LargeAreaEmphasis.nrrd,0.4991875895068963
2117,original_glcm_DifferenceVariance.nrrd,original_glszm_LargeAreaHighGrayLevelEmphasis.nrrd,0.5469639861220974
2118,original_glcm_DifferenceVariance.nrrd,original_glszm_LargeAreaLowGrayLevelEmphasis.nrrd,0.5265176230640441
2119,original_glcm_DifferenceVariance.nrrd,original_glszm_LowGrayLevelZoneEmphasis.nrrd,0.7435329950213005
2124,original_glcm_DifferenceVariance.nrrd,original_glszm_SmallAreaLowGrayLevelEmphasis.nrrd,0.7107138633534746
2127,original_glcm_DifferenceVariance.nrrd,original_glszm_ZoneVariance.nrrd,0.3587186701954972
2128,original_glcm_DifferenceVariance.nrrd,original_ngtdm_Busyness.nrrd,0.7731557578586608
2129,original_glcm_DifferenceVariance.nrrd,original_ngtdm_Coarseness.nrrd,0.6734097714136896
2146,original_glcm_Id.nrrd,original_glcm_SumSquares.nrrd,0.7900220164369802
2157,original_glcm_Id.nrrd,original_gldm_LowGrayLevelEmphasis.nrrd,0.7570261913567374
2160,original_glcm_Id.nrrd,original_gldm_SmallDependenceLowGrayLevelEmphasis.nrrd,0.603165987323162
2167,original_glcm_Id.nrrd,original_glrlm_LongRunLowGrayLevelEmphasis.nrrd,0.7793818883706127
2168,original_glcm_Id.nrrd,original_glrlm_LowGrayLevelRunEmphasis.nrrd,0.7513499315048172
2176,original_glcm_Id.nrrd,original_glrlm_ShortRunLowGrayLevelEmphasis.nrrd,0.7440185400247666
2184,original_glcm_Id.nrrd,original_glszm_LowGrayLevelZoneEmphasis.nrrd,0.6781319449215928
2189,original_glcm_Id.nrrd,original_glszm_SmallAreaLowGrayLevelEmphasis.nrrd,0.6085988000748087
2192,original_glcm_Id.nrrd,original_glszm_ZoneVariance.nrrd,0.7278617087041017
2195,original_glcm_Id.nrrd,original_ngtdm_Complexity.nrrd,0.7299884530471249
2210,original_glcm_Idm.nrrd,original_glcm_SumSquares.nrrd,0.7517054735646895
2216,original_glcm_Idm.nrrd,original_gldm_GrayLevelVariance.nrrd,0.7655453117003576
2221,original_glcm_Idm.nrrd,original_gldm_LowGrayLevelEmphasis.nrrd,0.7384898656128103
2224,original_glcm_Idm.nrrd,original_gldm_SmallDependenceLowGrayLevelEmphasis.nrrd,0.5792315175678633
2227,original_glcm_Idm.nrrd,original_glrlm_GrayLevelVariance.nrrd,0.7676449978114862
2231,original_glcm_Idm.nrrd,original_glrlm_LongRunLowGrayLevelEmphasis.nrrd,0.7627413102782322
2232,original_glcm_Idm.nrrd,original_glrlm_LowGrayLevelRunEmphasis.nrrd,0.7328018460784697
2240,original_glcm_Idm.nrrd,original_glrlm_ShortRunLowGrayLevelEmphasis.nrrd,0.7250349943015731
2243,original_glcm_Idm.nrrd,original_glszm_GrayLevelVariance.nrrd,0.792213145775994
2248,original_glcm_Idm.nrrd,original_glszm_LowGrayLevelZoneEmphasis.nrrd,0.6597114399189015
2253,original_glcm_Idm.nrrd,original_glszm_SmallAreaLowGrayLevelEmphasis.nrrd,0.588498629926805
2256,original_glcm_Idm.nrrd,original_glszm_ZoneVariance.nrrd,0.7642379824323392
2259,original_glcm_Idm.nrrd,original_ngtdm_Complexity.nrrd,0.6847635512795691
2284,original_glcm_Idmn.nrrd,original_gldm_LowGrayLevelEmphasis.nrrd,0.7877023272518103
2287,original_glcm_Idmn.nrrd,original_gldm_SmallDependenceLowGrayLevelEmphasis.nrrd,0.6503276871421798
2295,original_glcm_Idmn.nrrd,original_glrlm_LowGrayLevelRunEmphasis.nrrd,0.7822277966154663
2303,original_glcm_Idmn.nrrd,original_glrlm_ShortRunLowGrayLevelEmphasis.nrrd,0.7760645460482076
2308,original_glcm_Idmn.nrrd,original_glszm_LargeAreaEmphasis.nrrd,0.7814438249703459
2309,original_glcm_Idmn.nrrd,original_glszm_LargeAreaHighGrayLevelEmphasis.nrrd,0.7924539797234177
2310,original_glcm_Idmn.nrrd,original_glszm_LargeAreaLowGrayLevelEmphasis.nrrd,0.7773331662747593
2311,original_glcm_Idmn.nrrd,original_glszm_LowGrayLevelZoneEmphasis.nrrd,0.7107119823674205
2316,original_glcm_Idmn.nrrd,original_glszm_SmallAreaLowGrayLevelEmphasis.nrrd,0.6468770650290895
2319,original_glcm_Idmn.nrrd,original_glszm_ZoneVariance.nrrd,0.641686139894712
2346,original_glcm_Idn.nrrd,original_gldm_LowGrayLevelEmphasis.nrrd,0.78596787142641
2349,original_glcm_Idn.nrrd,original_gldm_SmallDependenceLowGrayLevelEmphasis.nrrd,0.6472847362919522
2357,original_glcm_Idn.nrrd,original_glrlm_LowGrayLevelRunEmphasis.nrrd,0.7804703671455767
2365,original_glcm_Idn.nrrd,original_glrlm_ShortRunLowGrayLevelEmphasis.nrrd,0.7742205314419945
2370,original_glcm_Idn.nrrd,original_glszm_LargeAreaEmphasis.nrrd,0.7864252729336348
2371,original_glcm_Idn.nrrd,original_glszm_LargeAreaHighGrayLevelEmphasis.nrrd,0.796440534287797
2372,original_glcm_Idn.nrrd,original_glszm_LargeAreaLowGrayLevelEmphasis.nrrd,0.7818545576435229
2373,original_glcm_Idn.nrrd,original_glszm_LowGrayLevelZoneEmphasis.nrrd,0.7087378210781766
2378,original_glcm_Idn.nrrd,original_glszm_SmallAreaLowGrayLevelEmphasis.nrrd,0.6444315822842802
2381,original_glcm_Idn.nrrd,original_glszm_ZoneVariance.nrrd,0.6473274168884288
2390,original_glcm_Imc1.nrrd,original_glcm_JointEnergy.nrrd,-0.790362403
2410,original_glcm_Imc1.nrrd,original_gldm_SmallDependenceLowGrayLevelEmphasis.nrrd,-0.680703255
2418,original_glcm_Imc1.nrrd,original_glrlm_LowGrayLevelRunEmphasis.nrrd,-0.799530246
2426,original_glcm_Imc1.nrrd,original_glrlm_ShortRunLowGrayLevelEmphasis.nrrd,-0.794174513
2431,original_glcm_Imc1.nrrd,original_glszm_LargeAreaEmphasis.nrrd,-0.730815885
2432,original_glcm_Imc1.nrrd,original_glszm_LargeAreaHighGrayLevelEmphasis.nrrd,-0.746560917
2433,original_glcm_Imc1.nrrd,original_glszm_LargeAreaLowGrayLevelEmphasis.nrrd,-0.741771808
2434,original_glcm_Imc1.nrrd,original_glszm_LowGrayLevelZoneEmphasis.nrrd,-0.731504729
2439,original_glcm_Imc1.nrrd,original_glszm_SmallAreaLowGrayLevelEmphasis.nrrd,-0.672553598
2442,original_glcm_Imc1.nrrd,original_glszm_ZoneVariance.nrrd,-0.587583212
2450,original_glcm_Imc2.nrrd,original_glcm_JointEnergy.nrrd,0.7947431325609365
2467,original_glcm_Imc2.nrrd,original_gldm_LowGrayLevelEmphasis.nrrd,0.7919909141241921
2470,original_glcm_Imc2.nrrd,original_gldm_SmallDependenceLowGrayLevelEmphasis.nrrd,0.6573546696013619
2478,original_glcm_Imc2.nrrd,original_glrlm_LowGrayLevelRunEmphasis.nrrd,0.7865768189018403
2486,original_glcm_Imc2.nrrd,original_glrlm_ShortRunLowGrayLevelEmphasis.nrrd,0.7805888918066392
2491,original_glcm_Imc2.nrrd,original_glszm_LargeAreaEmphasis.nrrd,0.7698738457615024
2492,original_glcm_Imc2.nrrd,original_glszm_LargeAreaHighGrayLevelEmphasis.nrrd,0.7827396632804041
2493,original_glcm_Imc2.nrrd,original_glszm_LargeAreaLowGrayLevelEmphasis.nrrd,0.767945909310945
2494,original_glcm_Imc2.nrrd,original_glszm_LowGrayLevelZoneEmphasis.nrrd,0.7156542735834566
2499,original_glcm_Imc2.nrrd,original_glszm_SmallAreaLowGrayLevelEmphasis.nrrd,0.6528238909724879
2502,original_glcm_Imc2.nrrd,original_glszm_ZoneVariance.nrrd,0.628271624683463
2515,original_glcm_InverseVariance.nrrd,original_glcm_SumSquares.nrrd,0.7511943425585773
2521,original_glcm_InverseVariance.nrrd,original_gldm_GrayLevelVariance.nrrd,0.7650787260945079
2526,original_glcm_InverseVariance.nrrd,original_gldm_LowGrayLevelEmphasis.nrrd,0.7384766241966694
2529,original_glcm_InverseVariance.nrrd,original_gldm_SmallDependenceLowGrayLevelEmphasis.nrrd,0.5790986656241295
2532,original_glcm_InverseVariance.nrrd,original_glrlm_GrayLevelVariance.nrrd,0.7671581553620237
2536,original_glcm_InverseVariance.nrrd,original_glrlm_LongRunLowGrayLevelEmphasis.nrrd,0.7626645023577003
2537,original_glcm_InverseVariance.nrrd,original_glrlm_LowGrayLevelRunEmphasis.nrrd,0.7327673254879415
2545,original_glcm_InverseVariance.nrrd,original_glrlm_ShortRunLowGrayLevelEmphasis.nrrd,0.7250083757295684
2548,original_glcm_InverseVariance.nrrd,original_glszm_GrayLevelVariance.nrrd,0.7915486679031201
2553,original_glcm_InverseVariance.nrrd,original_glszm_LowGrayLevelZoneEmphasis.nrrd,0.659415580062189
2558,original_glcm_InverseVariance.nrrd,original_glszm_SmallAreaLowGrayLevelEmphasis.nrrd,0.5880837897379204
2561,original_glcm_InverseVariance.nrrd,original_glszm_ZoneVariance.nrrd,0.7610011519285323
2564,original_glcm_InverseVariance.nrrd,original_ngtdm_Complexity.nrrd,0.6841366690285794
2567,original_glcm_JointAverage.nrrd,original_glcm_JointEnergy.nrrd,0.7716059181297814
2584,original_glcm_JointAverage.nrrd,original_gldm_LowGrayLevelEmphasis.nrrd,0.7459293210697518
2587,original_glcm_JointAverage.nrrd,original_gldm_SmallDependenceLowGrayLevelEmphasis.nrrd,0.6145365973332456
2594,original_glcm_JointAverage.nrrd,original_glrlm_LongRunLowGrayLevelEmphasis.nrrd,0.7624792820144615
2595,original_glcm_JointAverage.nrrd,original_glrlm_LowGrayLevelRunEmphasis.nrrd,0.7405510603593479
2603,original_glcm_JointAverage.nrrd,original_glrlm_ShortRunLowGrayLevelEmphasis.nrrd,0.7346619267220541
2608,original_glcm_JointAverage.nrrd,original_glszm_LargeAreaEmphasis.nrrd,0.760183867482787
2609,original_glcm_JointAverage.nrrd,original_glszm_LargeAreaHighGrayLevelEmphasis.nrrd,0.7955279552495625
2610,original_glcm_JointAverage.nrrd,original_glszm_LargeAreaLowGrayLevelEmphasis.nrrd,0.7329272837955553
2611,original_glcm_JointAverage.nrrd,original_glszm_LowGrayLevelZoneEmphasis.nrrd,0.6706369948926888
2616,original_glcm_JointAverage.nrrd,original_glszm_SmallAreaLowGrayLevelEmphasis.nrrd,0.6097268779066444
2619,original_glcm_JointAverage.nrrd,original_glszm_ZoneVariance.nrrd,0.620614918900165
2625,original_glcm_JointEnergy.nrrd,original_glcm_JointEntropy.nrrd,0.7632577477999658
2628,original_glcm_JointEnergy.nrrd,original_glcm_SumAverage.nrrd,0.7716059181297815
2629,original_glcm_JointEnergy.nrrd,original_glcm_SumEntropy.nrrd,0.7652596345666675
2630,original_glcm_JointEnergy.nrrd,original_glcm_SumSquares.nrrd,0.5305147646244276
2631,original_glcm_JointEnergy.nrrd,original_gldm_DependenceEntropy.nrrd,0.7820328550855045
2632,original_glcm_JointEnergy.nrrd,original_gldm_DependenceNonUniformity.nrrd,0.6102781135880992
2633,original_glcm_JointEnergy.nrrd,original_gldm_DependenceNonUniformityNormalized.nrrd,0.7376636017860778
2635,original_glcm_JointEnergy.nrrd,original_gldm_GrayLevelNonUniformity.nrrd,0.7658479208268629
2636,original_glcm_JointEnergy.nrrd,original_gldm_GrayLevelVariance.nrrd,0.5453931519348238
2637,original_glcm_JointEnergy.nrrd,original_gldm_HighGrayLevelEmphasis.nrrd,0.7218158985741582
2641,original_glcm_JointEnergy.nrrd,original_gldm_LowGrayLevelEmphasis.nrrd,0.6126601930898926
2642,original_glcm_JointEnergy.nrrd,original_gldm_SmallDependenceEmphasis.nrrd,0.742171720657688
2643,original_glcm_JointEnergy.nrrd,original_gldm_SmallDependenceHighGrayLevelEmphasis.nrrd,0.66151227804039
2644,original_glcm_JointEnergy.nrrd,original_gldm_SmallDependenceLowGrayLevelEmphasis.nrrd,0.4647047986793863
2645,original_glcm_JointEnergy.nrrd,original_glrlm_GrayLevelNonUniformity.nrrd,0.7613121197487762
2647,original_glcm_JointEnergy.nrrd,original_glrlm_GrayLevelVariance.nrrd,0.5475971717634934
2648,original_glcm_JointEnergy.nrrd,original_glrlm_HighGrayLevelRunEmphasis.nrrd,0.721881925625402
2650,original_glcm_JointEnergy.nrrd,original_glrlm_LongRunHighGrayLevelEmphasis.nrrd,0.734791261098413
2651,original_glcm_JointEnergy.nrrd,original_glrlm_LongRunLowGrayLevelEmphasis.nrrd,0.6372225680766032
2652,original_glcm_JointEnergy.nrrd,original_glrlm_LowGrayLevelRunEmphasis.nrrd,0.6076639151332782
2653,original_glcm_JointEnergy.nrrd,original_glrlm_RunEntropy.nrrd,0.7707131835711232
2654,original_glcm_JointEnergy.nrrd,original_glrlm_RunLengthNonUniformity.nrrd,0.6611841691679526
2655,original_glcm_JointEnergy.nrrd,original_glrlm_RunLengthNonUniformityNormalized.nrrd,0.793218698253239
2656,original_glcm_JointEnergy.nrrd,original_glrlm_RunPercentage.nrrd,0.7968429724515886
2658,original_glcm_JointEnergy.nrrd,original_glrlm_ShortRunEmphasis.nrrd,0.797823660061587
2659,original_glcm_JointEnergy.nrrd,original_glrlm_ShortRunHighGrayLevelEmphasis.nrrd,0.7185700690129851
2660,original_glcm_JointEnergy.nrrd,original_glrlm_ShortRunLowGrayLevelEmphasis.nrrd,0.6001045313808496
2661,original_glcm_JointEnergy.nrrd,original_glszm_GrayLevelNonUniformity.nrrd,0.7069295924004935
2663,original_glcm_JointEnergy.nrrd,original_glszm_GrayLevelVariance.nrrd,0.5733169604800195
2664,original_glcm_JointEnergy.nrrd,original_glszm_HighGrayLevelZoneEmphasis.nrrd,0.7225555743814367
2666,original_glcm_JointEnergy.nrrd,original_glszm_LargeAreaHighGrayLevelEmphasis.nrrd,0.7880845137323732
2668,original_glcm_JointEnergy.nrrd,original_glszm_LowGrayLevelZoneEmphasis.nrrd,0.5438603867837609
2669,original_glcm_JointEnergy.nrrd,original_glszm_SizeZoneNonUniformity.nrrd,0.5778886390892486
2670,original_glcm_JointEnergy.nrrd,original_glszm_SizeZoneNonUniformityNormalized.nrrd,0.7604492427285022
2671,original_glcm_JointEnergy.nrrd,original_glszm_SmallAreaEmphasis.nrrd,0.7812713916522758
2672,original_glcm_JointEnergy.nrrd,original_glszm_SmallAreaHighGrayLevelEmphasis.nrrd,0.7011636607242147
2673,original_glcm_JointEnergy.nrrd,original_glszm_SmallAreaLowGrayLevelEmphasis.nrrd,0.4786096898221532
2674,original_glcm_JointEnergy.nrrd,original_glszm_ZoneEntropy.nrrd,0.7797740162472652
2675,original_glcm_JointEnergy.nrrd,original_glszm_ZonePercentage.nrrd,0.7460043898090145
2676,original_glcm_JointEnergy.nrrd,original_glszm_ZoneVariance.nrrd,0.7482363646394663
2677,original_glcm_JointEnergy.nrrd,original_ngtdm_Busyness.nrrd,0.7862402219189671
2679,original_glcm_JointEnergy.nrrd,original_ngtdm_Complexity.nrrd,0.4710486319322955
2680,original_glcm_JointEnergy.nrrd,original_ngtdm_Contrast.nrrd,0.6622192178112567
2681,original_glcm_JointEnergy.nrrd,original_ngtdm_Strength.nrrd,0.6703920468114182
2697,original_glcm_JointEntropy.nrrd,original_gldm_LowGrayLevelEmphasis.nrrd,0.7886233129829049
2700,original_glcm_JointEntropy.nrrd,original_gldm_SmallDependenceLowGrayLevelEmphasis.nrrd,0.6584712985811519
2708,original_glcm_JointEntropy.nrrd,original_glrlm_LowGrayLevelRunEmphasis.nrrd,0.7832746637299804
2716,original_glcm_JointEntropy.nrrd,original_glrlm_ShortRunLowGrayLevelEmphasis.nrrd,0.777572778413661
2721,original_glcm_JointEntropy.nrrd,original_glszm_LargeAreaEmphasis.nrrd,0.7507473963233411
2722,original_glcm_JointEntropy.nrrd,original_glszm_LargeAreaHighGrayLevelEmphasis.nrrd,0.7694766185449646
2723,original_glcm_JointEntropy.nrrd,original_glszm_LargeAreaLowGrayLevelEmphasis.nrrd,0.7462961006887197
2724,original_glcm_JointEntropy.nrrd,original_glszm_LowGrayLevelZoneEmphasis.nrrd,0.7131062282119394
2729,original_glcm_JointEntropy.nrrd,original_glszm_SmallAreaLowGrayLevelEmphasis.nrrd,0.6520423497416581
2732,original_glcm_JointEntropy.nrrd,original_glszm_ZoneVariance.nrrd,0.6073854176839125
2741,original_glcm_MaximumProbability.nrrd,original_glcm_SumSquares.nrrd,0.6166313324557781
2743,original_glcm_MaximumProbability.nrrd,original_gldm_DependenceNonUniformity.nrrd,0.6959262461665325
2747,original_glcm_MaximumProbability.nrrd,original_gldm_GrayLevelVariance.nrrd,0.6320082055738776
2752,original_glcm_MaximumProbability.nrrd,original_gldm_LowGrayLevelEmphasis.nrrd,0.6772997547898478
2754,original_glcm_MaximumProbability.nrrd,original_gldm_SmallDependenceHighGrayLevelEmphasis.nrrd,0.741332477
2755,original_glcm_MaximumProbability.nrrd,original_gldm_SmallDependenceLowGrayLevelEmphasis.nrrd,0.5213414290627559
2758,original_glcm_MaximumProbability.nrrd,original_glrlm_GrayLevelVariance.nrrd,0.634434563386836
2762,original_glcm_MaximumProbability.nrrd,original_glrlm_LongRunLowGrayLevelEmphasis.nrrd,0.7028602751402737
2763,original_glcm_MaximumProbability.nrrd,original_glrlm_LowGrayLevelRunEmphasis.nrrd,0.6720547659668353
2765,original_glcm_MaximumProbability.nrrd,original_glrlm_RunLengthNonUniformity.nrrd,0.7487848723202539
2770,original_glcm_MaximumProbability.nrrd,original_glrlm_ShortRunHighGrayLevelEmphasis.nrrd,0.7997313706240636
2771,original_glcm_MaximumProbability.nrrd,original_glrlm_ShortRunLowGrayLevelEmphasis.nrrd,0.6641607024233926
2772,original_glcm_MaximumProbability.nrrd,original_glszm_GrayLevelNonUniformity.nrrd,0.7888422529549498
2774,original_glcm_MaximumProbability.nrrd,original_glszm_GrayLevelVariance.nrrd,0.6619539995473569
2779,original_glcm_MaximumProbability.nrrd,original_glszm_LowGrayLevelZoneEmphasis.nrrd,0.6043668036233691
2780,original_glcm_MaximumProbability.nrrd,original_glszm_SizeZoneNonUniformity.nrrd,0.6636979321620609
2783,original_glcm_MaximumProbability.nrrd,original_glszm_SmallAreaHighGrayLevelEmphasis.nrrd,0.7825824443247528
2784,original_glcm_MaximumProbability.nrrd,original_glszm_SmallAreaLowGrayLevelEmphasis.nrrd,0.5353872999872272
2787,original_glcm_MaximumProbability.nrrd,original_glszm_ZoneVariance.nrrd,0.797990248331105
2790,original_glcm_MaximumProbability.nrrd,original_ngtdm_Complexity.nrrd,0.5529046515591776
2791,original_glcm_MaximumProbability.nrrd,original_ngtdm_Contrast.nrrd,0.7390749092447327
2792,original_glcm_MaximumProbability.nrrd,original_ngtdm_Strength.nrrd,0.7535100217460925
2806,original_glcm_MCC.nrrd,original_gldm_LowGrayLevelEmphasis.nrrd,0.7848893333732673
2809,original_glcm_MCC.nrrd,original_gldm_SmallDependenceLowGrayLevelEmphasis.nrrd,0.6482703889454704
2817,original_glcm_MCC.nrrd,original_glrlm_LowGrayLevelRunEmphasis.nrrd,0.7795177634968499
2825,original_glcm_MCC.nrrd,original_glrlm_ShortRunLowGrayLevelEmphasis.nrrd,0.7733434763037708
2830,original_glcm_MCC.nrrd,original_glszm_LargeAreaEmphasis.nrrd,0.7836391574402088
2831,original_glcm_MCC.nrrd,original_glszm_LargeAreaHighGrayLevelEmphasis.nrrd,0.796183397306895
2832,original_glcm_MCC.nrrd,original_glszm_LargeAreaLowGrayLevelEmphasis.nrrd,0.7802950720755241
2833,original_glcm_MCC.nrrd,original_glszm_LowGrayLevelZoneEmphasis.nrrd,0.7092664490464505
2838,original_glcm_MCC.nrrd,original_glszm_SmallAreaLowGrayLevelEmphasis.nrrd,0.6459648322563294
2841,original_glcm_MCC.nrrd,original_glszm_ZoneVariance.nrrd,0.6454075094455397
2859,original_glcm_SumAverage.nrrd,original_gldm_LowGrayLevelEmphasis.nrrd,0.7459293210697522
2862,original_glcm_SumAverage.nrrd,original_gldm_SmallDependenceLowGrayLevelEmphasis.nrrd,0.6145365973332457
2869,original_glcm_SumAverage.nrrd,original_glrlm_LongRunLowGrayLevelEmphasis.nrrd,0.7624792820144615
2870,original_glcm_SumAverage.nrrd,original_glrlm_LowGrayLevelRunEmphasis.nrrd,0.7405510603593479
2878,original_glcm_SumAverage.nrrd,original_glrlm_ShortRunLowGrayLevelEmphasis.nrrd,0.734661926722054
2883,original_glcm_SumAverage.nrrd,original_glszm_LargeAreaEmphasis.nrrd,0.7601838674827871
2884,original_glcm_SumAverage.nrrd,original_glszm_LargeAreaHighGrayLevelEmphasis.nrrd,0.7955279552495625
2885,original_glcm_SumAverage.nrrd,original_glszm_LargeAreaLowGrayLevelEmphasis.nrrd,0.7329272837955554
2886,original_glcm_SumAverage.nrrd,original_glszm_LowGrayLevelZoneEmphasis.nrrd,0.6706369948926887
2891,original_glcm_SumAverage.nrrd,original_glszm_SmallAreaLowGrayLevelEmphasis.nrrd,0.6097268779066447
2894,original_glcm_SumAverage.nrrd,original_glszm_ZoneVariance.nrrd,0.620614918900165
2911,original_glcm_SumEntropy.nrrd,original_gldm_LowGrayLevelEmphasis.nrrd,0.7915688600787695
2914,original_glcm_SumEntropy.nrrd,original_gldm_SmallDependenceLowGrayLevelEmphasis.nrrd,0.6618022138746662
2922,original_glcm_SumEntropy.nrrd,original_glrlm_LowGrayLevelRunEmphasis.nrrd,0.7862425406342922
2930,original_glcm_SumEntropy.nrrd,original_glrlm_ShortRunLowGrayLevelEmphasis.nrrd,0.7805579579584216
2935,original_glcm_SumEntropy.nrrd,original_glszm_LargeAreaEmphasis.nrrd,0.7514114824985593
2936,original_glcm_SumEntropy.nrrd,original_glszm_LargeAreaHighGrayLevelEmphasis.nrrd,0.7701385459046247
2937,original_glcm_SumEntropy.nrrd,original_glszm_LargeAreaLowGrayLevelEmphasis.nrrd,0.7484963518403729
2938,original_glcm_SumEntropy.nrrd,original_glszm_LowGrayLevelZoneEmphasis.nrrd,0.7162532660401703
2943,original_glcm_SumEntropy.nrrd,original_glszm_SmallAreaLowGrayLevelEmphasis.nrrd,0.6553080860743936
2946,original_glcm_SumEntropy.nrrd,original_glszm_ZoneVariance.nrrd,0.6080832075895263
2955,original_glcm_SumSquares.nrrd,original_gldm_DependenceVariance.nrrd,0.7185956982245907
2956,original_glcm_SumSquares.nrrd,original_gldm_GrayLevelNonUniformity.nrrd,0.7830291455932733
2959,original_glcm_SumSquares.nrrd,original_gldm_LargeDependenceEmphasis.nrrd,0.7379024145347096
2961,original_glcm_SumSquares.nrrd,original_gldm_LargeDependenceLowGrayLevelEmphasis.nrrd,0.7058591182893245
2962,original_glcm_SumSquares.nrrd,original_gldm_LowGrayLevelEmphasis.nrrd,0.7462958982864959
2965,original_glcm_SumSquares.nrrd,original_gldm_SmallDependenceLowGrayLevelEmphasis.nrrd,0.6801673107501173
2966,original_glcm_SumSquares.nrrd,original_glrlm_GrayLevelNonUniformity.nrrd,0.7898050203088611
2967,original_glcm_SumSquares.nrrd,original_glrlm_GrayLevelNonUniformityNormalized.nrrd,0.7136764500563415
2972,original_glcm_SumSquares.nrrd,original_glrlm_LongRunLowGrayLevelEmphasis.nrrd,0.7491300557097381
2973,original_glcm_SumSquares.nrrd,original_glrlm_LowGrayLevelRunEmphasis.nrrd,0.7427358889877081
2978,original_glcm_SumSquares.nrrd,original_glrlm_RunVariance.nrrd,0.7367760133693777
2981,original_glcm_SumSquares.nrrd,original_glrlm_ShortRunLowGrayLevelEmphasis.nrrd,0.7406654387397579
2983,original_glcm_SumSquares.nrrd,original_glszm_GrayLevelNonUniformityNormalized.nrrd,0.7290256922812912
2986,original_glcm_SumSquares.nrrd,original_glszm_LargeAreaEmphasis.nrrd,0.5233411373689814
2987,original_glcm_SumSquares.nrrd,original_glszm_LargeAreaHighGrayLevelEmphasis.nrrd,0.5872402282141361
2988,original_glcm_SumSquares.nrrd,original_glszm_LargeAreaLowGrayLevelEmphasis.nrrd,0.5324010490122434
2989,original_glcm_SumSquares.nrrd,original_glszm_LowGrayLevelZoneEmphasis.nrrd,0.6920260660733234
2994,original_glcm_SumSquares.nrrd,original_glszm_SmallAreaLowGrayLevelEmphasis.nrrd,0.6562297737610766
2997,original_glcm_SumSquares.nrrd,original_glszm_ZoneVariance.nrrd,0.3855171923564482
2998,original_glcm_SumSquares.nrrd,original_ngtdm_Busyness.nrrd,0.7711070873071418
2999,original_glcm_SumSquares.nrrd,original_ngtdm_Coarseness.nrrd,0.6926082772762172
3012,original_gldm_DependenceEntropy.nrrd,original_gldm_LowGrayLevelEmphasis.nrrd,0.7879910156985246
3015,original_gldm_DependenceEntropy.nrrd,original_gldm_SmallDependenceLowGrayLevelEmphasis.nrrd,0.653753287377324
3023,original_gldm_DependenceEntropy.nrrd,original_glrlm_LowGrayLevelRunEmphasis.nrrd,0.7825914207001889
3031,original_gldm_DependenceEntropy.nrrd,original_glrlm_ShortRunLowGrayLevelEmphasis.nrrd,0.7766113428485383
3036,original_gldm_DependenceEntropy.nrrd,original_glszm_LargeAreaEmphasis.nrrd,0.771574898880559
3037,original_gldm_DependenceEntropy.nrrd,original_glszm_LargeAreaHighGrayLevelEmphasis.nrrd,0.7868681413383124
3038,original_gldm_DependenceEntropy.nrrd,original_glszm_LargeAreaLowGrayLevelEmphasis.nrrd,0.7666883860021187
3039,original_gldm_DependenceEntropy.nrrd,original_glszm_LowGrayLevelZoneEmphasis.nrrd,0.7118853271602112
3044,original_gldm_DependenceEntropy.nrrd,original_glszm_SmallAreaLowGrayLevelEmphasis.nrrd,0.6493359598447942
3047,original_gldm_DependenceEntropy.nrrd,original_glszm_ZoneVariance.nrrd,0.6309484626656834
3060,original_gldm_DependenceNonUniformity.nrrd,original_gldm_LargeDependenceLowGrayLevelEmphasis.nrrd,0.769344220733397
3061,original_gldm_DependenceNonUniformity.nrrd,original_gldm_LowGrayLevelEmphasis.nrrd,0.7357681956128157
3064,original_gldm_DependenceNonUniformity.nrrd,original_gldm_SmallDependenceLowGrayLevelEmphasis.nrrd,0.6369273437744161
3071,original_gldm_DependenceNonUniformity.nrrd,original_glrlm_LongRunLowGrayLevelEmphasis.nrrd,0.7447813692603106
3072,original_gldm_DependenceNonUniformity.nrrd,original_glrlm_LowGrayLevelRunEmphasis.nrrd,0.7310617200988441
3080,original_gldm_DependenceNonUniformity.nrrd,original_glrlm_ShortRunLowGrayLevelEmphasis.nrrd,0.7271554770988262
3085,original_gldm_DependenceNonUniformity.nrrd,original_glszm_LargeAreaEmphasis.nrrd,0.6228394151370474
3086,original_gldm_DependenceNonUniformity.nrrd,original_glszm_LargeAreaHighGrayLevelEmphasis.nrrd,0.6687025416048641
3087,original_gldm_DependenceNonUniformity.nrrd,original_glszm_LargeAreaLowGrayLevelEmphasis.nrrd,0.6092693743916302
3088,original_gldm_DependenceNonUniformity.nrrd,original_glszm_LowGrayLevelZoneEmphasis.nrrd,0.6685204903581332
3093,original_gldm_DependenceNonUniformity.nrrd,original_glszm_SmallAreaLowGrayLevelEmphasis.nrrd,0.6203321604659934
3096,original_gldm_DependenceNonUniformity.nrrd,original_glszm_ZoneVariance.nrrd,0.4804574318692972
3098,original_gldm_DependenceNonUniformity.nrrd,original_ngtdm_Coarseness.nrrd,0.7212460727136714
3112,original_gldm_DependenceNonUniformityNormalized.nrrd,original_gldm_SmallDependenceLowGrayLevelEmphasis.nrrd,0.6842452370438707
3120,original_gldm_DependenceNonUniformityNormalized.nrrd,original_glrlm_LowGrayLevelRunEmphasis.nrrd,0.7956786170642031
3128,original_gldm_DependenceNonUniformityNormalized.nrrd,original_glrlm_ShortRunLowGrayLevelEmphasis.nrrd,0.7908854858869788
3133,original_gldm_DependenceNonUniformityNormalized.nrrd,original_glszm_LargeAreaEmphasis.nrrd,0.6887277250186141
3134,original_gldm_DependenceNonUniformityNormalized.nrrd,original_glszm_LargeAreaHighGrayLevelEmphasis.nrrd,0.7118511593281656
3135,original_gldm_DependenceNonUniformityNormalized.nrrd,original_glszm_LargeAreaLowGrayLevelEmphasis.nrrd,0.6936037429161734
3136,original_gldm_DependenceNonUniformityNormalized.nrrd,original_glszm_LowGrayLevelZoneEmphasis.nrrd,0.727318697988081
3141,original_gldm_DependenceNonUniformityNormalized.nrrd,original_glszm_SmallAreaLowGrayLevelEmphasis.nrrd,0.6708958732595471
3144,original_gldm_DependenceNonUniformityNormalized.nrrd,original_glszm_ZoneVariance.nrrd,0.5389989921419044
3151,original_gldm_DependenceVariance.nrrd,original_gldm_GrayLevelVariance.nrrd,0.73306487315288
3156,original_gldm_DependenceVariance.nrrd,original_gldm_LowGrayLevelEmphasis.nrrd,0.7108739812311657
3159,original_gldm_DependenceVariance.nrrd,original_gldm_SmallDependenceLowGrayLevelEmphasis.nrrd,0.555151506354815
3162,original_gldm_DependenceVariance.nrrd,original_glrlm_GrayLevelVariance.nrrd,0.7354426801623132
3166,original_gldm_DependenceVariance.nrrd,original_glrlm_LongRunLowGrayLevelEmphasis.nrrd,0.7361787797543202
3167,original_gldm_DependenceVariance.nrrd,original_glrlm_LowGrayLevelRunEmphasis.nrrd,0.7056524606553708
3175,original_gldm_DependenceVariance.nrrd,original_glrlm_ShortRunLowGrayLevelEmphasis.nrrd,0.6978007291736243
3178,original_gldm_DependenceVariance.nrrd,original_glszm_GrayLevelVariance.nrrd,0.761759187973083
3183,original_gldm_DependenceVariance.nrrd,original_glszm_LowGrayLevelZoneEmphasis.nrrd,0.6378114539013487
3184,original_gldm_DependenceVariance.nrrd,original_glszm_SizeZoneNonUniformity.nrrd,0.774002545096439
3188,original_gldm_DependenceVariance.nrrd,original_glszm_SmallAreaLowGrayLevelEmphasis.nrrd,0.5693883967762646
3194,original_gldm_DependenceVariance.nrrd,original_ngtdm_Complexity.nrrd,0.6500268609679162
3197,original_gldm_GrayLevelNonUniformity.nrrd,original_gldm_GrayLevelVariance.nrrd,0.7937758766852889
3202,original_gldm_GrayLevelNonUniformity.nrrd,original_gldm_LowGrayLevelEmphasis.nrrd,0.7203893164857124
3205,original_gldm_GrayLevelNonUniformity.nrrd,original_gldm_SmallDependenceLowGrayLevelEmphasis.nrrd,0.5779298746656406
3208,original_gldm_GrayLevelNonUniformity.nrrd,original_glrlm_GrayLevelVariance.nrrd,0.7962144105336267
3212,original_gldm_GrayLevelNonUniformity.nrrd,original_glrlm_LongRunLowGrayLevelEmphasis.nrrd,0.7404770432258341
3213,original_gldm_GrayLevelNonUniformity.nrrd,original_glrlm_LowGrayLevelRunEmphasis.nrrd,0.7149976750367457
3221,original_gldm_GrayLevelNonUniformity.nrrd,original_glrlm_ShortRunLowGrayLevelEmphasis.nrrd,0.7082826216312829
3229,original_gldm_GrayLevelNonUniformity.nrrd,original_glszm_LowGrayLevelZoneEmphasis.nrrd,0.6455193814211144
3234,original_gldm_GrayLevelNonUniformity.nrrd,original_glszm_SmallAreaLowGrayLevelEmphasis.nrrd,0.5813614194077101
3237,original_gldm_GrayLevelNonUniformity.nrrd,original_glszm_ZoneVariance.nrrd,0.7205561380713866
3239,original_gldm_GrayLevelNonUniformity.nrrd,original_ngtdm_Coarseness.nrrd,0.7920155891811346
3240,original_gldm_GrayLevelNonUniformity.nrrd,original_ngtdm_Complexity.nrrd,0.7644507715941466
3244,original_gldm_GrayLevelVariance.nrrd,original_gldm_LargeDependenceEmphasis.nrrd,0.7519221937162449
3246,original_gldm_GrayLevelVariance.nrrd,original_gldm_LargeDependenceLowGrayLevelEmphasis.nrrd,0.7193347722762733
3247,original_gldm_GrayLevelVariance.nrrd,original_gldm_LowGrayLevelEmphasis.nrrd,0.7525190431801987
3250,original_gldm_GrayLevelVariance.nrrd,original_gldm_SmallDependenceLowGrayLevelEmphasis.nrrd,0.6827137155499645
3252,original_gldm_GrayLevelVariance.nrrd,original_glrlm_GrayLevelNonUniformityNormalized.nrrd,0.727736826581872
3257,original_gldm_GrayLevelVariance.nrrd,original_glrlm_LongRunLowGrayLevelEmphasis.nrrd,0.7560182366623921
3258,original_gldm_GrayLevelVariance.nrrd,original_glrlm_LowGrayLevelRunEmphasis.nrrd,0.748839529789807
3263,original_gldm_GrayLevelVariance.nrrd,original_glrlm_RunVariance.nrrd,0.750796790549233
3266,original_gldm_GrayLevelVariance.nrrd,original_glrlm_ShortRunLowGrayLevelEmphasis.nrrd,0.7465705320985575
3268,original_gldm_GrayLevelVariance.nrrd,original_glszm_GrayLevelNonUniformityNormalized.nrrd,0.7422156770428747
3271,original_gldm_GrayLevelVariance.nrrd,original_glszm_LargeAreaEmphasis.nrrd,0.5384943915986913
3272,original_gldm_GrayLevelVariance.nrrd,original_glszm_LargeAreaHighGrayLevelEmphasis.nrrd,0.6008576446674523
3273,original_gldm_GrayLevelVariance.nrrd,original_glszm_LargeAreaLowGrayLevelEmphasis.nrrd,0.5465222344981223
3274,original_gldm_GrayLevelVariance.nrrd,original_glszm_LowGrayLevelZoneEmphasis.nrrd,0.6967517208368608
3279,original_gldm_GrayLevelVariance.nrrd,original_glszm_SmallAreaLowGrayLevelEmphasis.nrrd,0.6593812671253811
3282,original_gldm_GrayLevelVariance.nrrd,original_glszm_ZoneVariance.nrrd,0.4003461909006922
3283,original_gldm_GrayLevelVariance.nrrd,original_ngtdm_Busyness.nrrd,0.7809562510115295
3284,original_gldm_GrayLevelVariance.nrrd,original_ngtdm_Coarseness.nrrd,0.7060495639718795
3291,original_gldm_HighGrayLevelEmphasis.nrrd,original_gldm_LowGrayLevelEmphasis.nrrd,0.6967045913872465
3294,original_gldm_HighGrayLevelEmphasis.nrrd,original_gldm_SmallDependenceLowGrayLevelEmphasis.nrrd,0.5750264007425957
3301,original_gldm_HighGrayLevelEmphasis.nrrd,original_glrlm_LongRunLowGrayLevelEmphasis.nrrd,0.7115596974276127
3302,original_gldm_HighGrayLevelEmphasis.nrrd,original_glrlm_LowGrayLevelRunEmphasis.nrrd,0.6915488351051436
3310,original_gldm_HighGrayLevelEmphasis.nrrd,original_glrlm_ShortRunLowGrayLevelEmphasis.nrrd,0.6861408286159776
3315,original_gldm_HighGrayLevelEmphasis.nrrd,original_glszm_LargeAreaEmphasis.nrrd,0.7198430105307754
3316,original_gldm_HighGrayLevelEmphasis.nrrd,original_glszm_LargeAreaHighGrayLevelEmphasis.nrrd,0.7793725832244576
3317,original_gldm_HighGrayLevelEmphasis.nrrd,original_glszm_LargeAreaLowGrayLevelEmphasis.nrrd,0.6734952476809745
3318,original_gldm_HighGrayLevelEmphasis.nrrd,original_glszm_LowGrayLevelZoneEmphasis.nrrd,0.6246854332911557
3323,original_gldm_HighGrayLevelEmphasis.nrrd,original_glszm_SmallAreaLowGrayLevelEmphasis.nrrd,0.5682149036379784
3326,original_gldm_HighGrayLevelEmphasis.nrrd,original_glszm_ZoneVariance.nrrd,0.5822080022840608
3334,original_gldm_LargeDependenceEmphasis.nrrd,original_gldm_LowGrayLevelEmphasis.nrrd,0.7247741070106
3337,original_gldm_LargeDependenceEmphasis.nrrd,original_gldm_SmallDependenceLowGrayLevelEmphasis.nrrd,0.5655909062291434
3340,original_gldm_LargeDependenceEmphasis.nrrd,original_glrlm_GrayLevelVariance.nrrd,0.7541370820517166
3344,original_gldm_LargeDependenceEmphasis.nrrd,original_glrlm_LongRunLowGrayLevelEmphasis.nrrd,0.7498790413966774
3345,original_gldm_LargeDependenceEmphasis.nrrd,original_glrlm_LowGrayLevelRunEmphasis.nrrd,0.7192470025663354
3353,original_gldm_LargeDependenceEmphasis.nrrd,original_glrlm_ShortRunLowGrayLevelEmphasis.nrrd,0.7113395535600949
3356,original_gldm_LargeDependenceEmphasis.nrrd,original_glszm_GrayLevelVariance.nrrd,0.7795301060329068
3361,original_gldm_LargeDependenceEmphasis.nrrd,original_glszm_LowGrayLevelZoneEmphasis.nrrd,0.6480382875878946
3362,original_gldm_LargeDependenceEmphasis.nrrd,original_glszm_SizeZoneNonUniformity.nrrd,0.7956667695713002
3366,original_gldm_LargeDependenceEmphasis.nrrd,original_glszm_SmallAreaLowGrayLevelEmphasis.nrrd,0.5774840894383267
3372,original_gldm_LargeDependenceEmphasis.nrrd,original_ngtdm_Complexity.nrrd,0.6699949632059147
3376,original_gldm_LargeDependenceHighGrayLevelEmphasis.nrrd,original_gldm_LowGrayLevelEmphasis.nrrd,0.6671272945612502
3379,original_gldm_LargeDependenceHighGrayLevelEmphasis.nrrd,original_gldm_SmallDependenceLowGrayLevelEmphasis.nrrd,0.5232305394369651
3386,original_gldm_LargeDependenceHighGrayLevelEmphasis.nrrd,original_glrlm_LongRunLowGrayLevelEmphasis.nrrd,0.6890231399048035
3387,original_gldm_LargeDependenceHighGrayLevelEmphasis.nrrd,original_glrlm_LowGrayLevelRunEmphasis.nrrd,0.6619121601145082
3395,original_gldm_LargeDependenceHighGrayLevelEmphasis.nrrd,original_glrlm_ShortRunLowGrayLevelEmphasis.nrrd,0.654855536248638
3402,original_gldm_LargeDependenceHighGrayLevelEmphasis.nrrd,original_glszm_LargeAreaLowGrayLevelEmphasis.nrrd,0.7961066277889841
3403,original_gldm_LargeDependenceHighGrayLevelEmphasis.nrrd,original_glszm_LowGrayLevelZoneEmphasis.nrrd,0.594643051502401
3408,original_gldm_LargeDependenceHighGrayLevelEmphasis.nrrd,original_glszm_SmallAreaLowGrayLevelEmphasis.nrrd,0.5306336996860475
3411,original_gldm_LargeDependenceHighGrayLevelEmphasis.nrrd,original_glszm_ZoneVariance.nrrd,0.7514672086023384
3414,original_gldm_LargeDependenceHighGrayLevelEmphasis.nrrd,original_ngtdm_Complexity.nrrd,0.7212620240116968
3419,original_gldm_LargeDependenceLowGrayLevelEmphasis.nrrd,original_gldm_SmallDependenceHighGrayLevelEmphasis.nrrd,0.7539448532492725
3420,original_gldm_LargeDependenceLowGrayLevelEmphasis.nrrd,original_gldm_SmallDependenceLowGrayLevelEmphasis.nrrd,0.7256505052729638
3423,original_gldm_LargeDependenceLowGrayLevelEmphasis.nrrd,original_glrlm_GrayLevelVariance.nrrd,0.72203186582283
3435,original_gldm_LargeDependenceLowGrayLevelEmphasis.nrrd,original_glrlm_ShortRunHighGrayLevelEmphasis.nrrd,0.7999570217286497
3439,original_gldm_LargeDependenceLowGrayLevelEmphasis.nrrd,original_glszm_GrayLevelVariance.nrrd,0.7530290824218066
3442,original_gldm_LargeDependenceLowGrayLevelEmphasis.nrrd,original_glszm_LargeAreaHighGrayLevelEmphasis.nrrd,0.791665009825265
3444,original_gldm_LargeDependenceLowGrayLevelEmphasis.nrrd,original_glszm_LowGrayLevelZoneEmphasis.nrrd,0.7982140994303745
3445,original_gldm_LargeDependenceLowGrayLevelEmphasis.nrrd,original_glszm_SizeZoneNonUniformity.nrrd,0.7402923229987775
3448,original_gldm_LargeDependenceLowGrayLevelEmphasis.nrrd,original_glszm_SmallAreaHighGrayLevelEmphasis.nrrd,0.788374043214539
3449,original_gldm_LargeDependenceLowGrayLevelEmphasis.nrrd,original_glszm_SmallAreaLowGrayLevelEmphasis.nrrd,0.7335137940953522
3452,original_gldm_LargeDependenceLowGrayLevelEmphasis.nrrd,original_glszm_ZoneVariance.nrrd,0.7388848699759488
3455,original_gldm_LargeDependenceLowGrayLevelEmphasis.nrrd,original_ngtdm_Complexity.nrrd,0.6594004797764774
3456,original_gldm_LargeDependenceLowGrayLevelEmphasis.nrrd,original_ngtdm_Contrast.nrrd,0.794606504717492
3459,original_gldm_LowGrayLevelEmphasis.nrrd,original_gldm_SmallDependenceHighGrayLevelEmphasis.nrrd,0.6934253641214623
3461,original_gldm_LowGrayLevelEmphasis.nrrd,original_glrlm_GrayLevelNonUniformity.nrrd,0.7231584237904004
3462,original_gldm_LowGrayLevelEmphasis.nrrd,original_glrlm_GrayLevelNonUniformityNormalized.nrrd,0.7390323705388231
3463,original_gldm_LowGrayLevelEmphasis.nrrd,original_glrlm_GrayLevelVariance.nrrd,0.7552068923606765
3464,original_gldm_LowGrayLevelEmphasis.nrrd,original_glrlm_HighGrayLevelRunEmphasis.nrrd,0.6966264417475392
3465,original_gldm_LowGrayLevelEmphasis.nrrd,original_glrlm_LongRunEmphasis.nrrd,0.7841292775445319
3466,original_gldm_LowGrayLevelEmphasis.nrrd,original_glrlm_LongRunHighGrayLevelEmphasis.nrrd,0.6960501064694096
3469,original_gldm_LowGrayLevelEmphasis.nrrd,original_glrlm_RunEntropy.nrrd,0.7919398736197062
3470,original_gldm_LowGrayLevelEmphasis.nrrd,original_glrlm_RunLengthNonUniformity.nrrd,0.7370018561690342
3471,original_gldm_LowGrayLevelEmphasis.nrrd,original_glrlm_RunLengthNonUniformityNormalized.nrrd,0.7909815908707273
3472,original_gldm_LowGrayLevelEmphasis.nrrd,original_glrlm_RunPercentage.nrrd,0.7898183806928524
3473,original_gldm_LowGrayLevelEmphasis.nrrd,original_glrlm_RunVariance.nrrd,0.7258305866758579
3474,original_gldm_LowGrayLevelEmphasis.nrrd,original_glrlm_ShortRunEmphasis.nrrd,0.7895325730869657
3475,original_gldm_LowGrayLevelEmphasis.nrrd,original_glrlm_ShortRunHighGrayLevelEmphasis.nrrd,0.6967051163788425
3477,original_gldm_LowGrayLevelEmphasis.nrrd,original_glszm_GrayLevelNonUniformity.nrrd,0.7404306205910433
3478,original_gldm_LowGrayLevelEmphasis.nrrd,original_glszm_GrayLevelNonUniformityNormalized.nrrd,0.7419550343278427
3479,original_gldm_LowGrayLevelEmphasis.nrrd,original_glszm_GrayLevelVariance.nrrd,0.7838212355836073
3480,original_gldm_LowGrayLevelEmphasis.nrrd,original_glszm_HighGrayLevelZoneEmphasis.nrrd,0.6953921021717023
3481,original_gldm_LowGrayLevelEmphasis.nrrd,original_glszm_LargeAreaEmphasis.nrrd,0.5647662746916939
3482,original_gldm_LowGrayLevelEmphasis.nrrd,original_glszm_LargeAreaHighGrayLevelEmphasis.nrrd,0.5368476427673964
3483,original_gldm_LowGrayLevelEmphasis.nrrd,original_glszm_LargeAreaLowGrayLevelEmphasis.nrrd,0.7064534316056337
3485,original_gldm_LowGrayLevelEmphasis.nrrd,original_glszm_SizeZoneNonUniformity.nrrd,0.7317067328516719
3487,original_gldm_LowGrayLevelEmphasis.nrrd,original_glszm_SmallAreaEmphasis.nrrd,0.7958141515908137
3488,original_gldm_LowGrayLevelEmphasis.nrrd,original_glszm_SmallAreaHighGrayLevelEmphasis.nrrd,0.6953058976605621
3490,original_gldm_LowGrayLevelEmphasis.nrrd,original_glszm_ZoneEntropy.nrrd,0.7893232660256264
3491,original_gldm_LowGrayLevelEmphasis.nrrd,original_glszm_ZonePercentage.nrrd,0.7997358008481311
3492,original_gldm_LowGrayLevelEmphasis.nrrd,original_glszm_ZoneVariance.nrrd,0.4492216685605552
3493,original_gldm_LowGrayLevelEmphasis.nrrd,original_ngtdm_Busyness.nrrd,0.7299454954123702
3494,original_gldm_LowGrayLevelEmphasis.nrrd,original_ngtdm_Coarseness.nrrd,0.7013717280903244
3495,original_gldm_LowGrayLevelEmphasis.nrrd,original_ngtdm_Complexity.nrrd,0.7556560779297813
3496,original_gldm_LowGrayLevelEmphasis.nrrd,original_ngtdm_Contrast.nrrd,0.7829234921869733
3499,original_gldm_SmallDependenceEmphasis.nrrd,original_gldm_SmallDependenceLowGrayLevelEmphasis.nrrd,0.6831830607099213
3507,original_gldm_SmallDependenceEmphasis.nrrd,original_glrlm_LowGrayLevelRunEmphasis.nrrd,0.7957489897248435
3515,original_gldm_SmallDependenceEmphasis.nrrd,original_glrlm_ShortRunLowGrayLevelEmphasis.nrrd,0.7908624694483891
3520,original_gldm_SmallDependenceEmphasis.nrrd,original_glszm_LargeAreaEmphasis.nrrd,0.6971111958035748
3521,original_gldm_SmallDependenceEmphasis.nrrd,original_glszm_LargeAreaHighGrayLevelEmphasis.nrrd,0.7204527254606328
3522,original_gldm_SmallDependenceEmphasis.nrrd,original_glszm_LargeAreaLowGrayLevelEmphasis.nrrd,0.7001686093328436
3523,original_gldm_SmallDependenceEmphasis.nrrd,original_glszm_LowGrayLevelZoneEmphasis.nrrd,0.7277463680090435
3528,original_gldm_SmallDependenceEmphasis.nrrd,original_glszm_SmallAreaLowGrayLevelEmphasis.nrrd,0.6711857477213403
3531,original_gldm_SmallDependenceEmphasis.nrrd,original_glszm_ZoneVariance.nrrd,0.5487428538633145
3537,original_gldm_SmallDependenceHighGrayLevelEmphasis.nrrd,original_gldm_SmallDependenceLowGrayLevelEmphasis.nrrd,0.5882264500685943
3544,original_gldm_SmallDependenceHighGrayLevelEmphasis.nrrd,original_glrlm_LongRunLowGrayLevelEmphasis.nrrd,0.7042578919098071
3545,original_gldm_SmallDependenceHighGrayLevelEmphasis.nrrd,original_glrlm_LowGrayLevelRunEmphasis.nrrd,0.6885432841626811
3553,original_gldm_SmallDependenceHighGrayLevelEmphasis.nrrd,original_glrlm_ShortRunLowGrayLevelEmphasis.nrrd,0.6841664954967563
3558,original_gldm_SmallDependenceHighGrayLevelEmphasis.nrrd,original_glszm_LargeAreaEmphasis.nrrd,0.63950627681922
3559,original_gldm_SmallDependenceHighGrayLevelEmphasis.nrrd,original_glszm_LargeAreaHighGrayLevelEmphasis.nrrd,0.7055358193651972
3560,original_gldm_SmallDependenceHighGrayLevelEmphasis.nrrd,original_glszm_LargeAreaLowGrayLevelEmphasis.nrrd,0.6009679374726887
3561,original_gldm_SmallDependenceHighGrayLevelEmphasis.nrrd,original_glszm_LowGrayLevelZoneEmphasis.nrrd,0.6246647949311227
3566,original_gldm_SmallDependenceHighGrayLevelEmphasis.nrrd,original_glszm_SmallAreaLowGrayLevelEmphasis.nrrd,0.5745460180181733
3569,original_gldm_SmallDependenceHighGrayLevelEmphasis.nrrd,original_glszm_ZoneVariance.nrrd,0.495432383038108
3571,original_gldm_SmallDependenceHighGrayLevelEmphasis.nrrd,original_ngtdm_Coarseness.nrrd,0.7890249025186127
3575,original_gldm_SmallDependenceLowGrayLevelEmphasis.nrrd,original_glrlm_GrayLevelNonUniformity.nrrd,0.5817678826946502
3576,original_gldm_SmallDependenceLowGrayLevelEmphasis.nrrd,original_glrlm_GrayLevelNonUniformityNormalized.nrrd,0.5823996137225914
3577,original_gldm_SmallDependenceLowGrayLevelEmphasis.nrrd,original_glrlm_GrayLevelVariance.nrrd,0.685294007069674
3578,original_gldm_SmallDependenceLowGrayLevelEmphasis.nrrd,original_glrlm_HighGrayLevelRunEmphasis.nrrd,0.5748456121331406
3579,original_gldm_SmallDependenceLowGrayLevelEmphasis.nrrd,original_glrlm_LongRunEmphasis.nrrd,0.6436857039867542
3580,original_gldm_SmallDependenceLowGrayLevelEmphasis.nrrd,original_glrlm_LongRunHighGrayLevelEmphasis.nrrd,0.570959446959825
3583,original_gldm_SmallDependenceLowGrayLevelEmphasis.nrrd,original_glrlm_RunEntropy.nrrd,0.6615061009661245
3584,original_gldm_SmallDependenceLowGrayLevelEmphasis.nrrd,original_glrlm_RunLengthNonUniformity.nrrd,0.6219531737932132
3585,original_gldm_SmallDependenceLowGrayLevelEmphasis.nrrd,original_glrlm_RunLengthNonUniformityNormalized.nrrd,0.6564641676904068
3586,original_gldm_SmallDependenceLowGrayLevelEmphasis.nrrd,original_glrlm_RunPercentage.nrrd,0.6541770693475828
3587,original_gldm_SmallDependenceLowGrayLevelEmphasis.nrrd,original_glrlm_RunVariance.nrrd,0.5655332186747075
3588,original_gldm_SmallDependenceLowGrayLevelEmphasis.nrrd,original_glrlm_ShortRunEmphasis.nrrd,0.6535929098950816
3589,original_gldm_SmallDependenceLowGrayLevelEmphasis.nrrd,original_glrlm_ShortRunHighGrayLevelEmphasis.nrrd,0.5757766399579443
3591,original_gldm_SmallDependenceLowGrayLevelEmphasis.nrrd,original_glszm_GrayLevelNonUniformity.nrrd,0.613812253737642
3592,original_gldm_SmallDependenceLowGrayLevelEmphasis.nrrd,original_glszm_GrayLevelNonUniformityNormalized.nrrd,0.5857700224431112
3593,original_gldm_SmallDependenceLowGrayLevelEmphasis.nrrd,original_glszm_GrayLevelVariance.nrrd,0.7117854697279544
3594,original_gldm_SmallDependenceLowGrayLevelEmphasis.nrrd,original_glszm_HighGrayLevelZoneEmphasis.nrrd,0.572267312410014
3595,original_gldm_SmallDependenceLowGrayLevelEmphasis.nrrd,original_glszm_LargeAreaEmphasis.nrrd,0.408417712650207
3596,original_gldm_SmallDependenceLowGrayLevelEmphasis.nrrd,original_glszm_LargeAreaHighGrayLevelEmphasis.nrrd,0.3911829584463455
3597,original_gldm_SmallDependenceLowGrayLevelEmphasis.nrrd,original_glszm_LargeAreaLowGrayLevelEmphasis.nrrd,0.5671846425036451
3599,original_gldm_SmallDependenceLowGrayLevelEmphasis.nrrd,original_glszm_SizeZoneNonUniformity.nrrd,0.6442201099703808
3600,original_gldm_SmallDependenceLowGrayLevelEmphasis.nrrd,original_glszm_SizeZoneNonUniformityNormalized.nrrd,0.6789323697060504
3601,original_gldm_SmallDependenceLowGrayLevelEmphasis.nrrd,original_glszm_SmallAreaEmphasis.nrrd,0.6663173241792985
3602,original_gldm_SmallDependenceLowGrayLevelEmphasis.nrrd,original_glszm_SmallAreaHighGrayLevelEmphasis.nrrd,0.578487839508235
3604,original_gldm_SmallDependenceLowGrayLevelEmphasis.nrrd,original_glszm_ZoneEntropy.nrrd,0.6556367180999618
3605,original_gldm_SmallDependenceLowGrayLevelEmphasis.nrrd,original_glszm_ZonePercentage.nrrd,0.6801979652442883
3606,original_gldm_SmallDependenceLowGrayLevelEmphasis.nrrd,original_glszm_ZoneVariance.nrrd,0.3066634126875371
3607,original_gldm_SmallDependenceLowGrayLevelEmphasis.nrrd,original_ngtdm_Busyness.nrrd,0.5788896966954334
3608,original_gldm_SmallDependenceLowGrayLevelEmphasis.nrrd,original_ngtdm_Coarseness.nrrd,0.5561127499155613
3609,original_gldm_SmallDependenceLowGrayLevelEmphasis.nrrd,original_ngtdm_Complexity.nrrd,0.7131127733135618
3610,original_gldm_SmallDependenceLowGrayLevelEmphasis.nrrd,original_ngtdm_Contrast.nrrd,0.6876409962008567
3611,original_gldm_SmallDependenceLowGrayLevelEmphasis.nrrd,original_ngtdm_Strength.nrrd,0.7323676500453284
3617,original_glrlm_GrayLevelNonUniformity.nrrd,original_glrlm_LongRunLowGrayLevelEmphasis.nrrd,0.7428371283124401
3618,original_glrlm_GrayLevelNonUniformity.nrrd,original_glrlm_LowGrayLevelRunEmphasis.nrrd,0.7177604439672702
3626,original_glrlm_GrayLevelNonUniformity.nrrd,original_glrlm_ShortRunLowGrayLevelEmphasis.nrrd,0.7111369600352828
3633,original_glrlm_GrayLevelNonUniformity.nrrd,original_glszm_LargeAreaLowGrayLevelEmphasis.nrrd,0.7947206495238267
3634,original_glrlm_GrayLevelNonUniformity.nrrd,original_glszm_LowGrayLevelZoneEmphasis.nrrd,0.6481790903924363
3639,original_glrlm_GrayLevelNonUniformity.nrrd,original_glszm_SmallAreaLowGrayLevelEmphasis.nrrd,0.5843310958918667
3642,original_glrlm_GrayLevelNonUniformity.nrrd,original_glszm_ZoneVariance.nrrd,0.707977144403382
3644,original_glrlm_GrayLevelNonUniformity.nrrd,original_ngtdm_Coarseness.nrrd,0.7918653552719284
3645,original_glrlm_GrayLevelNonUniformity.nrrd,original_ngtdm_Complexity.nrrd,0.7723723242203713
3648,original_glrlm_GrayLevelNonUniformityNormalized.nrrd,original_glrlm_GrayLevelVariance.nrrd,0.730299848352936
3652,original_glrlm_GrayLevelNonUniformityNormalized.nrrd,original_glrlm_LongRunLowGrayLevelEmphasis.nrrd,0.7625261241303141
3653,original_glrlm_GrayLevelNonUniformityNormalized.nrrd,original_glrlm_LowGrayLevelRunEmphasis.nrrd,0.7334117121679679
3661,original_glrlm_GrayLevelNonUniformityNormalized.nrrd,original_glrlm_ShortRunLowGrayLevelEmphasis.nrrd,0.7258324184625429
3664,original_glrlm_GrayLevelNonUniformityNormalized.nrrd,original_glszm_GrayLevelVariance.nrrd,0.7609842243515513
3669,original_glrlm_GrayLevelNonUniformityNormalized.nrrd,original_glszm_LowGrayLevelZoneEmphasis.nrrd,0.6611796225507673
3670,original_glrlm_GrayLevelNonUniformityNormalized.nrrd,original_glszm_SizeZoneNonUniformity.nrrd,0.7921732669930521
3674,original_glrlm_GrayLevelNonUniformityNormalized.nrrd,original_glszm_SmallAreaLowGrayLevelEmphasis.nrrd,0.5908457564635191
3677,original_glrlm_GrayLevelNonUniformityNormalized.nrrd,original_glszm_ZoneVariance.nrrd,0.7567350127187317
3680,original_glrlm_GrayLevelNonUniformityNormalized.nrrd,original_ngtdm_Complexity.nrrd,0.6722507947023102
3686,original_glrlm_GrayLevelVariance.nrrd,original_glrlm_LongRunLowGrayLevelEmphasis.nrrd,0.7587401331096505
3687,original_glrlm_GrayLevelVariance.nrrd,original_glrlm_LowGrayLevelRunEmphasis.nrrd,0.7515371865165476
3692,original_glrlm_GrayLevelVariance.nrrd,original_glrlm_RunVariance.nrrd,0.7529840674824739
3695,original_glrlm_GrayLevelVariance.nrrd,original_glrlm_ShortRunLowGrayLevelEmphasis.nrrd,0.7492614156763406
3697,original_glrlm_GrayLevelVariance.nrrd,original_glszm_GrayLevelNonUniformityNormalized.nrrd,0.744447245462028
3700,original_glrlm_GrayLevelVariance.nrrd,original_glszm_LargeAreaEmphasis.nrrd,0.540773221836432
3701,original_glrlm_GrayLevelVariance.nrrd,original_glszm_LargeAreaHighGrayLevelEmphasis.nrrd,0.6026144798434709
3702,original_glrlm_GrayLevelVariance.nrrd,original_glszm_LargeAreaLowGrayLevelEmphasis.nrrd,0.5491941543400585
3703,original_glrlm_GrayLevelVariance.nrrd,original_glszm_LowGrayLevelZoneEmphasis.nrrd,0.699547881184042
3708,original_glrlm_GrayLevelVariance.nrrd,original_glszm_SmallAreaLowGrayLevelEmphasis.nrrd,0.6621471159289309
3711,original_glrlm_GrayLevelVariance.nrrd,original_glszm_ZoneVariance.nrrd,0.4025857279984404
3712,original_glrlm_GrayLevelVariance.nrrd,original_ngtdm_Busyness.nrrd,0.7824622235764579
3713,original_glrlm_GrayLevelVariance.nrrd,original_ngtdm_Coarseness.nrrd,0.7074479470708525
3719,original_glrlm_HighGrayLevelRunEmphasis.nrrd,original_glrlm_LongRunLowGrayLevelEmphasis.nrrd,0.7115012136728631
3720,original_glrlm_HighGrayLevelRunEmphasis.nrrd,original_glrlm_LowGrayLevelRunEmphasis.nrrd,0.6914643219606675
3728,original_glrlm_HighGrayLevelRunEmphasis.nrrd,original_glrlm_ShortRunLowGrayLevelEmphasis.nrrd,0.6860499245672885
3733,original_glrlm_HighGrayLevelRunEmphasis.nrrd,original_glszm_LargeAreaEmphasis.nrrd,0.71987378977535
3734,original_glrlm_HighGrayLevelRunEmphasis.nrrd,original_glszm_LargeAreaHighGrayLevelEmphasis.nrrd,0.7791644648358232
3735,original_glrlm_HighGrayLevelRunEmphasis.nrrd,original_glszm_LargeAreaLowGrayLevelEmphasis.nrrd,0.673640551971067
3736,original_glrlm_HighGrayLevelRunEmphasis.nrrd,original_glszm_LowGrayLevelZoneEmphasis.nrrd,0.6245392274283388
3741,original_glrlm_HighGrayLevelRunEmphasis.nrrd,original_glszm_SmallAreaLowGrayLevelEmphasis.nrrd,0.5680362114740791
3744,original_glrlm_HighGrayLevelRunEmphasis.nrrd,original_glszm_ZoneVariance.nrrd,0.5821568474305285
3752,original_glrlm_LongRunEmphasis.nrrd,original_glrlm_LowGrayLevelRunEmphasis.nrrd,0.7786234439396386
3760,original_glrlm_LongRunEmphasis.nrrd,original_glrlm_ShortRunLowGrayLevelEmphasis.nrrd,0.7722381293343545
3765,original_glrlm_LongRunEmphasis.nrrd,original_glszm_LargeAreaEmphasis.nrrd,0.7985865601997763
3767,original_glrlm_LongRunEmphasis.nrrd,original_glszm_LargeAreaLowGrayLevelEmphasis.nrrd,0.7930988047186739
3768,original_glrlm_LongRunEmphasis.nrrd,original_glszm_LowGrayLevelZoneEmphasis.nrrd,0.706821640340253
3773,original_glrlm_LongRunEmphasis.nrrd,original_glszm_SmallAreaLowGrayLevelEmphasis.nrrd,0.641935945553767
3776,original_glrlm_LongRunEmphasis.nrrd,original_glszm_ZoneVariance.nrrd,0.6619128035355326
3782,original_glrlm_LongRunHighGrayLevelEmphasis.nrrd,original_glrlm_LongRunLowGrayLevelEmphasis.nrrd,0.7118378699014931
3783,original_glrlm_LongRunHighGrayLevelEmphasis.nrrd,original_glrlm_LowGrayLevelRunEmphasis.nrrd,0.6908515737476895
3791,original_glrlm_LongRunHighGrayLevelEmphasis.nrrd,original_glrlm_ShortRunLowGrayLevelEmphasis.nrrd,0.6852129377886271
3796,original_glrlm_LongRunHighGrayLevelEmphasis.nrrd,original_glszm_LargeAreaEmphasis.nrrd,0.7389922063223688
3797,original_glrlm_LongRunHighGrayLevelEmphasis.nrrd,original_glszm_LargeAreaHighGrayLevelEmphasis.nrrd,0.7966302389743355
3798,original_glrlm_LongRunHighGrayLevelEmphasis.nrrd,original_glszm_LargeAreaLowGrayLevelEmphasis.nrrd,0.6908454281891481
3799,original_glrlm_LongRunHighGrayLevelEmphasis.nrrd,original_glszm_LowGrayLevelZoneEmphasis.nrrd,0.6235252535339338
3804,original_glrlm_LongRunHighGrayLevelEmphasis.nrrd,original_glszm_SmallAreaLowGrayLevelEmphasis.nrrd,0.5658133852009364
3807,original_glrlm_LongRunHighGrayLevelEmphasis.nrrd,original_glszm_ZoneVariance.nrrd,0.6039941599721432
3815,original_glrlm_LongRunLowGrayLevelEmphasis.nrrd,original_glrlm_RunLengthNonUniformity.nrrd,0.7499088745277829
3818,original_glrlm_LongRunLowGrayLevelEmphasis.nrrd,original_glrlm_RunVariance.nrrd,0.7510243177660149
3820,original_glrlm_LongRunLowGrayLevelEmphasis.nrrd,original_glrlm_ShortRunHighGrayLevelEmphasis.nrrd,0.7113505453879012
3822,original_glrlm_LongRunLowGrayLevelEmphasis.nrrd,original_glszm_GrayLevelNonUniformity.nrrd,0.7555851161824676
3823,original_glrlm_LongRunLowGrayLevelEmphasis.nrrd,original_glszm_GrayLevelNonUniformityNormalized.nrrd,0.7647734861558676
3824,original_glrlm_LongRunLowGrayLevelEmphasis.nrrd,original_glszm_GrayLevelVariance.nrrd,0.7879290300271569
3825,original_glrlm_LongRunLowGrayLevelEmphasis.nrrd,original_glszm_HighGrayLevelZoneEmphasis.nrrd,0.7105334601255155
3826,original_glrlm_LongRunLowGrayLevelEmphasis.nrrd,original_glszm_LargeAreaEmphasis.nrrd,0.5937050990680363
3827,original_glrlm_LongRunLowGrayLevelEmphasis.nrrd,original_glszm_LargeAreaHighGrayLevelEmphasis.nrrd,0.5631933796084347
3828,original_glrlm_LongRunLowGrayLevelEmphasis.nrrd,original_glszm_LargeAreaLowGrayLevelEmphasis.nrrd,0.7317208011938654
3830,original_glrlm_LongRunLowGrayLevelEmphasis.nrrd,original_glszm_SizeZoneNonUniformity.nrrd,0.7384734651380536
3833,original_glrlm_LongRunLowGrayLevelEmphasis.nrrd,original_glszm_SmallAreaHighGrayLevelEmphasis.nrrd,0.7089832472149777
3837,original_glrlm_LongRunLowGrayLevelEmphasis.nrrd,original_glszm_ZoneVariance.nrrd,0.4778694194767325
3838,original_glrlm_LongRunLowGrayLevelEmphasis.nrrd,original_ngtdm_Busyness.nrrd,0.750722429469419
3839,original_glrlm_LongRunLowGrayLevelEmphasis.nrrd,original_ngtdm_Coarseness.nrrd,0.7225385714490772
3840,original_glrlm_LongRunLowGrayLevelEmphasis.nrrd,original_ngtdm_Complexity.nrrd,0.7538151886059492
3841,original_glrlm_LongRunLowGrayLevelEmphasis.nrrd,original_ngtdm_Contrast.nrrd,0.7905559620753382
3843,original_glrlm_LowGrayLevelRunEmphasis.nrrd,original_glrlm_RunEntropy.nrrd,0.7866046801337792
3844,original_glrlm_LowGrayLevelRunEmphasis.nrrd,original_glrlm_RunLengthNonUniformity.nrrd,0.7319959590236514
3845,original_glrlm_LowGrayLevelRunEmphasis.nrrd,original_glrlm_RunLengthNonUniformityNormalized.nrrd,0.7855499072631061
3846,original_glrlm_LowGrayLevelRunEmphasis.nrrd,original_glrlm_RunPercentage.nrrd,0.7843705997919119
3847,original_glrlm_LowGrayLevelRunEmphasis.nrrd,original_glrlm_RunVariance.nrrd,0.7202504479962583
3848,original_glrlm_LowGrayLevelRunEmphasis.nrrd,original_glrlm_ShortRunEmphasis.nrrd,0.7840814180520799
3849,original_glrlm_LowGrayLevelRunEmphasis.nrrd,original_glrlm_ShortRunHighGrayLevelEmphasis.nrrd,0.6915533956289268
3851,original_glrlm_LowGrayLevelRunEmphasis.nrrd,original_glszm_GrayLevelNonUniformity.nrrd,0.7351336902140382
3852,original_glrlm_LowGrayLevelRunEmphasis.nrrd,original_glszm_GrayLevelNonUniformityNormalized.nrrd,0.7362164205805276
3853,original_glrlm_LowGrayLevelRunEmphasis.nrrd,original_glszm_GrayLevelVariance.nrrd,0.7802347782521172
3854,original_glrlm_LowGrayLevelRunEmphasis.nrrd,original_glszm_HighGrayLevelZoneEmphasis.nrrd,0.6901521664811896
3855,original_glrlm_LowGrayLevelRunEmphasis.nrrd,original_glszm_LargeAreaEmphasis.nrrd,0.5599329839772665
3856,original_glrlm_LowGrayLevelRunEmphasis.nrrd,original_glszm_LargeAreaHighGrayLevelEmphasis.nrrd,0.5322341168280874
3857,original_glrlm_LowGrayLevelRunEmphasis.nrrd,original_glszm_LargeAreaLowGrayLevelEmphasis.nrrd,0.7026400946927778
3859,original_glrlm_LowGrayLevelRunEmphasis.nrrd,original_glszm_SizeZoneNonUniformity.nrrd,0.7273246412934892
3860,original_glrlm_LowGrayLevelRunEmphasis.nrrd,original_glszm_SizeZoneNonUniformityNormalized.nrrd,0.7955761475833489
3861,original_glrlm_LowGrayLevelRunEmphasis.nrrd,original_glszm_SmallAreaEmphasis.nrrd,0.7905029682381277
3862,original_glrlm_LowGrayLevelRunEmphasis.nrrd,original_glszm_SmallAreaHighGrayLevelEmphasis.nrrd,0.6901870551420108
3864,original_glrlm_LowGrayLevelRunEmphasis.nrrd,original_glszm_ZoneEntropy.nrrd,0.7839359631861729
3865,original_glrlm_LowGrayLevelRunEmphasis.nrrd,original_glszm_ZonePercentage.nrrd,0.7945653092638156
3866,original_glrlm_LowGrayLevelRunEmphasis.nrrd,original_glszm_ZoneVariance.nrrd,0.4451617764081226
3867,original_glrlm_LowGrayLevelRunEmphasis.nrrd,original_ngtdm_Busyness.nrrd,0.7239942308239685
3868,original_glrlm_LowGrayLevelRunEmphasis.nrrd,original_ngtdm_Coarseness.nrrd,0.6959341220170565
3869,original_glrlm_LowGrayLevelRunEmphasis.nrrd,original_ngtdm_Complexity.nrrd,0.7529078565224551
3870,original_glrlm_LowGrayLevelRunEmphasis.nrrd,original_ngtdm_Contrast.nrrd,0.7782932081545656
3878,original_glrlm_RunEntropy.nrrd,original_glrlm_ShortRunLowGrayLevelEmphasis.nrrd,0.7808769559544196
3883,original_glrlm_RunEntropy.nrrd,original_glszm_LargeAreaEmphasis.nrrd,0.7554653569307451
3884,original_glrlm_RunEntropy.nrrd,original_glszm_LargeAreaHighGrayLevelEmphasis.nrrd,0.773568795516199
3885,original_glrlm_RunEntropy.nrrd,original_glszm_LargeAreaLowGrayLevelEmphasis.nrrd,0.7522080808388689
3886,original_glrlm_RunEntropy.nrrd,original_glszm_LowGrayLevelZoneEmphasis.nrrd,0.7165084051542966
3891,original_glrlm_RunEntropy.nrrd,original_glszm_SmallAreaLowGrayLevelEmphasis.nrrd,0.6553077163741152
3894,original_glrlm_RunEntropy.nrrd,original_glszm_ZoneVariance.nrrd,0.6128513096054387
3905,original_glrlm_RunLengthNonUniformity.nrrd,original_glrlm_ShortRunLowGrayLevelEmphasis.nrrd,0.7270810607766774
3910,original_glrlm_RunLengthNonUniformity.nrrd,original_glszm_LargeAreaEmphasis.nrrd,0.6954049103259008
3911,original_glrlm_RunLengthNonUniformity.nrrd,original_glszm_LargeAreaHighGrayLevelEmphasis.nrrd,0.7342097119939818
3912,original_glrlm_RunLengthNonUniformity.nrrd,original_glszm_LargeAreaLowGrayLevelEmphasis.nrrd,0.6745174515599668
3913,original_glrlm_RunLengthNonUniformity.nrrd,original_glszm_LowGrayLevelZoneEmphasis.nrrd,0.6663188397223353
3918,original_glrlm_RunLengthNonUniformity.nrrd,original_glszm_SmallAreaLowGrayLevelEmphasis.nrrd,0.6121516082938615
3921,original_glrlm_RunLengthNonUniformity.nrrd,original_glszm_ZoneVariance.nrrd,0.5582561296878444
3923,original_glrlm_RunLengthNonUniformity.nrrd,original_ngtdm_Coarseness.nrrd,0.755430208614992
3931,original_glrlm_RunLengthNonUniformityNormalized.nrrd,original_glrlm_ShortRunLowGrayLevelEmphasis.nrrd,0.7795827777373197
3936,original_glrlm_RunLengthNonUniformityNormalized.nrrd,original_glszm_LargeAreaEmphasis.nrrd,0.7679964536268655
3937,original_glrlm_RunLengthNonUniformityNormalized.nrrd,original_glszm_LargeAreaHighGrayLevelEmphasis.nrrd,0.7809576468019608
3938,original_glrlm_RunLengthNonUniformityNormalized.nrrd,original_glszm_LargeAreaLowGrayLevelEmphasis.nrrd,0.7652345734012214
3939,original_glrlm_RunLengthNonUniformityNormalized.nrrd,original_glszm_LowGrayLevelZoneEmphasis.nrrd,0.7144429939072394
3944,original_glrlm_RunLengthNonUniformityNormalized.nrrd,original_glszm_SmallAreaLowGrayLevelEmphasis.nrrd,0.6516163135625698
3947,original_glrlm_RunLengthNonUniformityNormalized.nrrd,original_glszm_ZoneVariance.nrrd,0.626208322540138
3956,original_glrlm_RunPercentage.nrrd,original_glrlm_ShortRunLowGrayLevelEmphasis.nrrd,0.7783258152360555
3961,original_glrlm_RunPercentage.nrrd,original_glszm_LargeAreaEmphasis.nrrd,0.7735408226345746
3962,original_glrlm_RunPercentage.nrrd,original_glszm_LargeAreaHighGrayLevelEmphasis.nrrd,0.7857527059330871
3963,original_glrlm_RunPercentage.nrrd,original_glszm_LargeAreaLowGrayLevelEmphasis.nrrd,0.7702332665571606
3964,original_glrlm_RunPercentage.nrrd,original_glszm_LowGrayLevelZoneEmphasis.nrrd,0.7131071840278875
3969,original_glrlm_RunPercentage.nrrd,original_glszm_SmallAreaLowGrayLevelEmphasis.nrrd,0.6498832157980546
3972,original_glrlm_RunPercentage.nrrd,original_glszm_ZoneVariance.nrrd,0.6325911232794975
3980,original_glrlm_RunVariance.nrrd,original_glrlm_ShortRunLowGrayLevelEmphasis.nrrd,0.7123115930819532
3983,original_glrlm_RunVariance.nrrd,original_glszm_GrayLevelVariance.nrrd,0.7783859223330386
3988,original_glrlm_RunVariance.nrrd,original_glszm_LowGrayLevelZoneEmphasis.nrrd,0.6485789294311486
3989,original_glrlm_RunVariance.nrrd,original_glszm_SizeZoneNonUniformity.nrrd,0.7956581973210965
3993,original_glrlm_RunVariance.nrrd,original_glszm_SmallAreaLowGrayLevelEmphasis.nrrd,0.5774997982256872
3996,original_glrlm_RunVariance.nrrd,original_glszm_ZoneVariance.nrrd,0.7950013749692146
3999,original_glrlm_RunVariance.nrrd,original_ngtdm_Complexity.nrrd,0.6680289888683485
4003,original_glrlm_ShortRunEmphasis.nrrd,original_glrlm_ShortRunLowGrayLevelEmphasis.nrrd,0.7780155966738792
4008,original_glrlm_ShortRunEmphasis.nrrd,original_glszm_LargeAreaEmphasis.nrrd,0.7751298914860253
4009,original_glrlm_ShortRunEmphasis.nrrd,original_glszm_LargeAreaHighGrayLevelEmphasis.nrrd,0.7871255531002312
4010,original_glrlm_ShortRunEmphasis.nrrd,original_glszm_LargeAreaLowGrayLevelEmphasis.nrrd,0.7716877229975269
4011,original_glrlm_ShortRunEmphasis.nrrd,original_glszm_LowGrayLevelZoneEmphasis.nrrd,0.7127868244629999
4016,original_glrlm_ShortRunEmphasis.nrrd,original_glszm_SmallAreaLowGrayLevelEmphasis.nrrd,0.6494599868539417
4019,original_glrlm_ShortRunEmphasis.nrrd,original_glszm_ZoneVariance.nrrd,0.6344361070620388
4025,original_glrlm_ShortRunHighGrayLevelEmphasis.nrrd,original_glrlm_ShortRunLowGrayLevelEmphasis.nrrd,0.6861959454411077
4030,original_glrlm_ShortRunHighGrayLevelEmphasis.nrrd,original_glszm_LargeAreaEmphasis.nrrd,0.7150698003062597
4031,original_glrlm_ShortRunHighGrayLevelEmphasis.nrrd,original_glszm_LargeAreaHighGrayLevelEmphasis.nrrd,0.7747434857410828
4032,original_glrlm_ShortRunHighGrayLevelEmphasis.nrrd,original_glszm_LargeAreaLowGrayLevelEmphasis.nrrd,0.6693405916516657
4033,original_glrlm_ShortRunHighGrayLevelEmphasis.nrrd,original_glszm_LowGrayLevelZoneEmphasis.nrrd,0.6247442599255376
4038,original_glrlm_ShortRunHighGrayLevelEmphasis.nrrd,original_glszm_SmallAreaLowGrayLevelEmphasis.nrrd,0.5685560175599911
4041,original_glrlm_ShortRunHighGrayLevelEmphasis.nrrd,original_glszm_ZoneVariance.nrrd,0.5767202009915189
4047,original_glrlm_ShortRunLowGrayLevelEmphasis.nrrd,original_glszm_GrayLevelNonUniformity.nrrd,0.7295901313310247
4048,original_glrlm_ShortRunLowGrayLevelEmphasis.nrrd,original_glszm_GrayLevelNonUniformityNormalized.nrrd,0.7287541506275474
4049,original_glrlm_ShortRunLowGrayLevelEmphasis.nrrd,original_glszm_GrayLevelVariance.nrrd,0.7778278009138793
4050,original_glrlm_ShortRunLowGrayLevelEmphasis.nrrd,original_glszm_HighGrayLevelZoneEmphasis.nrrd,0.6846538820281196
4051,original_glrlm_ShortRunLowGrayLevelEmphasis.nrrd,original_glszm_LargeAreaEmphasis.nrrd,0.551447197313964
4052,original_glrlm_ShortRunLowGrayLevelEmphasis.nrrd,original_glszm_LargeAreaHighGrayLevelEmphasis.nrrd,0.5244081495090136
4053,original_glrlm_ShortRunLowGrayLevelEmphasis.nrrd,original_glszm_LargeAreaLowGrayLevelEmphasis.nrrd,0.6953361121890987
4055,original_glrlm_ShortRunLowGrayLevelEmphasis.nrrd,original_glszm_SizeZoneNonUniformity.nrrd,0.7240491641249478
4056,original_glrlm_ShortRunLowGrayLevelEmphasis.nrrd,original_glszm_SizeZoneNonUniformityNormalized.nrrd,0.7903818609883764
4057,original_glrlm_ShortRunLowGrayLevelEmphasis.nrrd,original_glszm_SmallAreaEmphasis.nrrd,0.7848359614071416
4058,original_glrlm_ShortRunLowGrayLevelEmphasis.nrrd,original_glszm_SmallAreaHighGrayLevelEmphasis.nrrd,0.685071041014433
4060,original_glrlm_ShortRunLowGrayLevelEmphasis.nrrd,original_glszm_ZoneEntropy.nrrd,0.7780000383069177
4061,original_glrlm_ShortRunLowGrayLevelEmphasis.nrrd,original_glszm_ZonePercentage.nrrd,0.7895777995155255
4062,original_glrlm_ShortRunLowGrayLevelEmphasis.nrrd,original_glszm_ZoneVariance.nrrd,0.4370475295675137
4063,original_glrlm_ShortRunLowGrayLevelEmphasis.nrrd,original_ngtdm_Busyness.nrrd,0.7169595122447311
4064,original_glrlm_ShortRunLowGrayLevelEmphasis.nrrd,original_ngtdm_Coarseness.nrrd,0.6889966769226333
4065,original_glrlm_ShortRunLowGrayLevelEmphasis.nrrd,original_ngtdm_Complexity.nrrd,0.7521538950319585
4066,original_glrlm_ShortRunLowGrayLevelEmphasis.nrrd,original_ngtdm_Contrast.nrrd,0.7747506825241194
4071,original_glszm_GrayLevelNonUniformity.nrrd,original_glszm_LargeAreaEmphasis.nrrd,0.7236446408405974
4072,original_glszm_GrayLevelNonUniformity.nrrd,original_glszm_LargeAreaHighGrayLevelEmphasis.nrrd,0.7467216722723834
4073,original_glszm_GrayLevelNonUniformity.nrrd,original_glszm_LargeAreaLowGrayLevelEmphasis.nrrd,0.7052421380179799
4074,original_glszm_GrayLevelNonUniformity.nrrd,original_glszm_LowGrayLevelZoneEmphasis.nrrd,0.6662554946210474
4079,original_glszm_GrayLevelNonUniformity.nrrd,original_glszm_SmallAreaLowGrayLevelEmphasis.nrrd,0.6073506563141259
4082,original_glszm_GrayLevelNonUniformity.nrrd,original_glszm_ZoneVariance.nrrd,0.5857649571730049
4084,original_glszm_GrayLevelNonUniformity.nrrd,original_ngtdm_Coarseness.nrrd,0.7795111212695944
4088,original_glszm_GrayLevelNonUniformityNormalized.nrrd,original_glszm_GrayLevelVariance.nrrd,0.7714636441591372
4093,original_glszm_GrayLevelNonUniformityNormalized.nrrd,original_glszm_LowGrayLevelZoneEmphasis.nrrd,0.6625686642066425
4098,original_glszm_GrayLevelNonUniformityNormalized.nrrd,original_glszm_SmallAreaLowGrayLevelEmphasis.nrrd,0.5919622654562976
4101,original_glszm_GrayLevelNonUniformityNormalized.nrrd,original_glszm_ZoneVariance.nrrd,0.7190163796161031
4104,original_glszm_GrayLevelNonUniformityNormalized.nrrd,original_ngtdm_Complexity.nrrd,0.6833345574837478
4108,original_glszm_GrayLevelVariance.nrrd,original_glszm_LargeAreaEmphasis.nrrd,0.566881008612097
4109,original_glszm_GrayLevelVariance.nrrd,original_glszm_LargeAreaHighGrayLevelEmphasis.nrrd,0.6211441327833013
4110,original_glszm_GrayLevelVariance.nrrd,original_glszm_LargeAreaLowGrayLevelEmphasis.nrrd,0.5798890066815138
4111,original_glszm_GrayLevelVariance.nrrd,original_glszm_LowGrayLevelZoneEmphasis.nrrd,0.7292846868921908
4116,original_glszm_GrayLevelVariance.nrrd,original_glszm_SmallAreaLowGrayLevelEmphasis.nrrd,0.6912642320846806
4119,original_glszm_GrayLevelVariance.nrrd,original_glszm_ZoneVariance.nrrd,0.4277774947425853
4121,original_glszm_GrayLevelVariance.nrrd,original_ngtdm_Coarseness.nrrd,0.7231597253479575
4125,original_glszm_HighGrayLevelZoneEmphasis.nrrd,original_glszm_LargeAreaEmphasis.nrrd,0.720241807419143
4126,original_glszm_HighGrayLevelZoneEmphasis.nrrd,original_glszm_LargeAreaHighGrayLevelEmphasis.nrrd,0.7763533530201218
4127,original_glszm_HighGrayLevelZoneEmphasis.nrrd,original_glszm_LargeAreaLowGrayLevelEmphasis.nrrd,0.6755815401268075
4128,original_glszm_HighGrayLevelZoneEmphasis.nrrd,original_glszm_LowGrayLevelZoneEmphasis.nrrd,0.6224502089791932
4133,original_glszm_HighGrayLevelZoneEmphasis.nrrd,original_glszm_SmallAreaLowGrayLevelEmphasis.nrrd,0.5655180641999651
4136,original_glszm_HighGrayLevelZoneEmphasis.nrrd,original_glszm_ZoneVariance.nrrd,0.5815699159544162
4144,original_glszm_LargeAreaEmphasis.nrrd,original_glszm_LowGrayLevelZoneEmphasis.nrrd,0.4984683791634091
4145,original_glszm_LargeAreaEmphasis.nrrd,original_glszm_SizeZoneNonUniformity.nrrd,0.5836794491467833
4146,original_glszm_LargeAreaEmphasis.nrrd,original_glszm_SizeZoneNonUniformityNormalized.nrrd,0.7275117470405927
4147,original_glszm_LargeAreaEmphasis.nrrd,original_glszm_SmallAreaEmphasis.nrrd,0.7542658143379156
4148,original_glszm_LargeAreaEmphasis.nrrd,original_glszm_SmallAreaHighGrayLevelEmphasis.nrrd,0.6943858723134582
4149,original_glszm_LargeAreaEmphasis.nrrd,original_glszm_SmallAreaLowGrayLevelEmphasis.nrrd,0.4319061378624294
4150,original_glszm_LargeAreaEmphasis.nrrd,original_glszm_ZoneEntropy.nrrd,0.7689298424803245
4151,original_glszm_LargeAreaEmphasis.nrrd,original_glszm_ZonePercentage.nrrd,0.7001099523072005
4154,original_glszm_LargeAreaEmphasis.nrrd,original_ngtdm_Coarseness.nrrd,0.7587977446263465
4155,original_glszm_LargeAreaEmphasis.nrrd,original_ngtdm_Complexity.nrrd,0.4490972759716246
4156,original_glszm_LargeAreaEmphasis.nrrd,original_ngtdm_Contrast.nrrd,0.6126976792817758
4157,original_glszm_LargeAreaEmphasis.nrrd,original_ngtdm_Strength.nrrd,0.6321263362747545
4159,original_glszm_LargeAreaHighGrayLevelEmphasis.nrrd,original_glszm_LowGrayLevelZoneEmphasis.nrrd,0.4733805276409357
4160,original_glszm_LargeAreaHighGrayLevelEmphasis.nrrd,original_glszm_SizeZoneNonUniformity.nrrd,0.6345121393582218
4161,original_glszm_LargeAreaHighGrayLevelEmphasis.nrrd,original_glszm_SizeZoneNonUniformityNormalized.nrrd,0.7486746314751119
4162,original_glszm_LargeAreaHighGrayLevelEmphasis.nrrd,original_glszm_SmallAreaEmphasis.nrrd,0.7707407119386326
4163,original_glszm_LargeAreaHighGrayLevelEmphasis.nrrd,original_glszm_SmallAreaHighGrayLevelEmphasis.nrrd,0.7538505544218298
4164,original_glszm_LargeAreaHighGrayLevelEmphasis.nrrd,original_glszm_SmallAreaLowGrayLevelEmphasis.nrrd,0.4111670398640681
4165,original_glszm_LargeAreaHighGrayLevelEmphasis.nrrd,original_glszm_ZoneEntropy.nrrd,0.7843520467069814
4166,original_glszm_LargeAreaHighGrayLevelEmphasis.nrrd,original_glszm_ZonePercentage.nrrd,0.7224129011873321
4168,original_glszm_LargeAreaHighGrayLevelEmphasis.nrrd,original_ngtdm_Busyness.nrrd,0.7938470990322968
4169,original_glszm_LargeAreaHighGrayLevelEmphasis.nrrd,original_ngtdm_Coarseness.nrrd,0.7391635793386669
4170,original_glszm_LargeAreaHighGrayLevelEmphasis.nrrd,original_ngtdm_Complexity.nrrd,0.5020888707785345
4171,original_glszm_LargeAreaHighGrayLevelEmphasis.nrrd,original_ngtdm_Contrast.nrrd,0.6584192100605349
4172,original_glszm_LargeAreaHighGrayLevelEmphasis.nrrd,original_ngtdm_Strength.nrrd,0.6596018458742131
4173,original_glszm_LargeAreaLowGrayLevelEmphasis.nrrd,original_glszm_LowGrayLevelZoneEmphasis.nrrd,0.6506986772964525
4174,original_glszm_LargeAreaLowGrayLevelEmphasis.nrrd,original_glszm_SizeZoneNonUniformity.nrrd,0.5729894746415389
4175,original_glszm_LargeAreaLowGrayLevelEmphasis.nrrd,original_glszm_SizeZoneNonUniformityNormalized.nrrd,0.7275276915934863
4176,original_glszm_LargeAreaLowGrayLevelEmphasis.nrrd,original_glszm_SmallAreaEmphasis.nrrd,0.7521899385381727
4177,original_glszm_LargeAreaLowGrayLevelEmphasis.nrrd,original_glszm_SmallAreaHighGrayLevelEmphasis.nrrd,0.6515855344794493
4178,original_glszm_LargeAreaLowGrayLevelEmphasis.nrrd,original_glszm_SmallAreaLowGrayLevelEmphasis.nrrd,0.5893498468284367
4179,original_glszm_LargeAreaLowGrayLevelEmphasis.nrrd,original_glszm_ZoneEntropy.nrrd,0.7645551613026487
4180,original_glszm_LargeAreaLowGrayLevelEmphasis.nrrd,original_glszm_ZonePercentage.nrrd,0.7029906056445399
4182,original_glszm_LargeAreaLowGrayLevelEmphasis.nrrd,original_ngtdm_Busyness.nrrd,0.7948518816807233
4183,original_glszm_LargeAreaLowGrayLevelEmphasis.nrrd,original_ngtdm_Coarseness.nrrd,0.7701505170719869
4184,original_glszm_LargeAreaLowGrayLevelEmphasis.nrrd,original_ngtdm_Complexity.nrrd,0.4738714986184204
4185,original_glszm_LargeAreaLowGrayLevelEmphasis.nrrd,original_ngtdm_Contrast.nrrd,0.6209405206164448
4186,original_glszm_LargeAreaLowGrayLevelEmphasis.nrrd,original_ngtdm_Strength.nrrd,0.6606831185613617
4187,original_glszm_LowGrayLevelZoneEmphasis.nrrd,original_glszm_SizeZoneNonUniformity.nrrd,0.6682533691875787
4188,original_glszm_LowGrayLevelZoneEmphasis.nrrd,original_glszm_SizeZoneNonUniformityNormalized.nrrd,0.727285833960702
4189,original_glszm_LowGrayLevelZoneEmphasis.nrrd,original_glszm_SmallAreaEmphasis.nrrd,0.7205615614610914
4190,original_glszm_LowGrayLevelZoneEmphasis.nrrd,original_glszm_SmallAreaHighGrayLevelEmphasis.nrrd,0.6237670874818574
4192,original_glszm_LowGrayLevelZoneEmphasis.nrrd,original_glszm_ZoneEntropy.nrrd,0.7133851151915018
4193,original_glszm_LowGrayLevelZoneEmphasis.nrrd,original_glszm_ZonePercentage.nrrd,0.7260433281158517
4194,original_glszm_LowGrayLevelZoneEmphasis.nrrd,original_glszm_ZoneVariance.nrrd,0.3937037136221292
4195,original_glszm_LowGrayLevelZoneEmphasis.nrrd,original_ngtdm_Busyness.nrrd,0.6476823376948333
4196,original_glszm_LowGrayLevelZoneEmphasis.nrrd,original_ngtdm_Coarseness.nrrd,0.6259619318071971
4197,original_glszm_LowGrayLevelZoneEmphasis.nrrd,original_ngtdm_Complexity.nrrd,0.7117466797414165
4198,original_glszm_LowGrayLevelZoneEmphasis.nrrd,original_ngtdm_Contrast.nrrd,0.7147397271060635
4199,original_glszm_LowGrayLevelZoneEmphasis.nrrd,original_ngtdm_Strength.nrrd,0.7670172544920879
4203,original_glszm_SizeZoneNonUniformity.nrrd,original_glszm_SmallAreaLowGrayLevelEmphasis.nrrd,0.6248027608649596
4206,original_glszm_SizeZoneNonUniformity.nrrd,original_glszm_ZoneVariance.nrrd,0.442523555813743
4208,original_glszm_SizeZoneNonUniformity.nrrd,original_ngtdm_Coarseness.nrrd,0.6935495835213772
4214,original_glszm_SizeZoneNonUniformityNormalized.nrrd,original_glszm_SmallAreaLowGrayLevelEmphasis.nrrd,0.6694647809978665
4217,original_glszm_SizeZoneNonUniformityNormalized.nrrd,original_glszm_ZoneVariance.nrrd,0.584155260584204
4224,original_glszm_SmallAreaEmphasis.nrrd,original_glszm_SmallAreaLowGrayLevelEmphasis.nrrd,0.6597536775954527
4227,original_glszm_SmallAreaEmphasis.nrrd,original_glszm_ZoneVariance.nrrd,0.6122721045646377
4233,original_glszm_SmallAreaHighGrayLevelEmphasis.nrrd,original_glszm_SmallAreaLowGrayLevelEmphasis.nrrd,0.5693748414496661
4236,original_glszm_SmallAreaHighGrayLevelEmphasis.nrrd,original_glszm_ZoneVariance.nrrd,0.5544230022838175
4242,original_glszm_SmallAreaLowGrayLevelEmphasis.nrrd,original_glszm_ZoneEntropy.nrrd,0.6509981748218385
4243,original_glszm_SmallAreaLowGrayLevelEmphasis.nrrd,original_glszm_ZonePercentage.nrrd,0.6686976073213199
4244,original_glszm_SmallAreaLowGrayLevelEmphasis.nrrd,original_glszm_ZoneVariance.nrrd,0.3345369316740765
4245,original_glszm_SmallAreaLowGrayLevelEmphasis.nrrd,original_ngtdm_Busyness.nrrd,0.5787102510989021
4246,original_glszm_SmallAreaLowGrayLevelEmphasis.nrrd,original_ngtdm_Coarseness.nrrd,0.55978993042909
4247,original_glszm_SmallAreaLowGrayLevelEmphasis.nrrd,original_ngtdm_Complexity.nrrd,0.6857719144210902
4248,original_glszm_SmallAreaLowGrayLevelEmphasis.nrrd,original_ngtdm_Contrast.nrrd,0.6659203294933472
4249,original_glszm_SmallAreaLowGrayLevelEmphasis.nrrd,original_ngtdm_Strength.nrrd,0.7226128718714827
4251,original_glszm_ZoneEntropy.nrrd,original_glszm_ZoneVariance.nrrd,0.6279103883077845
4257,original_glszm_ZonePercentage.nrrd,original_glszm_ZoneVariance.nrrd,0.5510596955912904
4263,original_glszm_ZoneVariance.nrrd,original_ngtdm_Busyness.nrrd,0.6745868033658007
4264,original_glszm_ZoneVariance.nrrd,original_ngtdm_Coarseness.nrrd,0.6344408304830438
4265,original_glszm_ZoneVariance.nrrd,original_ngtdm_Complexity.nrrd,0.3140157429527547
4266,original_glszm_ZoneVariance.nrrd,original_ngtdm_Contrast.nrrd,0.4689524718531436
4267,original_glszm_ZoneVariance.nrrd,original_ngtdm_Strength.nrrd,0.4910042497799623
4269,original_ngtdm_Busyness.nrrd,original_ngtdm_Complexity.nrrd,0.7239237351074165
4272,original_ngtdm_Coarseness.nrrd,original_ngtdm_Complexity.nrrd,0.6058861326945008
